woiku	ͷοῖκυ	ͷοῖκυ	Pamphylian form of οἶκος (oîkos)	0
aien	αἰέν	αἰέν	Epic and Tragic form of ἀεί (aeí)	0
aigagrou	αἰγάγρου	αἴγαγρος	a wild goat	0
aigi	αἰγί	αἴξ	goat (especially a she-goat)	0
aigida	αἰγίδα	αἰγίς	the aegis	1
aigidion	αἰγίδιον	αἴξ	goat (especially a she-goat)	0
aigilops	αἰγίλωψ	αἰγίλωψ	haver-grass (Aegilops neglecta)	1
aigis	αἰγίς	αἰγίς	the aegis	1
aigialos	αἰγιαλός	αἰγιαλός	beach	0
aigoin	αἰγοῖν	αἴξ	goat (especially a she-goat)	0
aigoiin	αἰγοῖϊν	αἴξ	goat (especially a she-goat)	0
aigupios	αἰγυπιός	αἰγυπιός	vulture	0
aigolios	αἰγωλιός	αἰγωλιός	small kind of owl	0
aigos	αἰγός	αἴξ	goat (especially a she-goat)	0
aigon	αἰγῶν	αἴξ	goat (especially a she-goat)	0
aideomai	αἰδέομαι	αἰδέομαι	to be ashamed	0
aidiles	αἰδίλης	αἰδίλης	aedile (an official in Ancient Rome)	0
aidoi	αἰδοί	αἰδώς	shame	0
aidoie	αἰδοίη	αἰδοῖος	modest, bashful	0
aidoia	αἰδοῖα	αἰδοῖος	modest, bashful	0
aidoion	αἰδοῖον	αἰδοῖον	the genitals	0
aidoios	αἰδοῖος	αἰδοῖος	modest, bashful	0
aidous	αἰδοῦς	αἰδώς	shame	0
aidos	αἰδώς	αἰδώς	shame	0
aido	αἰδῶ	αἰδώς	shame	0
aiei	αἰεί	ἀεί	always	0
aizeos	αἰζηός	αἰζηός	vigorous (physically strong and active)	0
aizeon	αἰζηῶν	αἰζηός	vigorous (physically strong and active)	0
aithera	αἰθέρα	αἰθήρ	sky	0
aithere	αἰθέρε	αἰθήρ	sky	0
aitheri	αἰθέρι	αἰθήρ	sky	0
aitheros	αἰθέρος	αἰθήρ	sky	0
aither	αἰθήρ	αἰθήρ	sky	0
aithouse	αἰθούσῃ	αἴθουσα	portico, veranda	0
aikia	αἰκία	αἰκία	insult	0
aikizo	αἰκίζω	αἰκίζω	to maltreat, mistreat, injure, plague, torment	0
ailourou	αἰλούρου	αἴλουρος	cat	1
ailouro	αἰλούρω	αἴλουρος	cat	1
ailouron	αἰλούρων	αἴλουρος	cat	1
aina	αἰνά	αἰνός	horrible, dread, dreadful	0
aineo	αἰνέω	αἰνέω	to tell of	0
ainen	αἰνήν	αἰνός	horrible, dread, dreadful	0
ainetos	αἰνετός	αἰνετός	praiseworthy	0
ainon	αἰνόν	αἰνός	horrible, dread, dreadful	0
ainos	αἰνός	αἰνός	horrible, dread, dreadful	0
aines	αἰνῆς	αἰνός	horrible, dread, dreadful	0
aine	αἰνῇ	αἰνός	horrible, dread, dreadful	0
ainos	αἰνῶς	αἰνῶς	horribly, dreadfully	0
aixi	αἰξί	αἴξ	goat (especially a she-goat)	0
aixin	αἰξίν	αἴξ	goat (especially a she-goat)	0
aipen	αἰπήν	αἰπός	on a slope	0
aipeinos	αἰπεινός	αἰπεινός	high, steep	0
aipolia	αἰπόλια	αἰπόλιον	herd of goats	0
aipolion	αἰπόλιον	αἰπόλιον	herd of goats	0
aipolos	αἰπόλος	αἰπόλος	goatherd	0
aipos	αἰπός	αἰπός	on a slope	0
aipus	αἰπύς	αἰπύς	steep	0
aisalon	αἰσάλων	αἰσάλων	kind of hawk mentioned by Aristotle, perhaps the Bonelli's e	0
aiskhion	αἰσχίων	αἰσχρός	causing shame	0
aiskhoin	αἰσχοῖν	αἶσχος	shame	0
aiskhra	αἰσχρά	αἰσχρός	causing shame	0
aiskhran	αἰσχράν	αἰσχρός	causing shame	0
aiskhras	αἰσχράς	αἰσχρός	causing shame	0
aiskhre	αἰσχρέ	αἰσχρός	causing shame	0
aiskhrai	αἰσχραί	αἰσχρός	causing shame	0
aiskhroi	αἰσχροί	αἰσχρός	causing shame	0
aiskhrou	αἰσχροῦ	αἰσχρός	causing shame	0
aiskhron	αἰσχρόν	αἰσχρός	causing shame	0
aiskhros	αἰσχρός	αἰσχρός	causing shame	0
aiskhro	αἰσχρώ	αἰσχρός	causing shame	0
aiskhres	αἰσχρῆς	αἰσχρός	causing shame	0
aiskhros	αἰσχρῶς	αἰσχρῶς	shamefully, basely	0
aiskhoo	αἰσχόω	αἰσχόω	to make shameful, disgrace, dishonor	0
aiskhune	αἰσχύνη	αἰσχύνη	shame, disgrace	0
aiskhuno	αἰσχύνω	αἰσχύνω	to make ugly	0
aiskhon	αἰσχῶν	αἶσχος	shame	0
aiteo	αἰτέω	αἰτέω	to ask for, crave, demand, beg [with accusative ‘something’	0
aitia	αἰτία	αἰτία	charge, accusation, imputation, blame, guilt, fault	0
aitizo	αἰτίζω	αἰτίζω	to beg (for), importune	0
aitizon	αἰτίζων	αἰτίζω	to beg (for), importune	0
aitetos	αἰτητός	αἰτητός	asked for, requested	0
aikhma	αἰχμά	αἰχμή	point of a spear	0
aikhmazo	αἰχμάζω	αἰχμάζω	to throw or hurl a spear	0
aikhmas	αἰχμάς	αἰχμή	point of a spear	0
aikhme	αἰχμή	αἰχμή	point of a spear	0
aikhmen	αἰχμήν	αἰχμή	point of a spear	0
aikhmai	αἰχμαί	αἰχμή	point of a spear	0
aikhmain	αἰχμαῖν	αἰχμή	point of a spear	0
aikhmais	αἰχμαῖς	αἰχμή	point of a spear	0
aikhmes	αἰχμῆς	αἰχμή	point of a spear	0
aikhmon	αἰχμῶν	αἰχμή	point of a spear	0
aiolos	αἰόλος	αἰόλος	quick, nimble, swift	0
aion	αἰών	αἰών	lifetime	1
aionessi	αἰώνεσσι	αἰών	lifetime	1
aionios	αἰώνιος	αἰώνιος	age-long	0
aionon	αἰώνων	αἰών	lifetime	1
aiora	αἰώρα	αἰώρα	swing	0
aio	αἰῶ	αἰών	lifetime	1
aiona	αἰῶνα	αἰών	lifetime	1
aionas	αἰῶνας	αἰών	lifetime	1
aiones	αἰῶνες	αἰών	lifetime	1
aioni	αἰῶνι	αἰών	lifetime	1
aionos	αἰῶνος	αἰών	lifetime	1
aiosi	αἰῶσι	αἰών	lifetime	1
aiosin	αἰῶσιν	αἰών	lifetime	1
hai	αἱ	ὁ	the	0
aimasia	αἱμασιά	αἱμασιά	wall of dry stones	0
airesia	αἱρέσια	αἱρέσια	dues paid on discharge of cargoes	0
aireo	αἱρέω	αἱρέω	to take, grasp, seize	0
airesei	αἱρήσει	αἱρέω	to take, grasp, seize	0
aireseis	αἱρήσεις	αἱρέω	to take, grasp, seize	0
airesete	αἱρήσετε	αἱρέω	to take, grasp, seize	0
aireso	αἱρήσω	αἱρέω	to take, grasp, seize	0
airetizo	αἱρετίζω	αἱρετίζω	to choose, select	0
airetos	αἱρετός	αἱρετός	that may be taken or conquered	0
airei	αἱρεῖ	αἱρέω	to take, grasp, seize	0
aireis	αἱρεῖς	αἱρέω	to take, grasp, seize	0
aireite	αἱρεῖτε	αἱρέω	to take, grasp, seize	0
airoumen	αἱροῦμεν	αἱρέω	to take, grasp, seize	0
airo	αἱρῶ	αἱρέω	to take, grasp, seize	0
aigagros	αἴγαγρος	αἴγαγρος	a wild goat	0
aigeiros	αἴγειρος	αἴγειρος	black poplar (Populus nigra)	0
aigesi	αἴγεσι	αἴξ	goat (especially a she-goat)	0
aigesin	αἴγεσιν	αἴξ	goat (especially a she-goat)	0
aigessi	αἴγεσσι	αἴξ	goat (especially a she-goat)	0
aigessin	αἴγεσσιν	αἴξ	goat (especially a she-goat)	0
aigithos	αἴγιθος	αἴγιθος	common linnet (Linaria cannabina)	0
aigilos	αἴγιλος	αἰγίλωψ	haver-grass (Aegilops neglecta)	1
aiginos	αἴγινος	αἴγινος	of goat	0
aigle	αἴγλη	αἴγλη	light of the sun or moon	0
aideo	αἴδεο	αἴδομαι	Homeric form of αἰδέομαι (aidéomai)	0
aideto	αἴδετο	αἰδέομαι	to be ashamed	0
aidomai	αἴδομαι	αἴδομαι	Homeric form of αἰδέομαι (aidéomai)	0
aithalos	αἴθαλος	αἴθαλος	smoky flame and thick black smoke rising up from the sacked	0
aithe	αἴθε	εἴθε	if only (signifies a wish)	0
aithinos	αἴθινος	αἴθινος	blackish	0
aithopa	αἴθοπα	αἶθοψ	bright, sparkling, gleaming (especially of copper and iron	0
aithopi	αἴθοπι	αἶθοψ	bright, sparkling, gleaming (especially of copper and iron	0
aithopos	αἴθοπος	αἶθοψ	bright, sparkling, gleaming (especially of copper and iron	0
aithousa	αἴθουσα	αἴθουσα	portico, veranda	0
aithra	αἴθρα	αἴθρα	clear sky	0
aithrios	αἴθριος	αἴθριος	clear, bright, fair (of weather)	0
aithuia	αἴθυια	αἴθυια	a diving bird, perhaps the shearwater	0
aitho	αἴθω	αἴθω	to ignite, kindle, light	0
aithon	αἴθων	αἴθων	an instance of burning, blazing, lightning	0
aithona	αἴθωνα	αἴθων	an instance of burning, blazing, lightning	0
aithonas	αἴθωνας	αἴθων	an instance of burning, blazing, lightning	0
ailoure	αἴλουρε	αἴλουρος	cat	1
ailouroi	αἴλουροι	αἴλουρος	cat	1
ailouros	αἴλουρος	αἴλουρος	cat	1
ainesis	αἴνεσις	αἴνεσις	praise	0
ainigma	αἴνιγμα	αἴνιγμα	riddle	1
ainumai	αἴνυμαι	αἴνυμαι	to take, take off, take hold of	0
ainuto	αἴνυτο	αἴνυμαι	to take, take off, take hold of	0
aix	αἴξ	αἴξ	goat (especially a she-goat)	0
airinos	αἴρινος	αἴρινος	of darnel	0
airo	αἴρω	ἀείρω	to lift up, raise, support	0
aisakos	αἴσακος	αἴσακος	A branch of myrtle or laurel	0
aisimos	αἴσιμος	αἴσιμος	destined	0
aisula	αἴσυλα	αἴσυλος	unseemly, evil, impious	0
aisulos	αἴσυλος	αἴσυλος	unseemly, evil, impious	0
aiskhea	αἴσχεα	αἶσχος	shame	0
aiskhei	αἴσχει	αἶσχος	shame	0
aiskhesi	αἴσχεσι	αἶσχος	shame	0
aiskhe	αἴσχη	αἶσχος	shame	0
aiskhous	αἴσχους	αἶσχος	shame	0
aitema	αἴτημα	αἴτημα	request, demand	0
aitesis	αἴτησις	αἴτησις	a request, demand	0
aitioi	αἴτιοι	αἴτιος	causing, being the author of, responsible for	0
aitios	αἴτιος	αἴτιος	causing, being the author of, responsible for	0
hai	αἵ	ὅ	who	0
aide	αἵδε	ὅδε	this	0
airesis	αἵρεσις	αἵρεσις	taking, receiving	0
aiga	αἶγα	αἴξ	goat (especially a she-goat)	0
aigas	αἶγας	αἴξ	goat (especially a she-goat)	0
aige	αἶγε	αἴξ	goat (especially a she-goat)	0
aiges	αἶγες	αἶγες	waves	0
aithos	αἶθος	αἶθος	heat, fire	0
aithops	αἶθοψ	αἶθοψ	bright, sparkling, gleaming (especially of copper and iron	0
aithros	αἶθρος	αἶθρος	the clear chill air (of morning)	0
aiklon	αἶκλον	αἶκλον	evening meal at Sparta	0
ainos	αἶνος	αἶνος	tale	0
aira	αἶρα	αἶρα	ryegrass, darnel (Lolium temulentum)	0
aisa	αἶσα	αἶσα	destiny, fate	0
aiskhos	αἶσχος	αἶσχος	shame	0
aipsa	αἶψα	αἶψα	quickly, all of a sudden	0
aima	αἷμα	αἷμα	blood	1
ain	αἷν	ὅς	this	0
ais	αἷς	ὅς	this	0
aisper	αἷσπερ	ὅσπερ	the very man who, the very thing which	0
aiin	αἷϊν	ὅς	this	0
augas	αὐγάς	αὐγή	light of the sun, sunlight	0
auge	αὐγή	αὐγή	light of the sun, sunlight	0
audas	αὐδάς	αὐδή	human voice	0
audao	αὐδάω	αὐδάω	to speak	0
aude	αὐδή	αὐδή	human voice	0
audeeis	αὐδήεις	αὐδήεις	speaking with a human voice	0
audeessa	αὐδήεσσα	αὐδήεις	speaking with a human voice	0
auden	αὐδήν	αὐδή	human voice	0
audesas	αὐδήσας	αὐδάω	to speak	0
audeso	αὐδήσω	αὐδάω	to speak	0
audan	αὐδᾶν	αὐδάω	to speak	0
auda	αὐδᾷ	αὐδάω	to speak	0
audo	αὐδῶ	αὐδάω	to speak	0
audomai	αὐδῶμαι	αὐδάω	to speak	0
audon	αὐδῶν	αὐδάω	to speak	0
auetes	αὐετές	αὐετές	in the same year	0
auetesi	αὐετέσι	αὐετής	of the same year	0
auetesin	αὐετέσιν	αὐετής	of the same year	0
auetes	αὐετής	αὐετής	of the same year	0
auetei	αὐετεῖ	αὐετής	of the same year	0
aueteis	αὐετεῖς	αὐετής	of the same year	0
auetoin	αὐετοῖν	αὐετής	of the same year	0
auetous	αὐετοῦς	αὐετής	of the same year	0
auete	αὐετῆ	αὐετής	of the same year	0
aueton	αὐετῶν	αὐετής	of the same year	0
aule	αὐλέ	αὐλός	any pipe-shaped instrument	0
auleo	αὐλέω	αὐλέω	to play on the flute	0
aule	αὐλή	αὐλή	open court, courtyard	0
aulen	αὐλήν	αὐλή	open court, courtyard	0
aulaia	αὐλαία	αὐλαία	curtain, especially in the theatre	0
aulein	αὐλεῖν	αὐλέω	to play on the flute	0
auleta	αὐλητά	αὐλητής	a flute-player, flautist	1
auletas	αὐλητάς	αὐλητής	a flute-player, flautist	1
auleten	αὐλητήν	αὐλητής	a flute-player, flautist	1
auletes	αὐλητής	αὐλητής	a flute-player, flautist	1
auletai	αὐληταί	αὐλητής	a flute-player, flautist	1
auletain	αὐληταῖν	αὐλητής	a flute-player, flautist	1
auletais	αὐληταῖς	αὐλητής	a flute-player, flautist	1
auletou	αὐλητοῦ	αὐλητής	a flute-player, flautist	1
auletris	αὐλητρίς	αὐλητρίς	A flute-girl in ancient Greece, whose services may also have	1
aulete	αὐλητῇ	αὐλητής	a flute-player, flautist	1
auleton	αὐλητῶν	αὐλητής	a flute-player, flautist	1
aulikos	αὐλικός	αὐλικός	of the court, courtier-like	0
auloi	αὐλοί	αὐλός	any pipe-shaped instrument	0
aulous	αὐλούς	αὐλός	any pipe-shaped instrument	0
auloin	αὐλοῖν	αὐλός	any pipe-shaped instrument	0
aulois	αὐλοῖς	αὐλός	any pipe-shaped instrument	0
aulou	αὐλοῦ	αὐλός	any pipe-shaped instrument	0
aulopias	αὐλωπίας	αὐλωπίας	unknown kind of fish, perhaps	0
aulon	αὐλόν	αὐλός	any pipe-shaped instrument	0
aulos	αὐλός	αὐλός	any pipe-shaped instrument	0
aulo	αὐλώ	αὐλός	any pipe-shaped instrument	0
aules	αὐλῆς	αὐλή	open court, courtyard	0
aulodos	αὐλῳδός	αὐλῳδός	one who sings to the flute	0
auxano	αὐξάνω	αὐξάνω	to make grow, increase	0
austeros	αὐστηρός	αὐστηρός	astringent, lending to a dry mouthfeel (usually translated a	0
auta	αὐτά	αὐτός	self	0
autar	αὐτάρ	αὐτάρ	but, however, besides, moreover	0
autarke	αὐτάρκη	αὐτάρκης	self-sufficient (able to provide for oneself independently o	1
autarkes	αὐτάρκης	αὐτάρκης	self-sufficient (able to provide for oneself independently o	1
autas	αὐτάς	αὐτός	self	0
autaon	αὐτάων	αὐτός	self	0
aute	αὐτέ	αὐτός	self	0
auteain	αὐτέαιν	αὐτός	self	0
auteen	αὐτέην	αὐτός	self	0
autees	αὐτέης	αὐτός	self	0
auteoin	αὐτέοιν	αὐτός	self	0
auteois	αὐτέοις	αὐτός	self	0
auteoisi	αὐτέοισι	αὐτός	self	0
auteou	αὐτέου	αὐτός	self	0
auteous	αὐτέους	αὐτός	self	0
auteon	αὐτέων	αὐτός	self	0
autee	αὐτέῃ	αὐτός	self	0
auteesi	αὐτέῃσι	αὐτός	self	0
auteesin	αὐτέῃσιν	αὐτός	self	0
auteo	αὐτέῳ	αὐτός	self	0
auten	αὐτήν	αὐτός	self	0
autika	αὐτίκα	αὐτίκα	at once	0
autai	αὐταί	αὐτός	self	0
autain	αὐταῖν	αὐτός	self	0
autais	αὐταῖς	αὐτός	self	0
autaiin	αὐταῖϊν	αὐτός	self	0
autoi	αὐτοί	αὐτός	self	0
autonomo	αὐτονόμῳ	αὐτόνομος	subject only to one's own laws, independent (of people and s	1
autopsia	αὐτοψία	αὐτοψία	seeing with one's own eyes	0
autous	αὐτούς	αὐτός	self	0
autoin	αὐτοῖν	αὐτός	self	0
autoio	αὐτοῖο	αὐτός	self	0
autois	αὐτοῖς	αὐτός	self	0
autoisi	αὐτοῖσι	αὐτός	self	0
autoisin	αὐτοῖσιν	αὐτός	self	0
autoiin	αὐτοῖϊν	αὐτός	self	0
autou	αὐτοῦ	αὐτοῦ	here, there	0
auto	αὐτό	αὐτός	self	0
autothen	αὐτόθεν	αὐτόθεν	from that very place	0
autothi	αὐτόθι	αὐτόθι	on the spot	0
auton	αὐτόν	αὐτός	self	0
autoptes	αὐτόπτης	αὐτόπτης	eyewitness	0
autos	αὐτός	αὐτός	self	0
autose	αὐτόσε	αὐτόσε	thither, to the very place	0
autes	αὐτῆς	αὐτός	self	0
autesi	αὐτῇσι	αὐτός	self	0
autesin	αὐτῇσιν	αὐτός	self	0
autein	αὐτῇϊν	αὐτός	self	0
aukhena	αὐχένα	αὐχήν	neck	0
aukhenas	αὐχένας	αὐχήν	neck	0
aukhenes	αὐχένες	αὐχήν	neck	0
aukheni	αὐχένι	αὐχήν	neck	0
aukhenos	αὐχένος	αὐχήν	neck	0
aukhenon	αὐχένων	αὐχήν	neck	0
aukhesi	αὐχέσι	αὐχήν	neck	0
aukhesin	αὐχέσιν	αὐχήν	neck	0
aukhen	αὐχήν	αὐχήν	neck	0
aukhmoi	αὐχμοί	αὐχμός	drought, dearth	0
aukhmos	αὐχμός	αὐχμός	drought, dearth	0
autou	αὑτοῦ	ἑαυτοῦ	himself	0
autos	αὑτός	αὑτός	the same	0
augour	αὔγουρ	αὔγουρ	augur (Roman diviner)	0
aulion	αὔλιον	αὔλιον	cottage	0
aulios	αὔλιος	αὔλιος	belonging to the sheepfold	0
auxesin	αὔξησιν	αὔξησις	growth, increase	1
auxesis	αὔξησις	αὔξησις	growth, increase	1
auximos	αὔξιμος	αὔξιμος	promoting or supporting growth	0
auxo	αὔξω	αὐξάνω	to make grow, increase	0
aura	αὔρα	αὔρα	cool air in motion, breeze, fresh air of the morning	0
aurion	αὔριον	αὔριον	tomorrow	0
auspix	αὔσπιξ	αὔσπιξ	auspex	0
autos	αὔτως	αὔτως	just so	0
auo	αὔω	αὔω	to shout, call	0
auos	αὔως	ἠώς	The morning red, daybreak, dawn	0
aute	αὕτη	οὗτος	this	0
auo	αὕω	αὕω	to dry	0
aue	αὖε	αὔω	to shout, call	0
authi	αὖθι	αὐτόθι	on the spot	0
authis	αὖθις	αὖθις	back, back again	0
aulax	αὖλαξ	αὖλαξ	furrow	0
aulis	αὖλις	αὖλις	tent or place for passing the night in, bivouac	0
auos	αὖος	αὖος	dry (of timber), dried (of fruit), withered (of leaves)	0
aute	αὖτε	αὖτε	again	0
autis	αὖτις	αὖτις	back (to a previous place)	0
autai	αὗται	οὗτος	this	0
babax	βάβαξ	βάβαξ	chatterer	1
baden	βάδην	βάδην	step-by-step	0
badios	βάδιος	βάδιος	child	0
badisma	βάδισμα	βάδισμα	A walk, a gait	0
bazo	βάζω	βάζω	to speak	0
bathos	βάθος	βάθος	extension in space	0
bathron	βάθρον	βάθρον	that on which anything steps or stands	0
bakelos	βάκηλος	βάκηλος	gallus, one of the priests of Cybele in Phrygia that typical	0
bakkaris	βάκκαρις	βάκκαρις	wild spikenard (Asarum europaeum)	0
baktron	βάκτρον	βάκτρον	staff, stick, cudgel	0
balagros	βάλαγρος	βάλαγρος	sort of freshwater fish, perhaps a kind of carp	0
balanos	βάλανος	βάλανος	acorn	1
balaris	βάλαρις	βάλαρις	rose campion (Silene coronaria, syn	0
balate	βάλατε	βάλλω	to throw, cast, hurl	0
bale	βάλε	βάλλω	to throw, cast, hurl	0
balen	βάλεν	βάλλω	to throw, cast, hurl	0
balete	βάλετε	βάλλω	to throw, cast, hurl	0
baleto	βάλετο	βάλλω	to throw, cast, hurl	0
balleo	βάλλεο	βάλλω	to throw, cast, hurl	0
ballis	βάλλις	βάλλις	a plant with wonderful medicinal properties	0
ballon	βάλλον	βάλλω	to throw, cast, hurl	0
ballo	βάλλω	βάλλω	to throw, cast, hurl	0
baloi	βάλοι	βάλλω	to throw, cast, hurl	0
balon	βάλον	βάλλω	to throw, cast, hurl	0
balsamon	βάλσαμον	βάλσαμον	Arabian balsam tree (Commiphora gileadensis)	0
balo	βάλω	βάλλω	to throw, cast, hurl	0
bambax	βάμβαξ	βάμβαξ	cotton	0
bamen	βάμεν	βαίνω	to go	0
ban	βάν	βαίνω	to go	0
banausos	βάναυσος	βάναυσος	artisanal, handmade, handcrafted	0
baptisma	βάπτισμα	βάπτισμα	baptism	0
bapto	βάπτω	βάπτω	to dip	0
barakos	βάρακος	βάρακος	kind of freshwater fish, perhaps similar to a perch	0
barbaron	βάρβαρον	βάρβαρος	non-Greek-speaking	1
barbaros	βάρβαρος	βάρβαρος	non-Greek-speaking	1
barbiton	βάρβιτον	βάρβιτος	barbitos (stringed musical instrument)	1
barbitos	βάρβιτος	βάρβιτος	barbitos (stringed musical instrument)	1
barema	βάρημα	βάρημα	A burden, a load	0
baris	βᾶρις	βᾶρις	baris (a type of flat-bottomed freighter used on the Nile in	1
baros	βάρος	βάρος	weight	1
baruka	βάρυκα	βάρυκα	genitals (in Taranto)	0
bas	βάς	βαίνω	to go	0
basan	βάσαν	βαίνω	to go	0
basanos	βάσανος	βάσανος	gold touchstone (stone which is rubbed on gold to ascertain	0
basis	βάσις	βάσις	stepping, step	0
baskanos	βάσκανος	βάσκανος	slanderous, envious, malignant, malicious	0
baskein	βάσκειν	βάσκειν	λέγειν, κακολογεῖν, καὶ ἀνίστασθαι (légein, kakologeîn, kaì	0
basko	βάσκω	βάσκω	to come	0
bastagma	βάσταγμα	βάσταγμα	A load	0
batalos	βάταλος	βάταλος	anus	0
baten	βάτην	βαίνω	to go	0
batos	βάτος	βάτος	blackberry (Rubus ulmifolius)	1
bebaia	βέβαια	βέβαιος	firm, steady	0
bebaiai	βέβαιαι	βέβαιος	firm, steady	0
bebaioi	βέβαιοι	βέβαιος	firm, steady	0
bebaion	βέβαιον	βέβαιος	firm, steady	0
bebaios	βέβαιος	βέβαιος	firm, steady	0
bebeka	βέβηκα	βαίνω	to go	0
bebelos	βέβηλος	βέβηλος	allowed to be gone through	0
bebleka	βέβληκα	βάλλω	to throw, cast, hurl	0
bebletai	βέβληται	βάλλω	to throw, cast, hurl	0
bekos	βέκος	βέκος	bread	0
belei	βέλει	βέλος	missile, arrow, dart	0
belekkos	βέλεκκος	βέλεκκος	kind of pulse	0
belemnon	βέλεμνον	βέλεμνον	dart, javelin	1
belesi	βέλεσι	βέλος	missile, arrow, dart	0
belesin	βέλεσιν	βέλος	missile, arrow, dart	0
belos	βέλος	βέλος	missile, arrow, dart	0
bembix	βέμβιξ	βέμβιξ	spinning top	0
benthos	βένθος	βένθος	depth	0
bergai	βέργαι	βέργαι	virgae, twigs, sticks	0
beredos	βέρεδος	βέρεδος	veredus, posthorse	0
bemen	βήμεν	βαίνω	to go	0
bemenai	βήμεναι	βαίνω	to go	0
bex	βήξ	βήξ	cough	0
berex	βήρηξ	βήρηξ	kind of loaf or cake made of barley	0
berullos	βήρυλλος	βήρυλλος	beryl	1
beseis	βήσεις	βαίνω	to go	0
besetai	βήσεται	βαίνω	to go	0
beseto	βήσετο	βαίνω	to go	0
besomai	βήσομαι	βαίνω	to go	0
besomen	βήσομεν	βαίνω	to go	0
besontai	βήσονται	βαίνω	to go	0
bessalon	βήσσαλον	βήσσαλον	brick	0
besso	βήσσω	βήσσω	to cough	0
besses	βήσσῃς	βήσσω	to cough	0
beso	βήσω	βαίνω	to go	0
bese	βήσῃ	βαίνω	to go	0
beten	βήτην	βαίνω	to go	0
betto	βήττω	βήσσω	to cough	0
bekhion	βήχιον	βήχιον	coltsfoot (Tussilago farfara)	0
bia	βία	βία	bodily strength	0
biaios	βίαιος	βίαιος	forcible, violent	0
billos	βίλλος	βίλλος	pudendum virile, the genitals of a man	0
bios	βίος	βίος	life (often with a positive connotation	1
biotos	βίοτος	βίοτος	life	0
birros	βίρρος	βίρρος	type of cloak or mantle	0
bisbe	βίσβη	βίσβη	pruning hook, billhook	0
bia	βίᾳ	βίᾳ	forcefully	0
baiessa	βαίεσσα	βαίεσσα	bunch of grapes	0
baie	βαίη	βαίνω	to go	0
baiemen	βαίημεν	βαίνω	to go	0
baien	βαίην	βαίνω	to go	0
baies	βαίης	βαίνω	to go	0
baiete	βαίητε	βαίνω	to go	0
bainei	βαίνει	βαίνω	to go	0
bainein	βαίνειν	βαίνω	to go	0
baineis	βαίνεις	βαίνω	to go	0
bainetai	βαίνεται	βαίνω	to go	0
baineton	βαίνετον	βαίνω	to go	0
bainoi	βαίνοι	βαίνω	to go	0
bainoien	βαίνοιεν	βαίνω	to go	0
bainoimi	βαίνοιμι	βαίνω	to go	0
bainois	βαίνοις	βαίνω	to go	0
bainoite	βαίνοιτε	βαίνω	to go	0
bainomai	βαίνομαι	βαίνω	to go	0
bainomen	βαίνομεν	βαίνω	to go	0
bainousi	βαίνουσι	βαίνω	to go	0
baino	βαίνω	βαίνω	to go	0
bainon	βαίνων	βαίνω	to go	0
bainosi	βαίνωσι	βαίνω	to go	0
bainosin	βαίνωσιν	βαίνω	to go	0
baine	βαίνῃ	βαίνω	to go	0
baines	βαίνῃς	βαίνω	to go	0
baite	βαίτη	βαίτη	coat of skins worn by shepherds or peasants	0
baitulos	βαίτυλος	βαίτυλος	baetyl (a meteorite or similar-looking rough stone thought t	1
babai	βαβαί	βαβαί	wow! (an expression of surprise or amazement)	0
baggelio	βαγγέλιο	βαγγέλιο	apheretic form of εὐαγγέλιον (euangélion, “gospel”)	0
badizo	βαδίζω	βαδίζω	to go, to go about	0
bathea	βαθέα	βαθύς	being a large vertical distance from	1
batheon	βαθέων	βαθύς	being a large vertical distance from	1
batheias	βαθείας	βαθύς	being a large vertical distance from	1
batheion	βαθειῶν	βαθύς	being a large vertical distance from	1
batheian	βαθεῖαν	βαθύς	being a large vertical distance from	1
bathme	βαθμέ	βαθμός	step	0
bathmis	βαθμίς	βαθμίς	step or threshold	0
bathmoi	βαθμοί	βαθμός	step	0
bathmous	βαθμούς	βαθμός	step	0
bathmos	βαθμός	βαθμός	step	0
bathun	βαθύν	βαθύς	being a large vertical distance from	1
bathuno	βαθύνω	βαθύνω	to deepen, hollow out, dig	0
bathus	βαθύς	βαθύς	being a large vertical distance from	1
baineto	βαινέτω	βαίνω	to go	0
baios	βαιός	βαιός	little, small	0
bakteria	βακτηρία	βακτηρία	rod, staff, cane	0
bakkheia	βακχεία	βακχεία	Bacchic frenzy, revelry	0
balaneus	βαλανεύς	βαλανεύς	bathman	0
balbis	βαλβίς	βαλβίς	rope drawn across the racecourse signalling the starting and	0
balios	βαλιός	βαλιός	spotted, dappled, mottled	0
ballen	βαλλήν	βαλλήν	king	0
ballizo	βαλλίζω	βαλλίζω	to dance, jump about	0
ballote	βαλλωτή	βαλλωτή	black horehound (Ballota nigra)	0
bambaino	βαμβαίνω	βαμβαίνω	to chatter with the teeth, stammer	0
baptizo	βαπτίζω	βαπτίζω	to dip, plunge	0
barakine	βαρακίνη	βαρακίνη	thistle	0
barbara	βαρβάρα	βαρβάρα	a certain kind of plaster	0
barbarou	βαρβάρου	βάρβαρος	non-Greek-speaking	1
barbitou	βαρβίτου	βάρβιτος	barbitos (stringed musical instrument)	1
barden	βαρδῆν	βαρδῆν	to coerce, rape women	0
bareia	βαρεῖα	βαρεῖα	baria (the grave accent, indicating low or normal pitch)	1
baruno	βαρύνω	βαρύνω	to weigh down, oppress, depress	0
barus	βαρύς	βαρύς	heavy	0
barutes	βαρύτης	βαρύτης	weight, heaviness	1
basileia	βασίλεια	βασίλεια	queen	0
basileue	βασίλευε	βασιλεύω	to be king, to rule, reign as king	0
basanizo	βασανίζω	βασανίζω	to rub gold upon the touchstone	0
basilea	βασιλέα	βασιλεύς	chief, master	1
basileas	βασιλέας	βασιλεύς	chief, master	1
basileon	βασιλέων	βασιλεύς	chief, master	1
basileia	βασιλεία	βασιλεία	A kingdom, a dominion	0
basileus	βασιλεύς	βασιλεύς	chief, master	1
basileuo	βασιλεύω	βασιλεύω	to be king, to rule, reign as king	0
basilika	βασιλικά	βασιλικός	royal, kingly, regal	1
basileos	βασιλῆος	βασιλεύς	chief, master	1
baskas	βασκᾶς	βασκᾶς	kind of duck	0
bassara	βασσάρα	βασσάρα	fox (Vulpes vulpes)	0
bastazo	βαστάζω	βαστάζω	to lift, lift up, raise	0
bastage	βασταγή	βασταγή	transport	0
basunias	βασυνίας	βασυνίας	kind of cake made with flour and honey	0
batis	βατίς	βατίς	kind of flatfish, perhaps the skate or ray	0
batiake	βατιάκη	βατιάκη	kind of cup	0
batos	βατός	βατός	passable	0
baubon	βαυβών	βαυβών	dildo	0
baukale	βαυκάλη	βαυκάλη	cradle	0
baukos	βαυκός	βαυκός	affected, prudish	0
baphe	βαφή	βαφή	a dipping	0
bapheus	βαφεύς	βαφεύς	dyer	0
baphikos	βαφικός	βαφικός	fit for dyeing, tinctorial	0
bau	βαύ	βαύ	bark! woof!	0
baukalis	βαύκαλις	βαύκαλις	vessel for cooling wine or water	1
baibux	βαῖβυξ	βαῖβυξ	pelican (Pelecanus onocrotalus)	0
baimen	βαῖμεν	βαίνω	to go	0
baite	βαῖτε	βαίνω	to go	0
baunos	βαῦνος	βαῦνος	furnace, forge	0
bdallo	βδάλλω	βδάλλω	to milk (to extract milk from cows)	0
bdella	βδέλλα	βδέλλα	leech (a blood-sucking annelid of the subclass Hirudinea)	1
bdellion	βδέλλιον	βδέλλιον	bdellium, an aromatic gum obtained from Commiphora africana	0
bdelugma	βδέλυγμα	βδέλυγμα	horror, abomination (horrific thing or act)	0
bdesma	βδέσμα	βδέσμα	stench	0
bdeo	βδέω	βδέω	to break wind, fart	0
bdeluros	βδελυρός	βδελυρός	disgusting, loathsome, repulsive, repugnant	1
bebekei	βεβήκει	βαίνω	to go	0
bebaiain	βεβαίαιν	βέβαιος	firm, steady	0
bebaiais	βεβαίαις	βέβαιος	firm, steady	0
bebaian	βεβαίαν	βέβαιος	firm, steady	0
bebaias	βεβαίας	βέβαιος	firm, steady	0
bebaioin	βεβαίοιν	βέβαιος	firm, steady	0
bebaiois	βεβαίοις	βέβαιος	firm, steady	0
bebaiou	βεβαίου	βέβαιος	firm, steady	0
bebaious	βεβαίους	βέβαιος	firm, steady	0
bebaio	βεβαίω	βέβαιος	firm, steady	0
bebaios	βεβαίως	βεβαίως	constantly, without interruption	0
bebaioo	βεβαιόω	βεβαιόω	to confirm, assure, secure	0
bebaioso	βεβαιώσω	βεβαιόω	to confirm, assure, secure	0
bebekos	βεβηκώς	βαίνω	to go	0
beblekei	βεβλήκει	βάλλω	to throw, cast, hurl	0
bebros	βεβρός	βεβρός	stupid, idiotic, moronic	0
beleessi	βελέεσσι	βέλος	missile, arrow, dart	0
beleon	βελέων	βέλος	missile, arrow, dart	0
beloin	βελοῖν	βέλος	missile, arrow, dart	0
beltion	βελτίων	ἀγαθός	good	0
beltioo	βελτιόω	βελτιόω	to improve	0
belone	βελόνη	βελόνη	needle	0
belon	βελῶν	βέλος	missile, arrow, dart	0
belos	βηλός	βηλός	threshold, the bottom-most part of a doorway	0
biazetai	βιάζηται	βιάζομαι	to use force	0
biazomai	βιάζομαι	βιάζομαι	to use force	0
biasteos	βιαστέος	βιαστέος	that must overpower or be overpowered	0
biastes	βιαστής	βιαστής	violent person	0
bibazo	βιβάζω	βιβάζω	to cause to mount	0
biblia	βιβλία	βιβλίον	strip of papyrus	1
biblion	βιβλίον	βιβλίον	strip of papyrus	1
bibliou	βιβλίου	βιβλίον	strip of papyrus	1
bibrosko	βιβρώσκω	βιβρώσκω	to eat, eat up	0
bizakion	βιζάκιον	βιζάκιον	small stone, pebble	0
bineo	βινέω	βινέω	to fuck (someone) (to have sex with (someone))	0
binetiao	βινητιάω	βινητιάω	to want to fuck	0
bioteuo	βιοτεύω	βιοτεύω	to live	0
biotikos	βιωτικός	βιωτικός	of or pertaining to life	1
bios	βιός	βιός	bow	0
bioo	βιόω	βιόω	to live	0
blabe	βλάβη	βλάβη	hurt, harm, damage, mischief	0
blamma	βλάμμα	βλάμμα	harm, damage	0
blax	βλάξ	βλάξ	slack	0
blapto	βλάπτω	βλάπτω	to disable	0
blastema	βλάστημα	βλάστημα	sprout, shoot	1
blenna	βλέννα	βλέννα	mucus	0
blepe	βλέπε	βλέπω	to look at	0
blepei	βλέπει	βλέπω	to look at	0
blepomen	βλέπομεν	βλέπω	to look at	0
blepo	βλέπω	βλέπω	to look at	0
blemenos	βλήμενος	βάλλω	to throw, cast, hurl	0
blekhon	βλήχων	βλήχων	pennyroyal	0
blisso	βλίσσω	βλίσσω	to cut off combs of honey, take honey, squeeze honey	0
bliton	βλίτον	βλίτον	purple amaranth (Amaranthus blitum)	1
blaberos	βλαβερός	βλαβερός	harmful, pernicious	0
bladus	βλαδύς	βλαδύς	weak	0
blaisos	βλαισός	βλαισός	splay-footed, having abnormally flat feet	0
blastano	βλαστάνω	βλαστάνω	to sprout, bud, begin to grow	0
blastos	βλαστός	βλαστός	sprout, shoot, bud	1
blaute	βλαύτη	βλαύτη	kind of sandal or elegant slipper	0
blennos	βλεννός	βλεννός	driveling, foolish, stupid	0
blestas	βληστάς	βληστάς	terrestrial scorpion	0
blekha	βληχά	βληχή	bleat	0
blekhas	βληχάς	βληχάς	bleater (one who bleats)	0
blekhaon	βληχάων	βληχή	bleat	0
blekheon	βληχέων	βληχή	bleat	0
blekhe	βληχή	βληχή	bleat	0
blekhen	βληχήν	βληχή	bleat	0
blekhai	βληχαί	βληχή	bleat	0
blekhain	βληχαῖν	βληχή	bleat	0
blekhais	βληχαῖς	βληχή	bleat	0
blekhes	βληχῆς	βληχή	bleat	0
blekhesi	βληχῇσι	βληχή	bleat	0
blekhon	βληχῶν	βληχή	bleat	0
blosuros	βλοσυρός	βλοσυρός	hairy, shaggy, bristling	0
blothros	βλωθρός	βλωθρός	high, tall, elongated	0
blomos	βλωμός	βλωμός	morsel of bread	0
blokhon	βλόχον	βλόχον	bdellium	0
bluzo	βλύζω	βλύζω	to bubble or gush forth	0
blusis	βλύσις	βλύσις	bubbling	0
bluo	βλύω	βλύζω	to bubble or gush forth	0
blosko	βλώσκω	βλώσκω	come, go	0
blema	βλῆμα	βλῆμα	a throw, cast of dice	0
bletron	βλῆτρον	βλῆτρον	fastening	0
blekhnon	βλῆχνον	βλῆχνον	male fern, aspidium, any fern of the species Dryopteris fili	0
boi	βοΐ	βοῦς	cow, ox, cattle	0
boa	βοά	βοή	shout	0
boas	βοάς	βοή	shout	0
boao	βοάω	βοάω	to shout	0
boaon	βοάων	βοάω	to shout	0
boe	βοή	βοή	shout	0
boethei	βοήθει	βοηθέω	to help somebody, aid, assist	0
boetheia	βοήθεια	βοήθεια	aid, help, assistance	0
boen	βοήν	βοή	shout	0
boesas	βοήσας	βοάω	to shout	0
boai	βοαί	βοή	shout	0
boain	βοαῖν	βοή	shout	0
boais	βοαῖς	βοή	shout	0
boeias	βοείας	βόειος	bovine (pertaining to cows and oxen)	0
boeie	βοείη	βοείη	oxhide, cowhide	0
boeien	βοείην	βόειος	bovine (pertaining to cows and oxen)	0
boetheo	βοηθέω	βοηθέω	to help somebody, aid, assist	0
boetheso	βοηθήσω	βοηθέω	to help somebody, aid, assist	0
boethein	βοηθεῖν	βοηθέω	to help somebody, aid, assist	0
boethoi	βοηθοί	βοηθός	assisting, auxiliary	0
boethous	βοηθούς	βοηθός	assisting, auxiliary	0
boethoos	βοηθόος	βοηθόος	heeding the call to arms, rushing to battle	0
boethos	βοηθός	βοηθός	assisting, auxiliary	0
boetho	βοηθῶ	βοηθέω	to help somebody, aid, assist	0
boethon	βοηθῶν	βοηθέω	to help somebody, aid, assist	0
bothrion	βοθρίον	βοθρίον	small trench to set plants in	0
boios	βοιός	βοῦς	cow, ox, cattle	0
bole	βολή	βολή	stroke or wound of a missile	0
bolida	βολίδα	βολίς	javelin, dart	0
bolidas	βολίδας	βολίς	javelin, dart	0
bolides	βολίδες	βολίς	javelin, dart	0
bolidon	βολίδων	βολίς	javelin, dart	0
bolize	βολίζη	βολίζη	female slave in Crete	0
bolis	βολίς	βολίς	javelin, dart	0
bolbos	βολβός	βολβός	bulb of various plants, especially onion	0
bombax	βομβάξ	βομβάξ	buzz!	0
booeides	βοοειδής	βοοειδής	of a cow, cow-shaped	0
booin	βοοῖν	βοῦς	cow, ox, cattle	0
booiin	βοοῖϊν	βοῦς	cow, ox, cattle	0
bora	βορά	βορά	food, meat, properly of carnivorous beasts	0
boreiou	βορείου	βόρειος	northern (from the quarter of the north wind)	0
boreio	βορείω	βόρειος	northern (from the quarter of the north wind)	0
bosi	βοσί	βοῦς	cow, ox, cattle	0
bosin	βοσίν	βοῦς	cow, ox, cattle	0
botane	βοτάνη	βοτάνη	grass, fodder, pasture	0
boter	βοτήρ	βοτήρ	herdsman	0
boteresi	βοτήρεσι	βοτήρ	herdsman	0
boteroin	βοτήροιν	βοτήρ	herdsman	0
boteron	βοτήρων	βοτήρ	herdsman	0
botera	βοτῆρα	βοτήρ	herdsman	0
boteras	βοτῆρας	βοτήρ	herdsman	0
botere	βοτῆρε	βοτήρ	herdsman	0
boteres	βοτῆρες	βοτήρ	herdsman	0
boteri	βοτῆρι	βοτήρ	herdsman	0
boteros	βοτῆρος	βοτήρ	herdsman	0
botersi	βοτῆρσι	βοτήρ	herdsman	0
botersin	βοτῆρσιν	βοτήρ	herdsman	0
boubon	βουβών	βουβών	groin, abdomen	0
boubonos	βουβῶνος	βουβών	groin, abdomen	0
boudoros	βουδόρος	βουδόρος	flaying oxen	0
boukole	βουκόλε	βουκόλος	A person who tends cattle	1
boukoloi	βουκόλοι	βουκόλος	A person who tends cattle	1
boukolon	βουκόλον	βουκόλος	A person who tends cattle	1
boukolos	βουκόλος	βουκόλος	A person who tends cattle	1
boukolou	βουκόλου	βουκόλος	A person who tends cattle	1
boukolo	βουκόλω	βουκόλος	A person who tends cattle	1
boula	βουλά	βουλή	will	0
boulas	βουλάς	βουλή	will	0
bouleon	βουλέων	βουλή	will	0
boule	βουλή	βουλή	will	0
boulen	βουλήν	βουλή	will	0
boulesei	βουλήσει	βούλησις	will, intention, purpose	0
boulese	βουλήσῃ	βούλομαι	to will, wish, be willing, want [with accusative ‘something’	0
boulai	βουλαί	βουλή	will	0
boulain	βουλαῖν	βουλή	will	0
boulais	βουλαῖς	βουλή	will	0
bouleuta	βουλευτά	βουλευτής	councillor, senator, bouleutes	0
bouleuo	βουλεύω	βουλεύω	to take counsel, deliberate, concert measures	0
boulethe	βουληθῇ	βούλομαι	to will, wish, be willing, want [with accusative ‘something’	0
bouletho	βουληθῶ	βούλομαι	to will, wish, be willing, want [with accusative ‘something’	0
boulimia	βουλιμία	βουλιμία	ravenous hunger (considered as a medical condition)	0
boules	βουλῆς	βουλή	will	0
boulesi	βουλῇσι	βουλή	will	0
boulesin	βουλῇσιν	βουλή	will	0
boulon	βουλῶν	βουλή	will	0
boumelia	βουμελία	βουμελία	common ash (Fraxinus excelsior)	0
bounias	βουνιάς	βουνιάς	rapeseed, Brassica napus	0
bounos	βουνός	βουνός	hill, heap	0
bouporos	βουπόρος	βουπόρος	ox-piercing	0
bourdon	βουρδών	βουρδών	mule	0
bousi	βουσί	βοῦς	cow, ox, cattle	0
bousin	βουσίν	βοῦς	cow, ox, cattle	0
bousos	βουσός	βουσός	pasture or path for oxen	0
boutos	βουτός	βουτός	kind of funerary urn or sarcophagus	0
boos	βοός	βοῦς	cow, ox, cattle	0
boubalos	βούβαλος	βούβαλος	an antelope, possibly a bubal hartebeest (Alcelaphus buselap	0
boukeras	βούκερας	βούκερας	fenugreek (Trigonella foenum-graecum)	0
boulei	βούλει	βούλομαι	to will, wish, be willing, want [with accusative ‘something’	0
bouletai	βούλεται	βούλομαι	to will, wish, be willing, want [with accusative ‘something’	0
bouleto	βούλετο	βούλομαι	to will, wish, be willing, want [with accusative ‘something’	0
boulesis	βούλησις	βούλησις	will, intention, purpose	0
boulimos	βούλιμος	βούλιμος	ravenous hunger	0
boulla	βούλλα	βούλλα	tin	0
bouloio	βούλοιο	βούλομαι	to will, wish, be willing, want [with accusative ‘something’	0
bouloito	βούλοιτο	βούλομαι	to will, wish, be willing, want [with accusative ‘something’	0
boulomai	βούλομαι	βούλομαι	to will, wish, be willing, want [with accusative ‘something’	0
boulou	βούλου	βούλομαι	to will, wish, be willing, want [with accusative ‘something’	0
boule	βούλῃ	βούλομαι	to will, wish, be willing, want [with accusative ‘something’	0
bounion	βούνιον	βούνιον	earthnut, Bunium ferulaceum	0
boupais	βούπαις	βούπαις	big boy	0
bousukon	βούσυκον	βούσυκον	kind of large, coarse fig	0
boutomon	βούτομον	βούτομον	kind of sedge (Carex riparia)	0
bouttion	βούττιον	βοῦττις	cask, barrel, a round vessel shaped having flat ends	0
bouturon	βούτυρον	βούτυρον	butter	0
bouturos	βούτυρος	βούτυρον	butter	0
boes	βοῆς	βοή	shout	0
bou	βοῦ	βοῦς	cow, ox, cattle	0
boua	βοῦα	βοῦα	a band of boys grouped together for training	0
boun	βοῦν	βοῦς	cow, ox, cattle	0
bous	βοῦς	βοῦς	cow, ox, cattle	0
bouston	βοῦστον	βοῦστον	place for burning funeral pyres	0
bouttis	βοῦττις	βοῦττις	cask, barrel, a round vessel shaped having flat ends	0
bouphos	βοῦφος	βοῦφος	eagle owl (Bubo bubo)	0
boon	βοῶν	βοῦς	cow, ox, cattle	0
boopis	βοῶπις	βοῶπις	doe-eyed (having large, attractive eyes)	0
bra	βρά	βρά	brother(s)	0
brabulon	βράβυλον	βράβυλον	sloe, blackthorn, a tree of the species Prunus spinosa and i	0
bragkhia	βράγχια	βράγχιον	fin	1
bragkhos	βράγχος	βράγχος	hoarseness or sore throat causing it	0
brathu	βράθυ	βράθυ	savin (Juniperus sabina)	0
brakos	βράκος	ῥάκος	rag, tattered garment	0
brasma	βράσμα	βράσμα	boiling	0
brasso	βράσσω	βράσσω	to shake violently, throw up	0
brakhea	βράχεα	βράχεα	shallows	0
bregma	βρέγμα	βρέγμα	the bone directly above the brain, (anatomy) bregma	1
bremein	βρέμειν	βρέμω	to roar	0
bremo	βρέμω	βρέμω	to roar	0
brendos	βρένδος	βρένδος	deer	0
brenthos	βρένθος	βρένθος	arrogance, haughtiness	0
brention	βρέντιον	βρέντιον	stag's head	0
brephos	βρέφος	βρέφος	baby, infant	0
brekho	βρέχω	βρέχω	to wet, to drench	0
bria	βρία	βρία	The Thracian word for city	0
briza	βρίζα	βρίζα	rye (Secale cereale) in Thrace and Macedonia	0
brime	βρίμη	βρίμη	strength, might, power	0
brabule	βραβύλη	βραβύλη	broad-leaved anemone, a flowering plant of the species Anemo	0
bradeos	βραδέως	βραδέως	slowly	0
bradutes	βραδυτής	βραδυτής	slowness	0
braduno	βραδύνω	βραδύνω	to make slow, delay	0
bradus	βραδύς	βραδύς	slow	0
brakhion	βραχίων	βραχίων	upper arm	0
brakheia	βραχεία	βραχύς	short, brief	0
brakhuno	βραχύνω	βραχύνω	to abridge	0
brakhus	βραχύς	βραχύς	short, brief	0
brithus	βριθύς	βριθύς	heavy, ponderous, weighty	0
bronte	βροντή	βροντή	thunder	0
bronten	βροντήν	βροντή	thunder	0
brontes	βροντῆς	βροντή	thunder	0
brote	βροτέ	βροτός	mortal man, human being (often in plural)	0
brotoi	βροτοί	βροτός	mortal man, human being (often in plural)	0
brotous	βροτούς	βροτός	mortal man, human being (often in plural)	0
brotoin	βροτοῖν	βροτός	mortal man, human being (often in plural)	0
brotois	βροτοῖς	βροτός	mortal man, human being (often in plural)	0
brotoisi	βροτοῖσι	βροτός	mortal man, human being (often in plural)	0
brotou	βροτοῦ	βροτός	mortal man, human being (often in plural)	0
brotoeis	βροτόεις	βροτόεις	gory	0
broton	βροτόν	βροτός	mortal man, human being (often in plural)	0
brotos	βροτός	βροτός	mortal man, human being (often in plural)	0
broto	βροτώ	βροτός	mortal man, human being (often in plural)	0
brokhe	βροχή	βροχή	rain	0
broutza	βρούτζα	βρούτζα	brush	0
broukos	βροῦκος	βροῦκος	locust, or its wingless nymph	0
broulon	βροῦλον	βροῦλον	rush, reed used for mats or beds	0
bruazo	βρυάζω	βρυάζω	to swell, teem	0
bruonia	βρυωνία	βρυωνία	bryony	0
bromaton	βρωμάτων	βρῶμα	a shipworm (Teredo navalis) that bores into wooden piers, sh	1
brotikos	βρωτικός	βρωτικός	inclined to eat, voracious	0
brogkhia	βρόγχια	βρόγχια	bronchial tubes	0
brogkhos	βρόγχος	βρόγχος	trachea	1
bromos	βρόμος	βρόμος	oat (Avena sativa)	0
broton	βρότον	βρότος	blood that has run from a wound, gore	0
brotos	βρότος	βρότος	blood that has run from a wound, gore	0
brokhos	βρόχος	βρόχος	noose, slip knot	0
brukos	βρύκος	βρύκος	herald	0
bruko	βρύκω	βρύκω	to devour, gobble	0
bruon	βρύον	βρύον	sea lettuce (Ulva lactuca)	0
brusis	βρύσις	βρύσις	bubbling up	0
brussos	βρύσσος	βρύσσος	a kind of sea urchin	0
brutea	βρύτεα	βρύτεα	refuse of olives or grapes after pressing	0
brutinos	βρύτινος	βρύτινος	made of or for beer	0
brukhema	βρύχημα	βρύχημα	roar, roaring	0
brukho	βρύχω	βρύκω	to devour, gobble	0
bruo	βρύω	βρύω	to be full to bursting	0
bruton	βρῦτον	βρῦτος	barley beer	0
brutos	βρῦτος	βρῦτος	barley beer	0
broma	βρῶμα	βρῶμα	a shipworm (Teredo navalis) that bores into wooden piers, sh	1
bromos	βρῶμος	βρῶμος	stink, stench, noisome smell	1
brosin	βρῶσιν	βρῶσις	the act of eating (food)	0
brosis	βρῶσις	βρῶσις	the act of eating (food)	0
bublion	βυβλίον	βυβλίον	strip of papyrus	0
buthos	βυθός	βυθός	depth	0
bukane	βυκάνη	βυκάνη	spiral trumpet, horn	0
bolites	βωλίτης	βωλίτης	mushroom, especially champignon (Agaricus bisporus)	0
bomiskos	βωμίσκος	βωμίσκος	altar-shaped vessel	0
bomoin	βωμοῖν	βωμός	raised platform	0
bomois	βωμοῖς	βωμός	raised platform	0
bomou	βωμοῦ	βωμός	raised platform	0
bomon	βωμόν	βωμός	raised platform	0
bomos	βωμός	βωμός	raised platform	0
bomo	βωμώ	βωμός	raised platform	0
boreus	βωρεύς	βωρεύς	flathead mullet (Mugil cephalus)	0
boa	βόα	βοῦς	cow, ox, cattle	0
boax	βόαξ	βόαξ	bogue (Boops boops) (small fish)	0
boas	βόας	βοῦς	cow, ox, cattle	0
boe	βόε	βοῦς	cow, ox, cattle	0
boeios	βόειος	βόειος	bovine (pertaining to cows and oxen)	0
boes	βόες	βοῦς	cow, ox, cattle	0
boessi	βόεσσι	βοῦς	cow, ox, cattle	0
boessin	βόεσσιν	βοῦς	cow, ox, cattle	0
bothre	βόθρε	βόθρος	hole, trench or pit dug in the ground	1
bothroi	βόθροι	βόθρος	hole, trench or pit dug in the ground	1
bothron	βόθρον	βόθρος	hole, trench or pit dug in the ground	1
bothros	βόθρος	βόθρος	hole, trench or pit dug in the ground	1
bothrou	βόθρου	βόθρος	hole, trench or pit dug in the ground	1
bothrous	βόθρους	βόθρος	hole, trench or pit dug in the ground	1
bolbiton	βόλβιτον	βόλβιτον	cowpie	0
bolos	βόλος	βόλος	a throw with a casting-net, a cast of a net	0
bolo	βόλω	βόλος	a throw with a casting-net, a cast of a net	0
bombos	βόμβος	βόμβος	any deep, hollow sound, humming, buzzing, booming, rumbling	0
bombux	βόμβυξ	βόμβυξ	silkworm (Bombyx mori)	0
bonasos	βόνασος	βόνασος	European bison	0
borassos	βόρασσος	βόρασσος	growing spadix of the date with immature fruit	0
borboros	βόρβορος	βόρβορος	mire, filth	0
boreion	βόρειον	βόρειος	northern (from the quarter of the north wind)	0
boreios	βόρειος	βόρειος	northern (from the quarter of the north wind)	0
boskomai	βόσκομαι	βόσκω	to feed	0
bosko	βόσκω	βόσκω	to feed	0
botruon	βότρυον	βότρυον	cluster of berries	0
botrus	βότρυς	βότρυς	a bunch of grapes	1
boinos	βόϊνος	βόϊνος	made of ox's hide	0
buas	βύας	βύας	eagle owl	0
bublinos	βύβλινος	βύβλινος	made of papyrus	0
bublos	βύβλος	βύβλος	papyrus (both in reference to the plant and writings using t	0
buzen	βύζην	βύζην	close pressed, closely	0
bularos	βύλαρος	βύλαρος	dung beetle	0
bune	βύνη	βύνη	malt for brewing	0
bursa	βύρσα	βύρσα	leather (the skin stripped off a hide)	0
bursinos	βύρσινος	βύρσινος	made of leather	0
busma	βύσμα	βύσμα	A plug, a bung	0
bussa	βύσσα	βύσσα	an unknown kind of bird	0
bussinos	βύσσινος	βύσσινος	made of flax	0
bussos	βύσσος	βύσσος	flax (Linum usitatissimum)	0
buo	βύω	βύας	eagle owl	0
bokaros	βώκαρος	βώκαρος	spring	0
bolinos	βώλινος	βώλινος	made of clay, of brick	0
bethi	βῆθι	βαίνω	to go	0
bema	βῆμα	βῆμα	a step, pace, footfall, gait	1
ben	βῆν	βαίνω	to go	0
benai	βῆναι	βαίνω	to go	0
bes	βῆς	βαίνω	to go	0
besan	βῆσαν	βαίνω	to go	0
bessa	βῆσσα	βῆσσα	wooded combe, glen, dale, vale	0
beta	βῆτα	βῆτα	beta, the name for the second letter Β (B), β (b) of the Anc	0
bete	βῆτε	βαίνω	to go	0
beton	βῆτον	βαίνω	to go	0
bei	βῇ	βαίνω	to go	0
bikos	βῖκος	βῖκος	amphora, jar, any vase with handles, especially one containi	0
bolax	βῶλαξ	βῶλαξ	clod, clump of earth	0
bolos	βῶλος	βῶλος	turf	1
bomen	βῶμεν	βαίνω	to go	0
bon	βῶν	βοῦς	cow, ox, cattle	0
bos	βῶς	βοῦς	cow, ox, cattle	0
gaggamon	γάγγαμον	γάγγαμον	small round net, especially for catching oysters	0
gadaros	γάδαρος	γάδαρος	donkey	0
gados	γάδος	γάδος	cod (Gadus morhua)	0
gaza	γάζα	γάζα	treasury, treasure	0
gala	γάλα	γάλα	milk	0
galagga	γάλαγγα	γάλαγγα	galangal (Alpinia galanga)	0
galax	γάλαξ	γάλαξ	rayed trough shell (Mactra corallina)	0
galea	γάλεα	γάλεα	galley (ship propelled primarily by oars)	0
galion	γάλιον	γάλιον	bedstraw (Galium verum)	0
gallaros	γάλλαρος	γάλλαρος	member of a Dionysiac cultic society	0
gallos	γάλλος	γάλλος	gallus, a priest of Cybele in Phrygia	0
galos	γάλως	γάλως	sister-in-law	0
gamma	γάμμα	γάμμα	gamma, the name for the third letter Γ (G), γ (g) of the Anc	0
gamoio	γάμοιο	γάμος	marriage, wedding, bridelock	1
gamon	γάμον	γάμος	marriage, wedding, bridelock	1
gamos	γάμος	γάμος	marriage, wedding, bridelock	1
ganos	γάνος	γάνος	brightness, sheen	0
ganumai	γάνυμαι	γάνυμαι	to brighten up	0
gar	γάρ	γάρ	for	0
garos	γάρος	γάρος	garum, a kind of sauce or paste made of brine and small fish	0
garra	γάρρα	γάρρα	rod, wand	0
gastra	γάστρα	γάστρα	belly of a vase	0
geai	γέαι	γῆ	earth	0
geas	γέας	γῆ	earth	0
gegona	γέγονα	γίγνομαι	to come into being	0
gegonas	γέγονας	γίγνομαι	to come into being	0
gegone	γέγονε	γίγνομαι	to come into being	0
gegonen	γέγονεν	γίγνομαι	to come into being	0
gegona	γέγωνα	γέγωνα	to make one's voice heard	0
gegone	γέγωνε	γέγωνα	to make one's voice heard	0
gelasma	γέλασμα	γέλασμα	smile	1
gelassan	γέλασσαν	γελάω	to laugh	0
gelgis	γέλγις	γέλγις	head of garlic	0
geloios	γέλοιος	γέλοιος	laughable, ludicrous, deridable, derisive	0
gelos	γέλως	γέλως	laughter	0
gelosi	γέλωσι	γέλως	laughter	0
gelosin	γέλωσιν	γέλως	laughter	0
gelota	γέλωτα	γέλως	laughter	0
gelotas	γέλωτας	γέλως	laughter	0
gelote	γέλωτε	γέλως	laughter	0
gelotes	γέλωτες	γέλως	laughter	0
geloti	γέλωτι	γέλως	laughter	0
gelotos	γέλωτος	γέλως	laughter	0
gemo	γέμω	γέμω	to be full (of)	0
genei	γένει	γένος	race, stock, kin	0
geneion	γένειον	γένειον	chin	1
geneos	γένεος	γένος	race, stock, kin	0
genesthe	γένεσθε	γίγνομαι	to come into being	0
genesi	γένεσι	γένος	race, stock, kin	0
genesin	γένεσιν	γένος	race, stock, kin	0
genesis	γένεσις	γένεσις	origin, source	1
geneto	γένετο	γίγνομαι	to come into being	0
gene	γένη	γένος	race, stock, kin	0
genetai	γένηται	γίγνομαι	to come into being	0
genna	γέννα	γέννα	Ancient Greek	0
gennas	γέννας	γέννας	mother's brother, uncle from mother's side	0
gennema	γέννημα	γέννημα	That which is produced, a product	0
gennesis	γέννησις	γέννησις	producing	0
genointo	γένοιντο	γίγνομαι	to come into being	0
genoito	γένοιτο	γίγνομαι	to come into being	0
genonto	γένοντο	γίγνομαι	to come into being	0
genos	γένος	γένος	race, stock, kin	0
genoubis	γένουβις	γένουβις	dog excrement	0
genous	γένους	γένος	race, stock, kin	0
gento	γέντο	γέντο	(he/she) grasped	0
genus	γένυς	γένυς	jaw	0
genomai	γένωμαι	γίγνομαι	to come into being	0
genontai	γένωνται	γίγνομαι	to come into being	0
gene	γένῃ	γίγνομαι	to come into being	0
geranos	γέρανος	γέρανος	a crane, Grus cinerea	0
geras	γέρας	γέρας	gift of honor	0
gerdios	γέρδιος	γέρδιος	weaver	0
geron	γέρων	γέρων	an old man	1
geronta	γέροντα	γέρων	an old man	1
gerontas	γέροντας	γέρων	an old man	1
geronte	γέροντε	γέρων	an old man	1
gerontes	γέροντες	γέρων	an old man	1
geronti	γέροντι	γέρων	an old man	1
gerontos	γέροντος	γέρων	an old man	1
gerousi	γέρουσι	γέρων	an old man	1
gerousin	γέρουσιν	γέρων	an old man	1
gerron	γέρρον	γέρρον	anything made of wickerwork	0
gersumon	γέρσυμον	γέρσυμον	point of a fishing rod	0
gephura	γέφυρα	γέφυρα	beam	0
gethese	γήθησε	γηθέω	to rejoice, be glad	0
gethesen	γήθησεν	γηθέω	to rejoice, be glad	0
gethuon	γήθυον	γήθυον	a kind of onion	0
geinos	γήινος	γήινος	of or pertaining to earth	1
gemasthe	γήμασθε	γαμέω	to marry (a wife)	0
gepeda	γήπεδα	γήπεδον	plot of ground	0
gepedon	γήπεδον	γήπεδον	plot of ground	0
geraos	γήραος	γῆρας	old age	0
gigarton	γίγαρτον	γίγαρτον	grapestone, seed of the grape	0
gigas	γίγας	γίγας	anything large and powerful	0
giggros	γίγγρος	γίγγρος	small Phoenician flute or fife	0
gignoio	γίγνοιο	γίγνομαι	to come into being	0
gignoito	γίγνοιτο	γίγνομαι	to come into being	0
gignomai	γίγνομαι	γίγνομαι	to come into being	0
gignou	γίγνου	γίγνομαι	to come into being	0
ginnos	γίννος	γίννος	offspring of a mare by a mule	0
gaia	γαῖα	γαῖα	land, country	0
gaiaiin	γαίαιιν	γαῖα	land, country	0
gaiain	γαίαιν	γαῖα	land, country	0
gaiais	γαίαις	γαῖα	land, country	0
gaias	γαίας	γαῖα	land, country	0
gaies	γαίης	γαῖα	land, country	0
gaio	γαίω	γαίω	to rejoice, exult, take pride in	0
gaion	γαίων	γαίω	to rejoice, exult, take pride in	0
gaie	γαίῃ	γαῖα	land, country	0
gaiein	γαίῃιν	γαῖα	land, country	0
gaiesi	γαίῃσι	γαῖα	land, country	0
gaiesin	γαίῃσιν	γαῖα	land, country	0
gabatha	γαβάθα	γαβάθα	bowl	0
gaggile	γαγγίλη	γαγγίλη	dewlap	0
gagglion	γαγγλίον	γαγγλίον	encysted tumour on a tendon or aponeurosis	1
gazera	γαζερά	γαζερά	the courtyard of the temple in Jerusalem	0
gatheo	γαθέω	γηθέω	to rejoice, be glad	0
gaiaon	γαιάων	γαῖα	land, country	0
gaieokhe	γαιήοχε	γαιήοχος	earth-bearing	0
gaion	γαιών	γαιών	heap of earth, boundary-heap	0
gaion	γαιῶν	γαῖα	land, country	0
galea	γαλέα	γαλέη	name given to various animals of the Mustelidae family, like	1
galee	γαλέη	γαλέη	name given to various animals of the Mustelidae family, like	1
galene	γαλήνη	γαλήνη	calm	0
galenen	γαλήνην	γαλήνη	calm	0
galaxias	γαλαξίας	γαλαξίας	the Milky Way galaxy (with implied κύκλος (kúklos, “circle	1
galeagra	γαλεάγρα	γαλεάγρα	trap for weasels	0
galeos	γαλεός	γαλεός	small shark, dogfish	0
galenos	γαληνός	γαληνός	calm	0
galepsos	γαληψός	γαληψός	Mediterranean figwort (Scrophularia peregrina)	0
gale	γαλῆ	γαλέη	name given to various animals of the Mustelidae family, like	1
gametes	γαμέτης	γαμέτης	husband	0
gameo	γαμέω	γαμέω	to marry (a wife)	0
gamelia	γαμήλια	γαμήλια	nuptials (the various rituals that take place on a wedding d	0
gamelion	γαμήλιον	γαμήλιον	wedding	0
gamelios	γαμήλιος	γαμήλιος	bridal	0
gamizo	γαμίζω	γαμίζω	to give in marriage	0
gamisko	γαμίσκω	γαμίζω	to give in marriage	0
gambros	γαμβρός	γαμβρός	son-in-law	0
gamete	γαμετή	γαμετή	wife	0
gamelia	γαμηλία	γαμηλία	wedding party	0
gamikos	γαμικός	γαμικός	of or for marriage, marital	1
gampsos	γαμψός	γαμψός	curved, crooked	0
gamoros	γαμόρος	γεωμόρος	landowner	1
ganao	γανάω	γανάω	to be bright, shine	0
garamas	γαράμας	γαράμας	guinea fowl (Numida meleagris)	0
gaster	γαστήρ	γαστήρ	paunch, belly, hollow, wide part	1
gaulos	γαυλός	γαυλός	milk pail	0
gausos	γαυσός	γαυσός	crooked, bent outwards	0
gaphagas	γαφάγας	γαφάγας	earthworm	0
gai	γαῖ	γῆ	earth	0
gaiai	γαῖαι	γαῖα	land, country	0
gaian	γαῖαν	γαῖα	land, country	0
gain	γαῖν	γῆ	earth	0
gais	γαῖς	γῆ	earth	0
gaisos	γαῖσος	γαῖσος	gaesum, a Gaulish javelin	0
gaulos	γαῦλος	γαῦλος	Phoenician merchant vessel	0
gauros	γαῦρος	γαῦρος	conceited, haughty, arrogant	0
geinato	γείνατο	γείνομαι	to be born	0
geinomai	γείνομαι	γείνομαι	to be born	0
geiton	γείτων	γείτων	neighbour	0
geais	γεαῖς	γῆ	earth	0
gegaasin	γεγάασιν	γίγνομαι	to come into being	0
gegeneso	γεγένησο	γίγνομαι	to come into being	0
gegoneto	γεγονέτω	γίγνομαι	to come into being	0
gegonoie	γεγονοίη	γίγνομαι	to come into being	0
gegonos	γεγονώς	γίγνομαι	to come into being	0
gegonos	γεγωνός	γεγωνός	loud-sounding	0
gegonos	γεγωνώς	γέγωνα	to make one's voice heard	0
gegonasi	γεγόνασι	γίγνομαι	to come into being	0
gegonate	γεγόνατε	γίγνομαι	to come into being	0
gegonete	γεγόνετε	γίγνομαι	to come into being	0
gegonoi	γεγόνοι	γίγνομαι	to come into being	0
gegonois	γεγόνοις	γίγνομαι	to come into being	0
gegono	γεγόνω	γίγνομαι	to come into being	0
gegonosi	γεγόνωσι	γίγνομαι	to come into being	0
gegones	γεγόνῃς	γίγνομαι	to come into being	0
gelao	γελάω	γελάω	to laugh	0
gelastes	γελαστής	γελαστής	laugher, sneerer	1
gelastos	γελαστός	γελαστός	laughable	0
gelastes	γελαστῆς	γελαστός	laughable	0
geloiain	γελοίαιν	γελοῖος	laughable, ludicrous, deridable, derisive	0
geloiais	γελοίαις	γελοῖος	laughable, ludicrous, deridable, derisive	0
geloian	γελοίαν	γελοῖος	laughable, ludicrous, deridable, derisive	0
geloioin	γελοίοιν	γελοῖος	laughable, ludicrous, deridable, derisive	0
geloiois	γελοίοις	γελοῖος	laughable, ludicrous, deridable, derisive	0
geloio	γελοίω	γελοῖος	laughable, ludicrous, deridable, derisive	0
geloia	γελοίᾳ	γελοῖος	laughable, ludicrous, deridable, derisive	0
geloiai	γελοῖαι	γελοῖος	laughable, ludicrous, deridable, derisive	0
geloie	γελοῖε	γελοῖος	laughable, ludicrous, deridable, derisive	0
geloioi	γελοῖοι	γελοῖος	laughable, ludicrous, deridable, derisive	0
geloion	γελοῖον	γελοῖος	laughable, ludicrous, deridable, derisive	0
geloios	γελοῖος	γελοῖος	laughable, ludicrous, deridable, derisive	0
geloo	γελόω	γελάω	to laugh	0
gelotoin	γελώτοιν	γέλως	laughter	0
geloton	γελώτων	γέλως	laughter	0
gemizo	γεμίζω	γεμίζω	to fill full of	0
genestho	γενέσθω	γίγνομαι	to come into being	0
genesia	γενέσια	γενέσια	birthday	0
genetas	γενέτας	γενέτας	Lyric form of γενέτης (genétēs)	0
geneteo	γενέτεω	γενέτης	begetter	0
geneten	γενέτην	γενέτης	begetter	0
genetes	γενέτης	γενέτης	begetter	0
genetou	γενέτου	γενέτης	begetter	0
genetor	γενέτωρ	γενέτωρ	begetter	0
genete	γενέτῃ	γενέτης	begetter	0
genetesi	γενέτῃσι	γενέτης	begetter	0
genesei	γενήσει	γίγνομαι	to come into being	0
genesoio	γενήσοιο	γίγνομαι	to come into being	0
genese	γενήσῃ	γίγνομαι	to come into being	0
genea	γενεά	γενεά	birth	0
geneias	γενειάς	γενειάς	beard	0
geneiao	γενειάω	γενειάω	to grow, get a beard	0
geneteon	γενετέων	γενέτης	begetter	0
genete	γενετή	γενετή	the hour of birth	0
geneton	γενετῶν	γενέτης	begetter	0
genethe	γενηθῇ	γίγνομαι	to come into being	0
genethes	γενηθῇς	γίγνομαι	to come into being	0
genetho	γενηθῶ	γίγνομαι	to come into being	0
genike	γενική	γενική	the genitive case – ellipsis of the phrase γενῐκὴ πτῶσῐς (pt	0
genikos	γενικός	γενικός	of or belonging to the γένος (génos), racial	0
gennator	γεννάτωρ	γεννήτωρ	parent	0
gennao	γεννάω	γεννάω	to beget, give birth to	0
gennesas	γεννήσας	γεννάω	to beget, give birth to	0
gennesei	γεννήσει	γεννάω	to beget, give birth to	0
genneso	γεννήσω	γεννάω	to beget, give birth to	0
gennetor	γεννήτωρ	γεννήτωρ	parent	0
gennaios	γενναῖος	γενναῖος	noble, high-born	0
gennan	γεννᾶν	γεννάω	to beget, give birth to	0
genna	γεννᾷ	γεννάω	to beget, give birth to	0
gennas	γεννᾷς	γεννάω	to beget, give birth to	0
gennomen	γεννῶμεν	γεννάω	to beget, give birth to	0
gennosin	γεννῶσιν	γεννάω	to beget, give birth to	0
genoiato	γενοίατο	γίγνομαι	to come into being	0
genoimen	γενοίμην	γίγνομαι	to come into being	0
genoin	γενοῖν	γένος	race, stock, kin	0
genou	γενοῦ	γίγνομαι	to come into being	0
genomen	γενόμην	γίγνομαι	to come into being	0
genon	γενῶν	γένος	race, stock, kin	0
geranion	γεράνιον	γεράνιον	cranesbill (Geranium tuberosum)	0
geraie	γεραιέ	γεραιός	old	0
geraios	γεραιός	γεραιός	old	0
geraros	γεραρός	γεραρός	of reverend bearing, majestic, honorable	0
gerousia	γερουσία	γερουσία	The council of elders, the Senate (especially at Sparta)	0
geronton	γερόντων	γέρων	an old man	1
gerinos	γερῖνος	γερῖνος	kind of fish	0
geomoroi	γεωμόροι	γεωμόρος	landowner	1
geomoros	γεωμόρος	γεωμόρος	landowner	1
georga	γεωργά	γεωργός	tilling the ground	0
george	γεωργέ	γεωργός	tilling the ground	0
georgia	γεωργία	γεωργία	tillage	0
georgiai	γεωργίαι	γεωργίαι	farms	0
georgoi	γεωργοί	γεωργός	tilling the ground	0
georgous	γεωργούς	γεωργός	tilling the ground	0
georgoin	γεωργοῖν	γεωργός	tilling the ground	0
georgois	γεωργοῖς	γεωργός	tilling the ground	0
georgou	γεωργοῦ	γεωργός	tilling the ground	0
georgon	γεωργόν	γεωργός	tilling the ground	0
georgos	γεωργός	γεωργός	tilling the ground	0
georgo	γεωργώ	γεωργός	tilling the ground	0
geuomai	γεύομαι	γεύω	to give to taste	0
geuseis	γεύσεις	γεῦσις	sense of taste, tasting	0
geuseon	γεύσεων	γεῦσις	sense of taste, tasting	0
geuseos	γεύσεως	γεῦσις	sense of taste, tasting	0
geuo	γεύω	γεύω	to give to taste	0
geison	γεῖσον	γεῖσον	projecting part of the roof, cornice	0
geuma	γεῦμα	γεῦμα	taste, smack	0
geusis	γεῦσις	γεῦσις	sense of taste, tasting	0
geon	γεῶν	γῆ	earth	0
gegenea	γηγενέα	γηγενής	born of the earth	0
gegeneas	γηγενέας	γηγενής	born of the earth	0
gegenee	γηγενέε	γηγενής	born of the earth	0
gegenees	γηγενέες	γηγενής	born of the earth	0
gegeneos	γηγενέος	γηγενής	born of the earth	0
gegenes	γηγενής	γηγενής	born of the earth	0
gegenesi	γηγενέσι	γηγενής	born of the earth	0
gegeneon	γηγενέων	γηγενής	born of the earth	0
gegenei	γηγενέϊ	γηγενής	born of the earth	0
gegeneis	γηγενεῖς	γηγενεῖς	the Gigantes	0
gegeneus	γηγενεῦς	γηγενής	born of the earth	0
gegenoin	γηγενοῖν	γηγενής	born of the earth	0
gegenous	γηγενοῦς	γηγενής	born of the earth	0
gegene	γηγενῆ	γηγενής	born of the earth	0
gegenon	γηγενῶν	γηγενής	born of the earth	0
getheo	γηθέω	γηθέω	to rejoice, be glad	0
gepedou	γηπέδου	γήπεδον	plot of ground	0
gerasko	γηράσκω	γηράσκω	to grow old	0
giggis	γιγγίς	γιγγίς	kind of turnip	0
gignosko	γιγνώσκω	γιγνώσκω	to be aware of	0
ginosko	γινώσκω	γιγνώσκω	to be aware of	0
glanos	γλάνος	γλάνος	hyena	0
glene	γλήνη	γλήνη	eyeball	0
glekhon	γλήχων	γλήχων	pennyroyal (Mentha pulegium)	0
glia	γλία	γλία	glue	0
gline	γλίνη	γλίνη	any viscous substance, slime, ooze	0
glabrene	γλαβρήνη	γλαβρήνη	common peony (Paeonia officinalis)	0
glagao	γλαγάω	γλαγάω	to be milky	0
glaris	γλαρίς	γλαρίς	chisel, whether for wood or stonework	0
glaukos	γλαυκός	γλαυκός	gleaming, bright	1
glaphure	γλαφυρῇ	γλαφυρός	hollow, hollowed (epithet of caves and ships)	0
glaphuro	γλαφυρῷ	γλαφυρός	hollow, hollowed (epithet of caves and ships)	0
glaukion	γλαύκιον	γλαύκιον	horned poppy (Glaucium flavum)	0
glaukoma	γλαύκωμα	γλαύκωμα	cataract (opacity of the lens in the eye)	0
glaux	γλαῦξ	γλαῦξ	owl (Athene noctua)	0
glauka	γλαῦκα	γλαῦξ	owl (Athene noctua)	0
glaukes	γλαῦκες	γλαῦξ	owl (Athene noctua)	0
gleukous	γλεύκους	γλεῦκος	sweet new wine, must	1
gleukos	γλεῦκος	γλεῦκος	sweet new wine, must	1
gloia	γλοιά	γλοιός	any glutinous substance	0
gloios	γλοιός	γλοιός	any glutinous substance	0
glouros	γλουρός	γλουρός	gold	0
gloutos	γλουτός	γλουτός	rump, buttock	1
gloutia	γλούτια	γλούτια	medullary tubercles near the pineal gland of the brain	0
glukun	γλυκύν	γλυκύς	sweet (taste)	1
glukus	γλυκύς	γλυκύς	sweet (taste)	1
gluptos	γλυπτός	γλυπτός	fit for carving	0
gluphe	γλυφή	γλυφή	carving	1
gluphis	γλυφίς	γλυφίς	notched end of the arrow	0
glossis	γλωσσίς	γλωσσίς	mouth of the windpipe	0
glokhin	γλωχίν	γλωχίς	projecting point	0
glokhis	γλωχίς	γλωχίς	projecting point	0
glumma	γλύμμα	γλύμμα	engraved figure	0
gluptes	γλύπτης	γλύπτης	a carver, a sculptor	0
glupho	γλύφω	γλύφω	to carve, cut out with a knife, engrave	0
glenos	γλῆνος	γλῆνος	gaudy things, costume jewelry, trinkets	0
glinos	γλῖνος	γλῖνος	Cretan maple (Acer sempervirens)	0
glossa	γλῶσσα	γλῶσσα	the tongue	1
glossai	γλῶσσαι	γλῶσσαι	people speaking a foreign tongue	0
glotta	γλῶττα	γλῶσσα	the tongue	1
gnathos	γνάθος	γνάθος	jaw	1
gnampto	γνάμπτω	γνάμπτω	to bend	0
gnamptos	γναμπτός	γναμπτός	curved, bent	0
gnoie	γνοίη	γιγνώσκω	to be aware of	0
gnoiemen	γνοίημεν	γιγνώσκω	to be aware of	0
gnoien	γνοίην	γιγνώσκω	to be aware of	0
gnoies	γνοίης	γιγνώσκω	to be aware of	0
gnoiete	γνοίητε	γιγνώσκω	to be aware of	0
gnotera	γνοτέρα	γνοτέρα	black horehound (Ballota nigra)	0
gnoimen	γνοῖμεν	γιγνώσκω	to be aware of	0
gnoite	γνοῖτε	γιγνώσκω	to be aware of	0
gnomon	γνωμῶν	γνώμη	means of knowing	1
gnorizo	γνωρίζω	γνωρίζω	to make known (in passive	0
gnosta	γνωστά	γνωστός	known	0
gnoste	γνωστέ	γνωστός	known	0
gnostoi	γνωστοί	γνωστός	known	0
gnostous	γνωστούς	γνωστός	known	0
gnostos	γνωστός	γνωστός	known	0
gnoton	γνωτόν	γνωτός	known	0
gnotos	γνωτός	γνωτός	known	0
gnon	γνόν	γιγνώσκω	to be aware of	0
gnonton	γνόντων	γιγνώσκω	to be aware of	0
gnuthos	γνύθος	γνύθος	pit	0
gnux	γνύξ	γνύξ	on bended knee	0
gnoma	γνώμα	γνώμη	means of knowing	1
gnomain	γνώμαιν	γνώμη	means of knowing	1
gnomais	γνώμαις	γνώμη	means of knowing	1
gnomas	γνώμας	γνώμη	means of knowing	1
gnomenai	γνώμεναι	γιγνώσκω	to be aware of	0
gnome	γνώμη	γνώμη	means of knowing	1
gnomen	γνώμην	γνώμη	means of knowing	1
gnomes	γνώμης	γνώμη	means of knowing	1
gnomon	γνώμων	γνώμων	interpreter, discerner	1
gnorimos	γνώριμος	γνώριμος	well-known	0
gnosetai	γνώσεται	γιγνώσκω	to be aware of	0
gnosomai	γνώσομαι	γιγνώσκω	to be aware of	0
gnose	γνώσῃ	γιγνώσκω	to be aware of	0
gnoten	γνώτην	γιγνώσκω	to be aware of	0
gnoto	γνώτω	γιγνώσκω	to be aware of	0
gnoosi	γνώωσι	γιγνώσκω	to be aware of	0
gno	γνῶ	γιγνώσκω	to be aware of	0
gnoma	γνῶμα	γνῶμα	mark, token	1
gnomai	γνῶμαι	γνώμη	means of knowing	1
gnomen	γνῶμεν	γιγνώσκω	to be aware of	0
gnonai	γνῶναι	γιγνώσκω	to be aware of	0
gnos	γνῶς	γιγνώσκω	to be aware of	0
gnosis	γνῶσις	γνῶσις	inquiry	1
gnote	γνῶτε	γιγνώσκω	to be aware of	0
gnoton	γνῶτον	γιγνώσκω	to be aware of	0
goaoimen	γοάοιμεν	γοάοιμεν	uncontracted first-person plural present active optative of	0
goao	γοάω	γοάω	to wail in lamentation	0
goaon	γοάων	γοάων	uncontracted present active participle of γοᾰ́ω (goắō)	0
goggulis	γογγυλίς	γογγυλίς	turnip (Brassica rapa)	0
gogguzo	γογγύζω	γογγύζω	to mutter, murmur, grumble	0
goggulos	γογγύλος	γογγύλος	round, spherical	0
goednos	γοεδνός	γοεδνός	lamenting	0
goeteia	γοητεία	γοητεία	witchcraft	1
goeteuo	γοητεύω	γοητεύω	to bewitch, beguile, fascinate as a snake	0
gomphie	γομφίε	γομφίος	molar, back tooth, grinder tooth	0
gomphioi	γομφίοι	γομφίος	molar, back tooth, grinder tooth	0
gomphios	γομφίος	γομφίος	molar, back tooth, grinder tooth	0
gomphiou	γομφίου	γομφίος	molar, back tooth, grinder tooth	0
gomphion	γομφίων	γομφίος	molar, back tooth, grinder tooth	0
gona	γονά	γονή	offspring	0
goneoin	γονέοιν	γονεύς	parent	0
gone	γονή	γονή	offspring	0
gonaisin	γοναῖσιν	γονή	offspring	0
goneus	γονεύς	γονεύς	parent	0
gonei	γονεῖ	γονεύς	parent	0
goneis	γονεῖς	γονεύς	parent	0
goneu	γονεῦ	γονεύς	parent	0
goneusi	γονεῦσι	γονεύς	parent	0
goneusin	γονεῦσιν	γονεύς	parent	0
gone	γονῆ	γονεύς	parent	0
gones	γονῆς	γονεύς	parent	0
gorgos	γοργός	γοργός	grim, fierce, terrible	0
gounos	γουνός	γουνός	fruitful land	0
gouna	γούνα	γούνα	hide, skin, pelt, fur (of an animal)	0
gounasin	γούνασιν	γόνυ	knee	0
gounata	γούνατα	γόνυ	knee	0
gounon	γούνων	γόνυ	knee	0
goun	γοῦν	γοῦν	at least, then	0
gourna	γοῦρνα	γοῦρνα	trough, a long, narrow container, open on top, for feeding o	0
graa	γράα	γράα	kind of water snake mentioned in the Periplus of the Erythra	0
grabion	γράβιον	γράβιον	torch, brand	0
gramma	γράμμα	γράμμα	that which is written, that which is drawn, picture	0
grapho	γράφω	γράφω	to scratch, cut into	0
grao	γράω	γράω	to gnaw, eat	0
gregoros	γρήγορος	γρήγορος	wakeful, vigilant	0
gramme	γραμμή	γραμμή	a stroke or line of a pen	0
graptos	γραπτός	γραπτός	painted	0
grapton	γραπτῶν	γραπτός	painted	0
graphe	γραφή	γραφή	drawing	0
graphis	γραφίς	γραφίς	stilus	0
grapheus	γραφεύς	γραφεύς	painter	0
graus	γραῦς	γραῦς	an old woman	0
greus	γρηΰς	γραῦς	an old woman	0
gregoreo	γρηγορέω	γρηγορέω	to be or become fully awake	0
groute	γρούτη	γρούτη	gruel, porridge	0
grulizo	γρυλίζω	γρυλίζω	to grunt (of swine)	0
grumea	γρυμέα	γρυμέα	bag or chest for old clothes	0
grunon	γρυνόν	γρυνόν	squirting cucumber, Ecballium elaterium	0
grunos	γρυνός	γρυνός	bundle of sticks	0
grupos	γρυπός	γρυπός	with a hooknose	0
gronthos	γρόνθος	γρόνθος	fist	0
grosphos	γρόσφος	γρόσφος	kind of javelin	0
grullos	γρύλλος	γρύλλος	kind of dance performed in Egypt	1
grux	γρύξ	γρύξ	dirt under the fingernails	0
grups	γρύψ	γρύψ	griffin	0
grone	γρώνη	γρώνη	cavern (from the phrase γρώνη πέτρα (grṓnē pétra, “cavernous	0
gripos	γρῖπος	γρῖπος	creel, trap for fish, fishing basket	0
griphos	γρῖφος	γρῖφος	creel, trap for fish, fishing basket	0
gru	γρῦ	γρῦ	a small sound	0
guia	γυιά	γυιός	lame	0
guie	γυιέ	γυιός	lame	0
guioi	γυιοί	γυιός	lame	0
guious	γυιούς	γυιός	lame	0
guion	γυιόν	γυιός	lame	0
guios	γυιός	γυιός	lame	0
gulios	γυλιός	γυλιός	knapsack, haversack	0
gumnazo	γυμνάζω	γυμνάζω	to train naked	0
gumnasia	γυμνασία	γυμνασία	exercise	0
gumnon	γυμνόν	γυμνός	naked	0
gumnos	γυμνός	γυμνός	naked	0
gumnoo	γυμνόω	γυμνόω	to strip (someone/something) naked, denude	0
gune	γυνή	γυνή	woman	1
gunaikon	γυναικών	γυναικών	women's apartment in a house	0
gurinou	γυρίνου	γυρῖνος	tadpole	0
guros	γυρός	γυρός	round	0
guroo	γυρόω	γυρόω	to make round, bend, wind	0
gurinos	γυρῖνος	γυρῖνος	tadpole	0
guia	γυῖα	γυῖον	limbs	0
guion	γυῖον	γυῖον	limbs	0
goleou	γωλεοῦ	γωλεός	hole	0
goleos	γωλεός	γωλεός	hole	0
gonia	γωνία	γωνία	corner	0
gorutos	γωρυτός	γωρυτός	quiver	0
goggros	γόγγρος	γόγγρος	conger eel (eel of the family Congridae)	0
goe	γόε	γόος	wailing	0
goes	γόης	γόης	sorcerer	0
gomos	γόμος	γόμος	freight	0
gomphos	γόμφος	γόμφος	bolt, dowel, nail	0
gonimos	γόνιμος	γόνιμος	productive, fertile, fruitful	0
gonon	γόνον	γόνος	That which is begotten	0
gonos	γόνος	γόνος	That which is begotten	0
gonu	γόνυ	γόνυ	knee	0
gooi	γόοι	γόος	wailing	0
gooin	γόοιν	γόος	wailing	0
gooio	γόοιο	γόος	wailing	0
goois	γόοις	γόος	wailing	0
gooisi	γόοισι	γόος	wailing	0
gooisin	γόοισιν	γόος	wailing	0
gooiin	γόοιϊν	γόος	wailing	0
goon	γόον	γόος	wailing	0
goos	γόος	γόος	wailing	0
goou	γόου	γόος	wailing	0
goous	γόους	γόος	wailing	0
gorgilon	γόργιλον	γόργιλον	hartwort (Tordylium officinale)	0
gorgura	γόργυρα	γόργυρα	underground sewer or drain	0
goo	γόω	γόος	wailing	0
gualon	γύαλον	γύαλον	hollow of the cuirass	0
gupe	γύπη	γύπη	vulture's nest	0
gupinos	γύπινος	γύπινος	of a vulture	0
gups	γύψ	γύψ	vulture	0
gupsinos	γύψινος	γύψινος	made of chalk	0
gupsos	γύψος	γύψος	chalk	0
gas	γᾶς	γῆ	earth	0
gen	γῆν	γῆ	earth	0
geras	γῆρας	γῆρας	old age	0
gerus	γῆρυς	γῆρυς	voice, speech	0
ges	γῆς	γῆ	earth	0
gei	γῇ	γῆ	earth	0
guros	γῦρος	γῦρος	ring	0
gon	γῶν	γῆ	earth	0
dakno	δάκνω	δάκνω	to bite	0
dakos	δάκος	δάκος	animal of which the bite is dangerous, noxious beast	0
dakru	δάκρυ	δάκρυ	tear (drop of liquid from the eye)	1
daktulos	δάκτυλος	δάκτυλος	finger	1
damalis	δάμαλις	δάμαλις	heifer	0
damalos	δάμαλος	δάμαλος	calf	0
damar	δάμαρ	δάμαρ	wife	0
damen	δάμεν	δαμάζω	to tame, subdue, control	0
dame	δάμη	δαμάζω	to tame, subdue, control	0
dana	δάνα	δάνα	jug for wine	0
dandex	δάνδηξ	δάνδηξ	A kind of big dog	0
daneion	δάνειον	δάνειον	loan	0
dax	δάξ	ὀδάξ	with the teeth	0
daos	δάος	δάος	firebrand	0
dapedon	δάπεδον	δάπεδον	floor	0
dapto	δάπτω	δάπτω	to eat, devour, as wild beasts	0
darda	δάρδα	δάρδα	stain	0
darma	δάρμα	δάρμα	Delphic form of δέρμᾰ (dérmă)	0
darpe	δάρπη	δάρπη	A basket	0
dasos	δάσος	δάσος	thicket, copse	0
daphne	δάφνη	δάφνη	sweet bay (Laurus nobilis)	1
daios	δάϊος	δάϊος	hostile	0
dais	δάϊς	δάϊς	battle	0
deato	δέατο	δέατο	it seemed, it appeared	0
dedemai	δέδεμαι	δέω	to bind, tie, fasten, fetter	0
dedmeto	δέδμητο	δαμάζω	to tame, subdue, control	0
dedoika	δέδοικα	δείδω	to fear, to dread	0
deei	δέει	δέος	fear, alarm	0
deein	δέειν	δέειν	uncontracted present active infinitive of δέω (déō)	0
deesthe	δέεσθε	δέεσθε	uncontracted second-person plural present mediopassive ind/i	0
deesi	δέεσι	δέος	fear, alarm	0
deesin	δέεσιν	δέος	fear, alarm	0
dee	δέη	δέος	fear, alarm	0
deesthe	δέησθε	δέω	to bind, tie, fasten, fetter	0
deeson	δέησον	δέω	to bind, tie, fasten, fetter	0
deetai	δέηται	δέω	to bind, tie, fasten, fetter	0
deka	δέκα	δέκα	ten	1
dekaton	δέκατον	δέκατος	tenth (ordinal number)	0
dekatos	δέκατος	δέκατος	tenth (ordinal number)	0
dektes	δέκτης	δέκτης	beggar	1
delear	δέλεαρ	δέλεαρ	bait	0
dellis	δέλλις	δέλλις	kind of wasp	0
delta	δέλτα	δέλτα	delta, the name for the fourth letter Δ (D), δ (d) of the An	0
deltos	δέλτος	δέλτος	a writing-tablet	0
delphax	δέλφαξ	δέλφαξ	mother-swine, sow	0
dema	δέμα	δέμα	band	0
demas	δέμας	δέμας	body	0
demnia	δέμνια	δέμνια	bed	0
demnion	δέμνιον	δέμνιον	bedstead	0
demo	δέμω	δέμω	to build, construct, prepare, make	0
den	δέν	δέν	a late form of οὐδέν (oudén)	0
dendra	δένδρα	δένδρον	tree	1
dendreon	δένδρεον	δένδρον	tree	1
dendroin	δένδροιν	δένδρον	tree	1
dendroio	δένδροιο	δένδρον	tree	1
dendrois	δένδροις	δένδρον	tree	1
dendron	δένδρον	δένδρον	tree	1
dendrou	δένδρου	δένδρον	tree	1
dendro	δένδρω	δένδρον	tree	1
dexai	δέξαι	δέξαι	take that	0
dexato	δέξατο	δέχομαι	to accept, receive	0
dexei	δέξει	δέχομαι	to accept, receive	0
dexesthe	δέξεσθε	δέχομαι	to accept, receive	0
dexetai	δέξεται	δέχομαι	to accept, receive	0
dexomai	δέξομαι	δέχομαι	to accept, receive	0
dexontai	δέξονται	δέχομαι	to accept, receive	0
dexe	δέξῃ	δέχομαι	to accept, receive	0
deoi	δέοι	δέω	to bind, tie, fasten, fetter	0
deointo	δέοιντο	δέω	to bind, tie, fasten, fetter	0
deoio	δέοιο	δέω	to bind, tie, fasten, fetter	0
deois	δέοις	δέω	to bind, tie, fasten, fetter	0
deoisthe	δέοισθε	δέω	to bind, tie, fasten, fetter	0
deoito	δέοιτο	δέω	to bind, tie, fasten, fetter	0
deomai	δέομαι	δέω	to bind, tie, fasten, fetter	0
deomen	δέομεν	δέω	to bind, tie, fasten, fetter	0
deon	δέον	δέον	That which is binding, needful, right, proper	0
deontai	δέονται	δέω	to bind, tie, fasten, fetter	0
deos	δέος	δέος	fear, alarm	0
deou	δέου	δέω	to bind, tie, fasten, fetter	0
deous	δέους	δέος	fear, alarm	0
depas	δέπας	δέπας	beaker, goblet	0
deraion	δέραιον	δέραιον	necklace, collar	0
dergma	δέργμα	δέργμα	A look, a glance	0
derein	δέρειν	δέρω	to skin	0
dere	δέρη	δέρη	neck, throat	0
derkomai	δέρκομαι	δέρκομαι	to see, see clearly	0
derma	δέρμα	δέρμα	skin, hide	1
dermatos	δέρματος	δέρμα	skin, hide	1
derrion	δέρριον	δέρριον	skin	0
derris	δέρρις	δέρρις	skin, hide	1
dertron	δέρτρον	δέρτρον	omentum, membrane which contains the bowels	0
dero	δέρω	δέρω	to skin	0
desis	δέσις	δέσις	Binding together, setting of stones, tying in bundles	1
desma	δέσμα	δέσμα	a bond or fetter	0
despoina	δέσποινα	δέσποινα	lady	0
despota	δέσποτα	δεσπότης	master	1
depho	δέφω	δέφω	to soften, knead with the hands	0
dekhei	δέχει	δέχομαι	to accept, receive	0
dekhetai	δέχεται	δέχομαι	to accept, receive	0
dekhthai	δέχθαι	δέχομαι	to accept, receive	0
dekhoio	δέχοιο	δέχομαι	to accept, receive	0
dekhoito	δέχοιτο	δέχομαι	to accept, receive	0
dekhomai	δέχομαι	δέχομαι	to accept, receive	0
dekhou	δέχου	δέχομαι	to accept, receive	0
dekhe	δέχῃ	δέχομαι	to accept, receive	0
deo	δέω	δέω	to bind, tie, fasten, fetter	0
deon	δέων	δέω	to bind, tie, fasten, fetter	0
dee	δέῃ	δέω	to bind, tie, fasten, fetter	0
deeis	δήεις	δήω	to find, reach, attain	0
dektes	δήκτης	δήκτης	A biter	0
dela	δήλα	δῆλος	visible	0
delain	δήλαιν	δῆλος	visible	0
delais	δήλαις	δῆλος	visible	0
delas	δήλας	δῆλος	visible	0
dele	δήλη	δῆλος	visible	0
delen	δήλην	δῆλος	visible	0
deles	δήλης	δῆλος	visible	0
deloin	δήλοιν	δῆλος	visible	0
delois	δήλοις	δῆλος	visible	0
delou	δήλου	δηλόω	to show, to make apparent or known, clear	0
delous	δήλους	δῆλος	visible	0
delo	δήλω	δῆλος	visible	0
delon	δήλων	δῆλος	visible	0
delos	δήλως	δήλως	Clearly, obviously	0
delosis	δήλωσις	δήλωσις	explanation	0
demios	δήμιος	δήμιος	public, belonging to the people	0
demoin	δήμοιν	δῆμος	any relatively distinct territory	1
demoio	δήμοιο	δῆμος	any relatively distinct territory	1
demois	δήμοις	δῆμος	any relatively distinct territory	1
demoisi	δήμοισι	δῆμος	any relatively distinct territory	1
demoisin	δήμοισιν	δῆμος	any relatively distinct territory	1
demoiin	δήμοιϊν	δῆμος	any relatively distinct territory	1
demou	δήμου	δῆμος	any relatively distinct territory	1
demous	δήμους	δῆμος	any relatively distinct territory	1
demo	δήμω	δῆμος	any relatively distinct territory	1
demon	δήμων	δῆμος	any relatively distinct territory	1
den	δήν	δήν	for a long time	0
denea	δήνεα	δήνεα	counsels, plans, arts, whether good or bad	0
dex	δήξ	δήξ	worm in wood	0
dexomai	δήξομαι	δάκνω	to bite	0
depou	δήπου	δήπου	perhaps, it may be	0
desas	δήσας	δέω	to bind, tie, fasten, fetter	0
deo	δήω	δήω	to find, reach, attain	0
dia	δία	δῖος	heavenly	0
diain	δίαιν	δῖος	heavenly	0
diais	δίαις	δῖος	heavenly	0
diaisi	δίαισι	δῖος	heavenly	0
diaisin	δίαισιν	δῖος	heavenly	0
diaita	δίαιτα	δίαιτα	way of living, way of life, mode of life, lifestyle	0
diaiin	δίαιϊν	δῖος	heavenly	0
dian	δίαν	δῖος	heavenly	0
dias	δίας	δῖος	heavenly	0
digamma	δίγαμμα	δίγαμμα	digamma, the name for the sixth letter Ϝ, ϝ of the archaic A	1
didomai	δίδομαι	δίδωμι	to give	0
didoso	δίδοσο	δίδωμι	to give	0
diduma	δίδυμα	δίδυμος	double	1
didume	δίδυμε	δίδυμος	double	1
didumoi	δίδυμοι	δίδυμος	double	1
didumos	δίδυμος	δίδυμος	double	1
dido	δίδω	δίδωμι	to give	0
didomi	δίδωμι	δίδωμι	to give	0
didosi	δίδωσι	δίδωμι	to give	0
didosin	δίδωσιν	δίδωμι	to give	0
diza	δίζα	δίζα	she-goat	0
dizemai	δίζημαι	δίζημαι	to seek out, look for	0
die	δίη	δῖος	heavenly	0
dien	δίην	δῖος	heavenly	0
dies	δίης	δῖος	heavenly	0
dikaios	δίκαιος	δίκαιος	observant of custom, orderly, civilized	0
dikella	δίκελλα	δίκελλα	two-pronged fork, hoe	0
dike	δίκη	δίκη	custom, manner, fashion	0
dikroos	δίκροος	δίκροος	forked, cloven	0
dikrotos	δίκροτος	δίκροτος	Double-beating	1
diktuon	δίκτυον	δίκτυον	fishing net	1
dilemma	δίλημμα	δίλημμα	a conclusion from two premises	0
dilogos	δίλογος	δίλογος	insincere, questionable, doubtful, unfaithful, double-tongue	0
dimiton	δίμιτον	δίμιτον	dimity	1
dimitos	δίμιτος	δίμιτος	of double thread	0
dine	δίνη	δίνη	whirlpool, eddy	0
diode	δίοδε	δίοδος	passage, way through, thoroughfare	0
diodoi	δίοδοι	δίοδος	passage, way through, thoroughfare	0
diodos	δίοδος	δίοδος	passage, way through, thoroughfare	0
dioin	δίοιν	δῖος	heavenly	0
dioio	δίοιο	δῖος	heavenly	0
diois	δίοις	δῖος	heavenly	0
dioisi	δίοισι	δῖος	heavenly	0
dioisin	δίοισιν	δῖος	heavenly	0
dioiin	δίοιϊν	δῖος	heavenly	0
diopos	δίοπος	δίοπος	commander	0
dious	δίους	δῖος	heavenly	0
diopsis	δίοψις	δίοψις	a view through (something)	1
diplax	δίπλαξ	δίπλαξ	twofold	0
diploma	δίπλωμα	δίπλωμα	something double	0
diplosis	δίπλωσις	δίπλωσις	a doubling, a folding	0
dipolis	δίπολις	δίπολις	a double city	0
dipous	δίπους	δίπους	bipedal, with two feet	0
dipteros	δίπτερος	δίπτερος	Two-winged	1
diptukha	δίπτυχα	δίπτυχα	in a double fold	0
dis	δίς	δίς	twice	1
diskos	δίσκος	δίσκος	quoit, disc, discus	0
diphros	δίφρος	δίφρος	chariot-board (on which the warrior and the driver stood)	0
dikha	δίχα	δίχα	in two, asunder, apart	0
dipsa	δίψα	δίψα	thirst	1
dipsakos	δίψακος	δίψακος	diabetes, attended with violent thirst	0
dio	δίω	δίω	to run away	0
dion	δίων	δῖος	heavenly	0
dioxis	δίωξις	δίωξις	chase	0
diesi	δίῃσι	δῖος	heavenly	0
diesin	δίῃσιν	δῖος	heavenly	0
dio	δίῳ	δῖος	heavenly	0
daizo	δαΐζω	δαΐζω	to divide	0
dais	δαΐς	δαΐς	pinewood	0
daisi	δαΐσι	δαΐς	pinewood	0
daiphron	δαΐφρων	δαΐφρων	warlike, fiery	0
daemenai	δαήμεναι	ἐδάην	to teach	0
daer	δαήρ	δαήρ	husband's brother, brother-in-law	0
dai	δαί	δή	Adds temporal specificity	0
daidalos	δαίδαλος	δαίδαλος	cunningly wrought	0
daimona	δαίμονα	δαίμων	god	1
daimonas	δαίμονας	δαίμων	god	1
daimone	δαίμονε	δαίμων	god	1
daimones	δαίμονες	δαίμων	god	1
daimoni	δαίμονι	δαίμων	god	1
daimonos	δαίμονος	δαίμων	god	1
daimosi	δαίμοσι	δαίμων	god	1
daimosin	δαίμοσιν	δαίμων	god	1
daimon	δαίμων	δαίμων	god	1
dainumi	δαίνυμι	δαίνυμι	to give a feast, host a feast	0
dainunto	δαίνυντο	δαίνυμι	to give a feast, host a feast	0
daiomai	δαίομαι	δαίω	to light up, to kindle, to set on fire	0
dais	δαίς	δαίς	feast	0
daitesi	δαίτεσι	δαίς	feast	0
daitesin	δαίτεσιν	δαίς	feast	0
daitessi	δαίτεσσι	δαίς	feast	0
daio	δαίω	δαίω	to light up, to kindle, to set on fire	0
dagkano	δαγκάνω	δάκνω	to bite	0
daeio	δαείω	ἐδάην	to teach	0
daidallo	δαιδάλλω	δαιδάλλω	to work cunningly, embellish, adorn	0
daimonon	δαιμόνων	δαίμων	god	1
daisi	δαισί	δαίς	feast	0
daisin	δαισίν	δαίς	feast	0
daiti	δαιτί	δαίς	feast	0
daitoin	δαιτοῖν	δαίς	feast	0
daitoiin	δαιτοῖϊν	δαίς	feast	0
daitros	δαιτρός	δαιτρός	one that carves and portions out meat at table	0
daitumon	δαιτυμών	δαιτυμών	one that is entertained, an invited guest	0
daitos	δαιτός	δαίς	feast	0
daiton	δαιτῶν	δαίς	feast	0
dakruo	δακρύω	δακρύω	to cry	0
daktulou	δακτύλου	δάκτυλος	finger	1
damazo	δαμάζω	δαμάζω	to tame, subdue, control	0
damales	δαμάλης	δαμάλης	tamer, subduer	0
damase	δαμάσῃ	δαμάζω	to tame, subdue, control	0
dameie	δαμείη	δαμάζω	to tame, subdue, control	0
dameis	δαμείς	δαμάζω	to tame, subdue, control	0
dama	δαμᾷ	δαμάζω	to tame, subdue, control	0
damenai	δαμῆναι	δαμάζω	to tame, subdue, control	0
danake	δανάκη	δανάκη	name of a Persian coin used as an obol offered to corpses	0
dapane	δαπάνη	δαπάνη	cost, expenditure	0
dapanes	δαπάνης	δαπάνη	cost, expenditure	0
dapanao	δαπανάω	δαπανάω	to spend (on)	0
dardapto	δαρδάπτω	δαρδάπτω	to eat, devour, as wild beasts	0
dareikos	δαρεικός	δαρεικός	daric (a gold coin from the Persian Empire)	1
darthano	δαρθάνω	δαρθάνω	to sleep, fall asleep	0
dartos	δαρτός	δαρτός	Flayed	1
daseia	δασεῖα	δασεῖα	rough breathing (diacritical mark indicating aspiration)	1
dasu	δασύ	δασύ	the hair (on the head)	0
dasupous	δασύπους	δασύπους	European hare (Lepus europaeus)	0
dasus	δασύς	δασύς	hairy, shaggy	0
dasutes	δασύτης	δασύτης	roughness, hairiness	0
dateomai	δατέομαι	δατέομαι	to divide into portions	0
dapsiles	δαψιλής	δαψιλής	abundant, plentiful, copious	0
daita	δαῖτα	δαίς	feast	0
daitas	δαῖτας	δαίς	feast	0
daite	δαῖτε	δαίς	feast	0
daites	δαῖτες	δαίς	feast	0
daukos	δαῦκος	δαῦκος	The name of several umbelliferous plants	0
deestho	δεέσθω	δεέσθω	uncontracted third-person singular present mediopassive impe	0
deesai	δεήσαι	δέω	to bind, tie, fasten, fetter	0
deesei	δεήσει	δέω	to bind, tie, fasten, fetter	0
deeseie	δεήσειε	δέω	to bind, tie, fasten, fetter	0
deeseien	δεήσειεν	δέω	to bind, tie, fasten, fetter	0
deeseis	δεήσεις	δέω	to bind, tie, fasten, fetter	0
deesetai	δεήσεται	δέω	to bind, tie, fasten, fetter	0
deesete	δεήσετε	δέω	to bind, tie, fasten, fetter	0
deesomai	δεήσομαι	δέω	to bind, tie, fasten, fetter	0
deesomen	δεήσομεν	δέω	to bind, tie, fasten, fetter	0
deesousi	δεήσουσι	δέω	to bind, tie, fasten, fetter	0
deeso	δεήσω	δέω	to bind, tie, fasten, fetter	0
deese	δεήσῃ	δέω	to bind, tie, fasten, fetter	0
deidia	δείδια	δείδω	to fear, to dread	0
deidoika	δείδοικα	δείδω	to fear, to dread	0
deido	δείδω	δείδω	to fear, to dread	0
deiknumi	δείκνυμι	δείκνυμι	to show, point out	0
deiknus	δείκνυς	δείκνυμι	to show, point out	0
deile	δείλη	δείλη	afternoon	0
deilomai	δείλομαι	δείλομαι	Locrian and Delphic form of βούλομαι (boúlomai)	0
deipnoin	δείπνοιν	δεῖπνον	meal	0
deipnois	δείπνοις	δεῖπνον	meal	0
deipno	δείπνω	δεῖπνον	meal	0
deisas	δείσας	δείδω	to fear, to dread	0
deistho	δείσθω	δέω	to bind, tie, fasten, fetter	0
dedios	δεδιώς	δείδω	to fear, to dread	0
dedone	δεδώνη	δεδώνη	carrion crow (Corvus corone)	0
deetheis	δεηθείς	δέω	to bind, tie, fasten, fetter	0
deidios	δειδιώς	δείδω	to fear, to dread	0
deiknuo	δεικνύω	δείκνυμι	to show, point out	0
deila	δειλά	δειλός	cowardly	0
deilas	δειλάς	δειλός	cowardly	0
deile	δειλέ	δειλός	cowardly	0
deilen	δειλήν	δειλός	cowardly	0
deilia	δειλία	δειλία	cowardice	0
deilai	δειλαί	δειλός	cowardly	0
deilain	δειλαῖν	δειλός	cowardly	0
deilais	δειλαῖς	δειλός	cowardly	0
deiloi	δειλοί	δειλός	cowardly	0
deilous	δειλούς	δειλός	cowardly	0
deiloin	δειλοῖν	δειλός	cowardly	0
deiloio	δειλοῖο	δειλός	cowardly	0
deilois	δειλοῖς	δειλός	cowardly	0
deiloisi	δειλοῖσι	δειλός	cowardly	0
deilou	δειλοῦ	δειλός	cowardly	0
deilon	δειλόν	δειλός	cowardly	0
deilos	δειλός	δειλός	cowardly	0
deilotes	δειλότης	δειλότης	cowardice	0
deilo	δειλώ	δειλός	cowardly	0
deiles	δειλῆς	δειλός	cowardly	0
deime	δειμέ	δειμός	fear, terror	0
deimatoo	δειματόω	δειματόω	to frighten	0
deimoi	δειμοί	δειμός	fear, terror	0
deimous	δειμούς	δειμός	fear, terror	0
deimoin	δειμοῖν	δειμός	fear, terror	0
deimois	δειμοῖς	δειμός	fear, terror	0
deimou	δειμοῦ	δειμός	fear, terror	0
deimon	δειμόν	δειμός	fear, terror	0
deimos	δειμός	δειμός	fear, terror	0
deimo	δειμώ	δειμός	fear, terror	0
deina	δεινά	δεινός	terrible	1
deinas	δεινάς	δεινός	terrible	1
deinaon	δεινάων	δεινός	terrible	1
deine	δεινέ	δεινός	terrible	1
deineon	δεινέων	δεινός	terrible	1
deinen	δεινήν	δεινός	terrible	1
deinai	δειναί	δεινός	terrible	1
deinain	δειναῖν	δεινός	terrible	1
deinais	δειναῖς	δεινός	terrible	1
deinaiin	δειναῖϊν	δεινός	terrible	1
deinoi	δεινοί	δεινός	terrible	1
deinous	δεινούς	δεινός	terrible	1
deinoin	δεινοῖν	δεινός	terrible	1
deinoio	δεινοῖο	δεινός	terrible	1
deinois	δεινοῖς	δεινός	terrible	1
deinoisi	δεινοῖσι	δεινός	terrible	1
deinoiin	δεινοῖϊν	δεινός	terrible	1
deinou	δεινοῦ	δεινός	terrible	1
deinon	δεινόν	δεινόν	danger	0
deinos	δεινός	δεινός	terrible	1
deino	δεινώ	δεινός	terrible	1
deines	δεινῆς	δεινός	terrible	1
deinesi	δεινῇσι	δεινός	terrible	1
deinesin	δεινῇσιν	δεινός	terrible	1
deinon	δεινῶν	δεινός	terrible	1
deinos	δεινῶς	δεινῶς	terribly	0
deipneo	δειπνέω	δειπνέω	to dine	0
deiras	δειράς	δειράς	The ridge of a column of hills	0
deire	δειρή	δέρη	neck, throat	0
dekas	δεκάς	δεκάς	the number ten	1
dekate	δεκάτη	δέκατος	tenth (ordinal number)	0
dekanos	δεκανός	δεκανός	decanus, decurion	0
delphis	δελφίς	δελφίς	dolphin	0
delphus	δελφύς	δελφύς	the womb	0
dendillo	δενδίλλω	δενδίλλω	to wink, blink	0
dexia	δεξιά	δεξιός	right (opposite of left)	0
dexios	δεξιός	δεξιός	right (opposite of left)	0
dexio	δεξιῷ	δεξιός	right (opposite of left)	0
deoimen	δεοίμην	δέω	to bind, tie, fasten, fetter	0
deoin	δεοῖν	δέος	fear, alarm	0
depaessi	δεπάεσσι	δέπας	beaker, goblet	0
desme	δεσμέ	δεσμός	bond	1
desmoin	δεσμοῖν	δεσμός	bond	1
desmoio	δεσμοῖο	δεσμός	bond	1
desmoiin	δεσμοῖϊν	δεσμός	bond	1
desmou	δεσμοῦ	δεσμός	bond	1
desmon	δεσμόν	δεσμός	bond	1
desmos	δεσμός	δεσμός	bond	1
desmo	δεσμώ	δεσμός	bond	1
despoton	δεσποτῶν	δεσπότης	master	1
despotai	δεσπόται	δεσπότης	master	1
despotas	δεσπότας	δεσπότης	master	1
despotea	δεσπότεα	δεσπότης	master	1
despoteo	δεσπότεω	δεσπότης	master	1
despoten	δεσπότην	δεσπότης	master	1
despotes	δεσπότης	δεσπότης	master	1
despotou	δεσπότου	δεσπότης	master	1
despoto	δεσπότω	δεσπότης	master	1
despote	δεσπότῃ	δεσπότης	master	1
detos	δετός	δετός	that may be tied, bound up	0
deuter	δευτήρ	δευτήρ	kettle, cauldron	0
deometha	δεόμεθα	δέω	to bind, tie, fasten, fetter	0
deomenos	δεόμενος	δέω	to bind, tie, fasten, fetter	0
deuetai	δεύεται	δεύω	to wet, moisten, drench	0
deuonto	δεύοντο	δεύω	to wet, moisten, drench	0
deuo	δεύω	δεύω	to wet, moisten, drench	0
dei	δεῖ	δεῖ	it behoves one to, it is necessary to, one must	0
deigma	δεῖγμα	δεῖγμα	specimen, sample	0
deima	δεῖμα	δεῖμα	fear	0
dein	δεῖν	δέω	to bind, tie, fasten, fetter	0
deixai	δεῖξαι	δείκνυμι	to show, point out	0
deixis	δεῖξις	δεῖξις	mode of proof	0
deipna	δεῖπνα	δεῖπνον	meal	0
deipnon	δεῖπνον	δεῖπνον	meal	0
deis	δεῖς	δέω	to bind, tie, fasten, fetter	0
deisthai	δεῖσθαι	δέω	to bind, tie, fasten, fetter	0
deisthe	δεῖσθε	δεῖσθε	contracted second-person plural present mediopassive indicat	0
deitai	δεῖται	δέω	to bind, tie, fasten, fetter	0
deite	δεῖτε	δεῖτε	contracted second-person singular present active indicative/	0
deue	δεῦε	δεύω	to wet, moisten, drench	0
deukos	δεῦκος	δεῦκος	sweet (taste)	0
deuma	δεῦμα	δεῦμα	that which is seethed, boiled	0
deuro	δεῦρο	δεῦρο	hither	0
deute	δεῦτε	δεῦρο	hither	0
deon	δεῶν	δέος	fear, alarm	0
detha	δηθά	δηθά	for a long time	0
dethuno	δηθύνω	δηθύνω	to tarry, delay	0
dethunon	δηθύνων	δηθύνω	to tarry, delay	0
deleomai	δηλέομαι	δηλέομαι	to hurt, damage, spoil, waste	0
deleter	δηλητήρ	δηλητήρ	destroyer	0
deloie	δηλοίη	δηλόω	to show, to make apparent or known, clear	0
deloien	δηλοίην	δηλόω	to show, to make apparent or known, clear	0
deloies	δηλοίης	δηλόω	to show, to make apparent or known, clear	0
deloiete	δηλοίητε	δηλόω	to show, to make apparent or known, clear	0
delouto	δηλούτω	δηλόω	to show, to make apparent or known, clear	0
deloi	δηλοῖ	δηλόω	to show, to make apparent or known, clear	0
deloimen	δηλοῖμεν	δηλόω	to show, to make apparent or known, clear	0
delois	δηλοῖς	δηλόω	to show, to make apparent or known, clear	0
deloite	δηλοῖτε	δηλόω	to show, to make apparent or known, clear	0
deloumai	δηλοῦμαι	δηλόω	to show, to make apparent or known, clear	0
deloumen	δηλοῦμεν	δηλόω	to show, to make apparent or known, clear	0
deloun	δηλοῦν	δηλόω	to show, to make apparent or known, clear	0
delousi	δηλοῦσι	δηλόω	to show, to make apparent or known, clear	0
deloutai	δηλοῦται	δηλόω	to show, to make apparent or known, clear	0
deloute	δηλοῦτε	δηλόω	to show, to make apparent or known, clear	0
deloo	δηλόω	δηλόω	to show, to make apparent or known, clear	0
deloso	δηλώσω	δηλόω	to show, to make apparent or known, clear	0
delo	δηλῶ	δηλόω	to show, to make apparent or known, clear	0
delomai	δηλῶμαι	δηλόω	to show, to make apparent or known, clear	0
delomen	δηλῶμεν	δηλόω	to show, to make apparent or known, clear	0
delon	δηλῶν	δηλόω	to show, to make apparent or known, clear	0
delosai	δηλῶσαι	δηλόω	to show, to make apparent or known, clear	0
delosthe	δηλῶσθε	δηλόω	to show, to make apparent or known, clear	0
delotai	δηλῶται	δηλόω	to show, to make apparent or known, clear	0
delote	δηλῶτε	δηλόω	to show, to make apparent or known, clear	0
deme	δημέ	δημός	fat	0
demosiou	δημοσίου	δημόσιος	belonging to the state or people, public	0
demosia	δημοσίᾳ	δημοσίᾳ	at public expense	0
demosio	δημοσίῳ	δημόσιος	belonging to the state or people, public	0
demotika	δημοτικά	δημοτικός	of or for the people, common	1
demotike	δημοτικέ	δημοτικός	of or for the people, common	1
demou	δημοῦ	δημός	fat	0
demon	δημόν	δημός	fat	0
demos	δημός	δημός	fat	0
demosia	δημόσια	δημόσιος	belonging to the state or people, public	0
demosion	δημόσιον	δημόσιον	the state	0
demosios	δημόσιος	δημόσιος	belonging to the state or people, public	0
demotes	δημότης	δημότης	commoner, plebeian	0
demodes	δημώδης	δημώδης	of the people	0
demodous	δημώδους	δημώδης	of the people	0
demo	δημῷ	δημός	fat	0
denarion	δηνάριον	δηνάριον	a denarius	0
deron	δηρόν	δηρός	long, too long	0
deros	δηρός	δηρός	long, too long	0
deiotes	δηϊοτής	δηϊοτής	conflict	0
deioo	δηϊόω	δῃόω	to slay	0
diistemi	διΐστημι	διΐστημι	to set apart, place separately	0
dia	διά	διά	[with genitive]	0
diabolos	διάβολος	διάβολος	slanderous	0
diago	διάγω	διάγω	to carry over or across	0
diadema	διάδημα	διάδημα	headband	1
diazesis	διάζησις	διάζησις	a way of living	0
diazoma	διάζωμα	διάζωμα	girdle, drawers, loincloth	0
diakonos	διάκονος	διάκονος	messenger, courier	0
dialekte	διάλεκτε	διάλεκτος	discourse, conversation	0
dialexis	διάλεξις	διάλεξις	discourse, argument	0
dialoge	διάλογε	διάλογος	conversation, dialogue	0
dialogoi	διάλογοι	διάλογος	conversation, dialogue	0
dialogos	διάλογος	διάλογος	conversation, dialogue	0
dialuse	διάλυσε	διάλυσος	releaser, coined as an epithet for Dionysius	0
dialusin	διάλυσιν	διάλυσις	a separating or parting	0
dialusis	διάλυσις	διάλυσις	a separating or parting	0
dialusoi	διάλυσοι	διάλυσος	releaser, coined as an epithet for Dionysius	0
dialuson	διάλυσον	διάλυσος	releaser, coined as an epithet for Dionysius	0
dialusos	διάλυσος	διάλυσος	releaser, coined as an epithet for Dionysius	0
dialutos	διάλυτος	διάλυτος	relaxed	0
dianoia	διάνοια	διάνοια	intention, purpose	0
diaptoma	διάπτωμα	διάπτωμα	Stumble, slip	0
diarion	διάριον	διάριον	diarium, day-wage, day's allowance	0
diarkeia	διάρκεια	διάρκεια	sufficiency	0
diarroia	διάρροια	διάρροια	flowing through, diarrhoea	0
diastema	διάστημα	διάστημα	An interval or distance	0
diataxis	διάταξις	διάταξις	disposition, arrangement	0
diatasis	διάτασις	διάτασις	tension, dilatation	0
diaphora	διάφορα	διάφορος	various, different	0
diaon	διάων	δῖος	heavenly	0
diek	διέκ	διέκ	out through	0
diekploi	διέκπλοι	διέκπλοος	sailing across or through, passing across or through	0
diepo	διέπω	διέπω	to manage, administer, arrange	0
diessuto	διέσσυτο	διασεύομαι	to dart through, rush across	0
dieon	διέων	δῖος	heavenly	0
diegesis	διήγησις	διήγησις	narration, narrative	0
diairo	διαίρω	διαίρω	to raise up, lift up	0
diaitema	διαίτημα	διαίτημα	food, diet	0
diaballo	διαβάλλω	διαβάλλω	to throw over or across	0
diabas	διαβάς	διαβαίνω	to stride, walk or stand with legs apart	0
diabetes	διαβήτης	διαβήτης	pair of compasses (so called from its outstretched legs)	1
diabaino	διαβαίνω	διαβαίνω	to stride, walk or stand with legs apart	0
diabatos	διαβατός	διαβατός	to be crossed or passed, fordable, accessible	0
diabole	διαβολή	διαβολή	calumny, slander, defamation	0
diagnome	διαγνώμη	διαγνώμη	decree	0
diadeo	διαδέω	διαδέω	to bind round	0
diazo	διαζῶ	διαζῶ	to live through (time or circumstance)	0
diatheke	διαθήκη	διαθήκη	testament, will (legal document)	0
diaireo	διαιρέω	διαιρέω	to take apart, cleave in twain, divide	0
diaitao	διαιτάω	διαιτάω	to treat (handle, deal with or behave towards in a specific	0
diaitos	διαιτός	διαιτός	judge	0
diaiton	διαιτῶν	διαιτάω	to treat (handle, deal with or behave towards in a specific	0
diakoneo	διακονέω	διακονέω	to wait on, serve	0
diakonia	διακονία	διακονία	service	0
diakope	διακοπή	διακοπή	gash, cleft	1
diakrino	διακρίνω	διακρίνω	to separate, part	0
diakopto	διακόπτω	διακόπτω	to cut in two, cut through, gash	0
dialego	διαλέγω	διαλέγω	to choose, gather, pick (out), select	0
dialeipo	διαλείπω	διαλείπω	to intermit, delay, cease, stop	0
dialoge	διαλογή	διαλογή	computation	0
dialuta	διαλυτά	διαλυτής	dissolver, breaker-up	0
dialutas	διαλυτάς	διαλυτής	dissolver, breaker-up	0
dialuten	διαλυτήν	διαλυτής	dissolver, breaker-up	0
dialutes	διαλυτής	διαλυτής	dissolver, breaker-up	0
dialutai	διαλυταί	διαλυτής	dissolver, breaker-up	0
dialutou	διαλυτοῦ	διαλυτής	dissolver, breaker-up	0
dialutos	διαλυτός	διαλυτός	capable of dissolution	0
dialute	διαλυτῇ	διαλυτής	dissolver, breaker-up	0
dialuton	διαλυτῶν	διαλυτής	dissolver, breaker-up	0
dialogou	διαλόγου	διάλογος	conversation, dialogue	0
dialogon	διαλόγων	διάλογος	conversation, dialogue	0
dialusou	διαλύσου	διάλυσος	releaser, coined as an epithet for Dionysius	0
dialuso	διαλύσω	διάλυσος	releaser, coined as an epithet for Dionysius	0
dialutes	διαλύτης	διαλύτης	dissolving, undoing, parting asunder	0
dialutos	διαλύτως	διαλύτως	in a manner that can be dissolved, separated	0
dialuo	διαλύω	διαλύω	to loose one from another, to part asunder, undo, dissolve	0
diamello	διαμέλλω	διαμέλλω	to delay continually	0
diameno	διαμένω	διαμένω	to stay or remain through (time or circumstance), to remain	0
diamenuo	διαμηνύω	διαμηνύω	to point out clearly	0
dianoeo	διανοέω	διανοέομαι	to intend	0
dianuo	διανύω	διανύω	to finish, bring to an end, accomplish	0
diapason	διαπασῶν	διαπασῶν	octave	1
diapleo	διαπλέω	διαπλέω	to sail across, sail through a strait or gap	0
diapneo	διαπνέω	διαπνέω	to blow through	0
diaprio	διαπρίω	διαπρίω	to saw asunder or in two, to divide by a saw	0
diapro	διαπρό	διαπρό	right through	0
diarkeo	διαρκέω	διαρκέω	to suffice	0
diarkes	διαρκής	διαρκής	sufficient	0
diarpazo	διαρπάζω	διαρπάζω	to tear in pieces	0
diarreo	διαρρέω	διαρρέω	to flow (through), to run (of liquids)	0
diarraio	διαρραίω	διαρραίω	to dash in pieces, destroy	0
diarroe	διαρροή	διαρροή	that through which something flows	0
diaspora	διασπορά	διασπορά	scattering, dispersion	1
diastole	διαστολή	διαστολή	dilatation	1
diasozo	διασῴζω	διασῴζω	to preserve through (a danger), bring safe	0
diateleo	διατελέω	διατελέω	to accomplish, complete, finish, fulfill	0
diatmego	διατμήγω	διατμήγω	to cut apart, cleave, separate	0
diatribo	διατρίβω	διατρίβω	to rub hard	0
diatribe	διατριβή	διατριβή	a way of spending time	0
diaphero	διαφέρω	διαφέρω	to carry over or across, to carry from one to another	0
diaphora	διαφορά	διαφορά	difference	0
diakheo	διαχέω	διαχέω	to scatter	0
diaugeia	διαύγεια	διαύγεια	translucency	0
digenes	διγενής	διγενής	of doubtful or twofold sex, androgynous, hermaphrodite	1
didasko	διδάσκω	διδάσκω	to teach	0
didaktos	διδακτός	διδακτός	taught	1
didakhe	διδαχή	διδαχή	teaching	0
didrasko	διδράσκω	διδράσκω	to run away	0
didoasi	διδόασι	δίδωμι	to give	0
didonton	διδόντων	δίδωμι	to give	0
didumou	διδύμου	δίδυμος	double	1
didumous	διδύμους	δίδυμος	double	1
didumon	διδύμων	δίδυμος	double	1
diekpleo	διεκπλέω	διεκπλέω	to sail out (through)	0
dielthon	διελθών	διέρχομαι	to go through, pass through	0
dietes	διετής	διετής	of or lasting two years	0
diephane	διεφάνη	διαφαίνω	to show through (transitive), shine through	0
diekoneo	διηκονέω	διακονέω	to wait on, serve	0
dithumia	διθυμία	διθυμία	dissension	0
diipetes	διιπετής	διιπετής	fallen from Zeus, from heaven	0
dikazo	δικάζω	δικάζω	to judge, sit in judgement	0
dikaioma	δικαίωμα	δικαίωμα	an act by which wrong is set right	0
dikaios	δικαίως	δικαίως	decently	0
dikaioo	δικαιόω	δικαιόω	to set right	0
dikasthe	δικασθῇ	δικάζω	to judge, sit in judgement	0
dikastes	δικαστής	δικαστής	judge	0
dikein	δικεῖν	δικεῖν	to throw, cast	0
dilogia	διλογία	διλογία	repetition, redundancy	0
dilokhia	διλοχία	διλοχία	double company	1
dineo	δινέω	δινέω	to whirl	0
dineeis	δινήεις	δινήεις	whirling, eddying	0
dixos	διξός	διξός	Ionic spelling of δισσός (dissós)	0
diogenes	διογενής	διογενής	born of Zeus	0
dioikeo	διοικέω	διοικέω	to manage, control, govern, administer	0
dioxeion	διοξειῶν	διοξειῶν	a fifth (musical interval between one note and another five	0
diopetes	διοπετής	διοπετής	Fallen from Zeus, from heaven	0
diploos	διπλόος	διπλόος	double	0
diploo	διπλόω	διπλόω	to repeat a process	0
dirkaia	διρκαία	διρκαία	black swallow-wort (Vincetoxicum nigrum)	0
dissos	δισσός	δισσός	twofold, double	0
dittos	διττός	διττός	Attic spelling of δισσός (dissós)	0
diulizo	διυλίζω	διυλίζω	to strain, filter	0
diphues	διφυής	διφυής	of double form, dual-natured	1
dipsas	διψάς	διψάς	venomous serpent, whose bite caused intense thirst	0
dipsao	διψάω	διψάω	to thirst	0
dipseo	διψέω	διψάω	to thirst	0
dipseros	διψηρός	διψηρός	thirsty	0
diogmos	διωγμός	διωγμός	the chase, pursuit	0
diokteos	διωκτέος	διωκτέος	that must pursue or be pursued	0
diomosia	διωμοσία	διωμοσία	an oath sworn by both the defendant and the prosecution befo	0
dio	διό	διό	wherefore, on which account	0
diodou	διόδου	δίοδος	passage, way through, thoroughfare	0
diodous	διόδους	δίοδος	passage, way through, thoroughfare	0
diodon	διόδων	δίοδος	passage, way through, thoroughfare	0
dioti	διότι	διότι	because	0
diokein	διώκειν	διώκω	to make to run, set in quick motion	0
dioko	διώκω	διώκω	to make to run, set in quick motion	0
diege	διῆγε	διάγω	to carry over or across	0
dielthe	διῆλθε	διέρχομαι	to go through, pass through	0
dielthen	διῆλθεν	διέρχομαι	to go through, pass through	0
dmeter	δμητήρ	δμητήρ	tamer	0
dmosi	δμωσί	δμώς	slave taken in war	0
dmosin	δμωσίν	δμώς	slave taken in war	0
dmoessi	δμώεσσι	δμώς	slave taken in war	0
dmoessin	δμώεσσιν	δμώς	slave taken in war	0
dmos	δμώς	δμώς	slave taken in war	0
dmoon	δμώων	δμώς	slave taken in war	0
dmoas	δμῳάς	δμῳή	female slave taken in war	0
dmoe	δμῳή	δμῳή	female slave taken in war	0
dmoai	δμῳαί	δμῳή	female slave taken in war	0
dmoesi	δμῳῇσι	δμῳή	female slave taken in war	0
dmoesin	δμῳῇσιν	δμῳή	female slave taken in war	0
dmo	δμῶ	δμώς	slave taken in war	0
dmoa	δμῶα	δμώς	slave taken in war	0
dmoas	δμῶας	δμώς	slave taken in war	0
dmoe	δμῶε	δμώς	slave taken in war	0
dmoes	δμῶες	δμώς	slave taken in war	0
dnophos	δνόφος	δνόφος	darkness	0
doassato	δοάσσατο	δοάσσατο	it seemed	0
doie	δοίη	δέω	to bind, tie, fasten, fetter	0
doiemen	δοίημεν	δίδωμι	to give	0
doien	δοίην	δίδωμι	to give	0
doies	δοίης	δέω	to bind, tie, fasten, fetter	0
doiete	δοίητε	δίδωμι	to give	0
doimen	δοίμην	δίδωμι	to give	0
dothien	δοθιήν	δοθιήν	small abscess	1
doia	δοιά	δοιά	in two ways	0
doie	δοιή	δοιή	doubt, perplexity	0
doiai	δοιαί	δοιός	twofold	0
doious	δοιούς	δοιός	twofold	0
doios	δοιός	δοιός	twofold	0
doio	δοιώ	δοιός	twofold	0
dokeein	δοκέειν	δοκέειν	uncontracted present active infinitive of δοκέω (dokéō)	0
dokeousi	δοκέουσι	δοκέουσι	uncontracted third-person plural present active indicative o	0
dokeo	δοκέω	δοκέω	to expect, think, suppose, imagine	0
dokeso	δοκήσω	δοκέω	to expect, think, suppose, imagine	0
dokeito	δοκείτω	δοκέω	to expect, think, suppose, imagine	0
dokeuei	δοκεύει	δοκεύω	to keep an eye on, watch closely	0
dokeuo	δοκεύω	δοκεύω	to keep an eye on, watch closely	0
dokei	δοκεῖ	δοκεῖ	it seems to me, methinks	0
dokein	δοκεῖν	δοκέω	to expect, think, suppose, imagine	0
dokeis	δοκεῖς	δοκέω	to expect, think, suppose, imagine	0
dokimazo	δοκιμάζω	δοκιμάζω	to assay, test, put to the test, make trial of	0
dokime	δοκιμή	δοκιμή	test, trial, examination	0
dokoie	δοκοίη	δοκέω	to expect, think, suppose, imagine	0
dokoien	δοκοίην	δοκέω	to expect, think, suppose, imagine	0
dokoies	δοκοίης	δοκέω	to expect, think, suppose, imagine	0
dokoiete	δοκοίητε	δοκέω	to expect, think, suppose, imagine	0
dokoi	δοκοῖ	δοκέω	to expect, think, suppose, imagine	0
dokoimen	δοκοῖμεν	δοκέω	to expect, think, suppose, imagine	0
dokois	δοκοῖς	δοκέω	to expect, think, suppose, imagine	0
dokoumai	δοκοῦμαι	δοκέω	to expect, think, suppose, imagine	0
dokoumen	δοκοῦμεν	δοκέω	to expect, think, suppose, imagine	0
dokousi	δοκοῦσι	δοκέω	to expect, think, suppose, imagine	0
dokousin	δοκοῦσιν	δοκέω	to expect, think, suppose, imagine	0
dokos	δοκός	δοκός	the main beam, especially in a house	0
dokoo	δοκόω	δοκόω	to furnish with rafters	0
dokete	δοκῆτε	δοκέω	to expect, think, suppose, imagine	0
doke	δοκῇ	δοκέω	to expect, think, suppose, imagine	0
dokes	δοκῇς	δοκέω	to expect, think, suppose, imagine	0
doko	δοκῶ	δοκέω	to expect, think, suppose, imagine	0
dokomen	δοκῶμεν	δοκέω	to expect, think, suppose, imagine	0
dokon	δοκῶν	δοκός	the main beam, especially in a house	0
dokosi	δοκῶσι	δοκέω	to expect, think, suppose, imagine	0
dokosin	δοκῶσιν	δοκέω	to expect, think, suppose, imagine	0
doleros	δολερός	δολερός	deceitful, treacherous	0
dolikhen	δολιχήν	δολιχός	long	1
dolikhos	δολιχός	δολιχός	long	1
doloo	δολόω	δολόω	to beguile, ensnare, take by craft	0
domene	δομένη	δίδωμι	to give	0
domeo	δομέω	δομέω	to construct, build	0
dometor	δομήτωρ	δομήτωρ	builder, constructer	0
domoo	δομόω	δομόω	to provide with lodging	0
doneo	δονέω	δονέω	to shake, cause to quiver, especially of the wind	0
donakon	δονακών	δονακών	thicket of reeds	0
doxazo	δοξάζω	δοξάζω	to think, suppose, imagine	0
doxarion	δοξάριον	δόξα	expectation	1
dora	δορά	δορά	Skin when taken off, hide	1
doraton	δοράτων	δόρυ	wood, tree, stem	1
dori	δορί	δόρυ	wood, tree, stem	1
dorkas	δορκάς	δορκάς	roe, gazelle, antelope	0
doros	δορός	δορός	leathern bag or wallet	0
doter	δοτήρ	δοτήρ	giver, dispenser	0
dotike	δοτική	δοτική	the dative case	0
dotikos	δοτικός	δοτικός	generous	0
dotos	δοτός	δοτός	granted	0
doukaton	δουκάτον	δουκάτον	duchy, dukedom (a country or territory ruled by a duke or du	0
douki	δουκί	δούξ	military leader	0
doukos	δουκός	δούξ	military leader	0
doukon	δουκῶν	δούξ	military leader	0
douleia	δουλεία	δουλεία	slavery, bondage	0
douleias	δουλείας	δουλεία	slavery, bondage	0
douleuei	δουλεύει	δουλεύω	to be a slave	0
douleuoi	δουλεύοι	δουλεύω	to be a slave	0
douleuso	δουλεύσω	δουλεύω	to be a slave	0
douleuo	δουλεύω	δουλεύω	to be a slave	0
douleuon	δουλεύων	δουλεύω	to be a slave	0
douleue	δουλεύῃ	δουλεύω	to be a slave	0
douleues	δουλεύῃς	δουλεύω	to be a slave	0
douloo	δουλόω	δουλόω	to enslave	0
doulon	δουλῶν	δούλη	female slave	0
douxi	δουξί	δούξ	military leader	0
douxin	δουξίν	δούξ	military leader	0
doupeo	δουπέω	δουπέω	to fall with a thud, to crash (collide, fall or come down vi	0
douri	δουρί	δόρυ	wood, tree, stem	1
dokhe	δοχή	δοχή	receptacle	0
dokhmos	δοχμός	δοχμός	oblique, aslant	0
dokhos	δοχός	δοχός	Containing, able to hold	0
doulain	δούλαιν	δοῦλος	slavish, servile, subject	0
doulais	δούλαις	δούλη	female slave	0
doulas	δούλας	δούλη	female slave	0
doule	δούλη	δούλη	female slave	0
doulen	δούλην	δούλη	female slave	0
doules	δούλης	δούλη	female slave	0
douloin	δούλοιν	δοῦλος	slavish, servile, subject	0
doulois	δούλοις	δοῦλος	slavish, servile, subject	0
doulou	δούλου	δοῦλος	slavish, servile, subject	0
doulous	δούλους	δοῦλος	slavish, servile, subject	0
doulo	δούλω	δοῦλος	slavish, servile, subject	0
doulon	δούλων	δοῦλος	slavish, servile, subject	0
doulosis	δούλωσις	δούλωσις	enslavement	1
doux	δούξ	δούξ	military leader	0
doupesen	δούπησεν	δουπέω	to fall with a thud, to crash (collide, fall or come down vi	0
dous	δούς	δίδωμι	to give	0
doidux	δοῖδυξ	δοῖδυξ	pestle	0
doien	δοῖεν	δέω	to bind, tie, fasten, fetter	0
dointo	δοῖντο	δίδωμι	to give	0
doio	δοῖο	δίδωμι	to give	0
doisthe	δοῖσθε	δίδωμι	to give	0
doite	δοῖτε	δίδωμι	to give	0
doito	δοῖτο	δίδωμι	to give	0
dou	δοῦ	δίδωμι	to give	0
douka	δοῦκα	δούξ	military leader	0
doukas	δοῦκας	δούξ	military leader	0
doukes	δοῦκες	δούξ	military leader	0
doula	δοῦλα	δοῦλος	slavish, servile, subject	0
doulai	δοῦλαι	δούλη	female slave	0
doule	δοῦλε	δοῦλος	slavish, servile, subject	0
douloi	δοῦλοι	δοῦλος	slavish, servile, subject	0
doulos	δοῦλος	δοῦλος	slavish, servile, subject	0
doumos	δοῦμος	δοῦμος	association, community, commune – whether familial or religi	0
doupon	δοῦπον	δοῦπος	thud, any dull and heavy sound	0
doupos	δοῦπος	δοῦπος	thud, any dull and heavy sound	0
drabe	δράβη	δράβη	whitetop (Lepidium draba)	0
dragle	δράγλη	δράγλη	kind of javelin	0
dragma	δράγμα	δράγμα	handful, bunch	0
drakaina	δράκαινα	δράκαινα	dragoness	0
drakos	δράκος	δράκος	eye	0
drakon	δράκων	δράκων	dragon	0
dramix	δράμιξ	δράμιξ	a type of bread	0
drax	δράξ	δράξ	fist, clenched hand	0
drasas	δράσας	δράω	to act	0
drao	δράω	δράω	to act	0
drepanon	δρέπανον	δρέπανον	sickle	0
drepo	δρέπω	δρέπω	to pluck, cull	0
drilax	δρίλαξ	δρίλαξ	leech	0
drios	δρίος	δρίος	copse	0
drakein	δρακεῖν	δέρκομαι	to see, see clearly	0
drapetes	δραπέτης	δραπέτης	a runaway, especially a runaway slave	0
drakhme	δραχμή	δραχμή	drachma	0
draukion	δραύκιον	δραύκιον	sort of necklace	0
drepane	δρεπάνη	δρεπάνη	sickle	0
drepanis	δρεπανίς	δρεπανίς	Alpine swift (Tachymarptis melba)	0
drimus	δριμύς	δριμύς	sharp	0
droite	δροίτη	δροίτη	tub, basin	0
dromas	δρομάς	δρομάς	running, whirling, swift	0
dromaios	δρομαῖος	δρομαῖος	running at full speed, swift, fleet	0
droseros	δροσερός	δροσερός	dewy, watery	0
drui	δρυΐ	δρῦς	tree	0
drumos	δρυμός	δρυμός	A copse, a thicket, a wood, forest	0
druoin	δρυοῖν	δρῦς	tree	0
druoiin	δρυοῖϊν	δρῦς	tree	0
drupepes	δρυπεπής	δρυπεπής	ripened on a tree, quite ripe	0
drusi	δρυσί	δρῦς	tree	0
drusin	δρυσίν	δρῦς	tree	0
drussi	δρυσσί	δρῦς	tree	0
drussin	δρυσσίν	δρῦς	tree	0
drutomos	δρυτόμος	δρυτόμος	cutting wood	0
druos	δρυός	δρῦς	tree	0
druon	δρυῶν	δρῦς	tree	0
dromoi	δρόμοι	δρόμος	race, running	1
dromoin	δρόμοιν	δρόμος	race, running	1
dromois	δρόμοις	δρόμος	race, running	1
dromon	δρόμον	δρόμος	race, running	1
dromos	δρόμος	δρόμος	race, running	1
dromou	δρόμου	δρόμος	race, running	1
dromous	δρόμους	δρόμος	race, running	1
dromo	δρόμω	δρόμος	race, running	1
drosos	δρόσος	δρόσος	dew	0
druas	δρύας	δρύας	a kind of snake or serpent	0
drue	δρύε	δρῦς	tree	0
drues	δρύες	δρῦς	tree	0
druessi	δρύεσσι	δρῦς	tree	0
druessin	δρύεσσιν	δρῦς	tree	0
druops	δρύοψ	δρύοψ	woodpecker	0
drupto	δρύπτω	δρύπτω	to tear, strip or lacerate	0
druinos	δρύϊνος	δρύϊνος	oaken	0
dromenos	δρώμενος	δράω	to act	0
dropto	δρώπτω	δρώπτω	to look	0
drama	δρᾶμα	δρᾶμα	a deed, act	0
dran	δρᾶν	δράω	to act	0
drasis	δρᾶσις	δρᾶσις	strength, efficacy	0
dra	δρᾷ	δράω	to act	0
drilos	δρῖλος	δρῖλος	verpus	0
dru	δρῦ	δρῦς	tree	0
drun	δρῦν	δρῦς	tree	0
drus	δρῦς	δρῦς	tree	0
dron	δρῶν	δράω	to act	0
dropax	δρῶπαξ	δρῶπαξ	pitch plaster used in medicine	0
drosin	δρῶσιν	δράω	to act	0
dromen	δρῷμεν	δράω	to act	0
duas	δυάς	δυάς	the number two	1
dunastes	δυνάστης	δυνάστης	Lord, ruler	1
dunesato	δυνήσατο	δύναμαι	to be able, capable, strong enough to do, can	0
dunaten	δυνατήν	δυνατός	strong, mighty	0
dunatos	δυνατός	δυνατός	strong, mighty	0
dunatos	δυνατῶς	δυνατῶς	forcefully, skillfully	0
dusaes	δυσαής	δυσαής	blowing contrarily or violently	0
dusgenes	δυσγενής	δυσγενής	lowborn, lowly born	0
dusekhes	δυσηχής	δυσηχής	ill-sounding, noisy, cacophonous (in Homer, an epithet of wa	0
dusme	δυσμή	δυσμή	the setting of the Sun or other stars	0
dusmai	δυσμαί	δυσμαί	the setting of the Sun or other stars	0
dusmenes	δυσμενής	δυσμενής	hostile	0
duodeka	δυώδεκα	δώδεκα	twelve	0
dodekate	δωδεκάτη	δωδέκατος	twelfth	0
domation	δωμάτιον	δωμάτιον	chamber, bedchamber	0
doreo	δωρέω	δωρέω	to gift a thing to one	0
doris	δωρίς	δωρίς	purple viper's bugloss (Echium plantagineum)	0
dorea	δωρεά	δωρεά	a gift, a present, and especially bounty	0
dorean	δωρεάν	δωρεάν	as a free gift, freely, for free	0
doter	δωτήρ	δωτήρ	giver	0
dogia	δόγια	δόγια	funeral service	0
dogma	δόγμα	δόγμα	opinion, belief	0
dokei	δόκει	δοκέω	to expect, think, suppose, imagine	0
dokimos	δόκιμος	δόκιμος	acceptable	0
dole	δόλε	δόλος	trick, deceit	0
dolios	δόλιος	δόλιος	crafty, deceitful, treacherous	0
dolikhos	δόλιχος	δόλιχος	long course in the arena	0
doloi	δόλοι	δόλος	trick, deceit	0
doloin	δόλοιν	δόλος	trick, deceit	0
dolois	δόλοις	δόλος	trick, deceit	0
doloisi	δόλοισι	δόλος	trick, deceit	0
dolon	δόλον	δόλος	trick, deceit	0
dolos	δόλος	δόλος	trick, deceit	0
dolou	δόλου	δόλος	trick, deceit	0
dolous	δόλους	δόλος	trick, deceit	0
dolo	δόλω	δόλος	trick, deceit	0
doloma	δόλωμα	δόλωμα	trick, deceit	0
doma	δόμα	δόμα	gift, present	0
dome	δόμε	δόμος	house	0
domen	δόμεν	δίδωμι	to give	0
domenai	δόμεναι	δίδωμι	to give	0
domenon	δόμενον	δίδωμι	to give	0
domenos	δόμενος	δίδωμι	to give	0
domoi	δόμοι	δόμος	house	0
domoio	δόμοιο	δόμος	house	0
domois	δόμοις	δόμος	house	0
domoisi	δόμοισι	δόμος	house	0
domoisin	δόμοισιν	δόμος	house	0
domon	δόμον	δόμος	house	0
domonde	δόμονδε	δόμονδε	homeward, home (to/toward one's own house)	0
domos	δόμος	δόμος	house	0
domou	δόμου	δόμος	house	0
domous	δόμους	δόμος	house	0
domo	δόμῳ	δόμος	house	0
donax	δόναξ	δόναξ	a kind of reed, the donax (Arundo donax)	1
donema	δόνημα	δόνημα	agitation, waving (of trees)	0
doxa	δόξα	δόξα	expectation	1
doxei	δόξει	δοκέω	to expect, think, suppose, imagine	0
doxein	δόξειν	δοκέω	to expect, think, suppose, imagine	0
doxeis	δόξεις	δοκέω	to expect, think, suppose, imagine	0
doxete	δόξετε	δοκέω	to expect, think, suppose, imagine	0
doxis	δόξις	δόξις	expectation	0
doxomen	δόξομεν	δοκέω	to expect, think, suppose, imagine	0
doxousi	δόξουσι	δοκέω	to expect, think, suppose, imagine	0
doxousin	δόξουσιν	δοκέω	to expect, think, suppose, imagine	0
doxo	δόξω	δοκέω	to expect, think, suppose, imagine	0
dorata	δόρατα	δόρυ	wood, tree, stem	1
doratos	δόρατος	δόρυ	wood, tree, stem	1
dorpoio	δόρποιο	δόρπον	evening meal, dinner, supper	0
dorpon	δόρπον	δόρπον	evening meal, dinner, supper	0
dorpou	δόρπου	δόρπον	evening meal, dinner, supper	0
doru	δόρυ	δόρυ	wood, tree, stem	1
dosan	δόσαν	δίδωμι	to give	0
dosthai	δόσθαι	δίδωμι	to give	0
dosthe	δόσθε	δίδωμι	to give	0
dostho	δόσθω	δίδωμι	to give	0
dosthon	δόσθων	δίδωμι	to give	0
dosis	δόσις	δόσις	giving, a gift	0
dote	δότε	δίδωμι	to give	0
doto	δότω	δίδωμι	to give	0
due	δύη	δύη	misery, pain, anguish	0
dunaito	δύναιτο	δύναιτο	late third-person singular aorist middle optative of δύνω (d	0
dunamai	δύναμαι	δύναμαι	to be able, capable, strong enough to do, can	0
dunamis	δύναμις	δύναμις	power, might, strength	0
dunanto	δύναντο	δύναμαι	to be able, capable, strong enough to do, can	0
dunasthe	δύνασθε	δύναμαι	to be able, capable, strong enough to do, can	0
duno	δύνω	δύω	to cause to sink	0
duo	δύο	δύο	two	0
dupto	δύπτω	δύπτω	to duck, dive	0
duseto	δύσετο	δύω	to cause to sink	0
dusis	δύσις	δύσις	setting of the sun or stars	0
duskolos	δύσκολος	δύσκολος	bad-tempered, irritable, peevish, grouchy, cantankerous	0
dusoptos	δύσοπτος	δύσοπτος	difficult to see or spot	0
duspnoia	δύσπνοια	δύσπνοια	difficulty breathing, shortness of breath	0
duspnoos	δύσπνοος	δύσπνοος	short of breath, breathing with difficulty	0
dustenon	δύστηνον	δύστηνος	unhappy, miserable	0
dustenos	δύστηνος	δύστηνος	unhappy, miserable	0
dutes	δύτης	δύτης	diver	0
duo	δύω	δύω	to cause to sink	0
dodeka	δώδεκα	δώδεκα	twelve	0
domata	δώματα	δῶμα	house	0
dorema	δώρημα	δώρημα	gift, present	0
doroin	δώροιν	δῶρον	gift	0
dorois	δώροις	δῶρον	gift	0
dorou	δώρου	δῶρον	gift	0
doro	δώρω	δῶρον	gift	0
doron	δῶρον	δῶρον	gift	0
dosei	δώσει	δίδωμι	to give	0
dosein	δώσειν	δίδωμι	to give	0
doseis	δώσεις	δίδωμι	to give	0
dosete	δώσετε	δίδωμι	to give	0
dosomen	δώσομεν	δίδωμι	to give	0
dosousi	δώσουσι	δίδωμι	to give	0
doso	δώσω	δίδωμι	to give	0
dotores	δώτορες	δώτωρ	giver	0
dotor	δώτωρ	δώτωρ	giver	0
doe	δώῃ	δίδωμι	to give	0
dadinos	δᾴδινος	δᾴδινος	made of pinewood	0
damos	δᾶμος	δᾶμος	Lyric form of δῆμος (dêmos)	0
deoo	δῃόω	δῃόω	to slay	0
deon	δῃῶν	δῃόω	to slay	0
degma	δῆγμα	δῆγμα	bite, sting	0
dethen	δῆθεν	δῆθεν	emphatic particle	0
delai	δῆλαι	δῆλος	visible	0
deloi	δῆλοι	δῆλος	visible	0
delos	δῆλος	δῆλος	visible	0
deme	δῆμε	δῆμος	any relatively distinct territory	1
demoi	δῆμοι	δῆμος	any relatively distinct territory	1
demos	δῆμος	δῆμος	any relatively distinct territory	1
dexis	δῆξις	δῆξις	bite, biting	0
deris	δῆρις	δῆρις	battle	0
desan	δῆσαν	δέω	to bind, tie, fasten, fetter	0
deta	δῆτα	δῆτα	emphatic form of δή (dḗ)	0
diai	δῖαι	δῖος	heavenly	0
dioi	δῖοι	δῖος	heavenly	0
dios	δῖος	δῖος	heavenly	0
dunai	δῦναι	δύω	to cause to sink	0
doka	δῶκα	δίδωμι	to give	0
doke	δῶκε	δίδωμι	to give	0
doken	δῶκεν	δίδωμι	to give	0
doma	δῶμα	δῶμα	house	0
domai	δῶμαι	δίδωμι	to give	0
dontai	δῶνται	δίδωμι	to give	0
dora	δῶρα	δῶρον	gift	0
dotai	δῶται	δίδωμι	to give	0
doi	δῷ	δίδωμι	to give	0
dos	δῷς	δίδωμι	to give	0
edeixen	εδειξεν	δείκνυμι	to show, point out	0
eiathen	εἰάθην	ἐάω	to let someone do something, allow	0
eieten	εἰήτην	εἰμί	to be	0
eideten	εἰδέτην	ὁράω	to look with the eyes	0
eideon	εἰδέων	εἶδος	form, image, shape (seen)	1
eidoi	εἰδοί	εἰδοί	The ides, used in reckoning Roman dates	0
eidoin	εἰδοῖν	εἶδος	form, image, shape (seen)	1
eidoloin	εἰδώλοιν	εἴδωλον	phantom, ghost	1
eidolois	εἰδώλοις	εἴδωλον	phantom, ghost	1
eidolou	εἰδώλου	εἴδωλον	phantom, ghost	1
eidolo	εἰδώλω	εἴδωλον	phantom, ghost	1
eidolon	εἴδωλον	εἴδωλον	phantom, ghost	1
eidon	εἰδῶν	εἶδος	form, image, shape (seen)	1
eik	εἰκ	εἰ	if	0
eikazein	εἰκάζειν	εἰκάζω	to portray, represent	0
eikazo	εἰκάζω	εἰκάζω	to portray, represent	0
eikas	εἰκάς	εἰκάς	The twentieth day of the month	0
eikosien	εἰκοσιέν	εἰκοσιέν	twenty-one	0
eikoste	εἰκοστή	εἰκοστός	twentieth	0
eikoston	εἰκοστόν	εἰκοστός	twentieth	0
eikostos	εἰκοστός	εἰκοστός	twentieth	0
eikosto	εἰκοστῷ	εἰκοστός	twentieth	0
eikuiais	εἰκυίαις	εἰκώς	likely, probable, reasonable	0
eikuias	εἰκυίας	εἰκώς	likely, probable, reasonable	0
eikuia	εἰκυίᾳ	εἰκώς	likely, probable, reasonable	0
eikuion	εἰκυιῶν	εἰκώς	likely, probable, reasonable	0
eikuiai	εἰκυῖαι	εἰκώς	likely, probable, reasonable	0
eikuian	εἰκυῖαν	εἰκώς	likely, probable, reasonable	0
eikona	εἰκόνα	εἰκών	figure, image, likeness, portrait	1
eikonas	εἰκόνας	εἰκών	figure, image, likeness, portrait	1
eikone	εἰκόνε	εἰκών	figure, image, likeness, portrait	1
eikones	εἰκόνες	εἰκών	figure, image, likeness, portrait	1
eikoni	εἰκόνι	εἰκών	figure, image, likeness, portrait	1
eikonoin	εἰκόνοιν	εἰκών	figure, image, likeness, portrait	1
eikonos	εἰκόνος	εἰκών	figure, image, likeness, portrait	1
eikonon	εἰκόνων	εἰκών	figure, image, likeness, portrait	1
eikos	εἰκός	εἰκός	likelihood	0
eikosi	εἰκόσι	εἰκών	figure, image, likeness, portrait	1
eikosin	εἰκόσιν	εἰκών	figure, image, likeness, portrait	1
eikota	εἰκότα	εἰκός	likelihood	0
eikotas	εἰκότας	εἰκώς	likely, probable, reasonable	0
eikote	εἰκότε	εἰκός	likelihood	0
eikotes	εἰκότες	εἰκώς	likely, probable, reasonable	0
eikoti	εἰκότι	εἰκώς	likely, probable, reasonable	0
eikotoin	εἰκότοιν	εἰκός	likelihood	0
eikotos	εἰκότος	εἰκώς	likely, probable, reasonable	0
eikoton	εἰκότων	εἰκώς	likely, probable, reasonable	0
eikotos	εἰκότως	εἰκότως	suitably, in keeping with	0
eiko	εἰκώ	εἰκών	figure, image, likeness, portrait	1
eikon	εἰκών	εἰκών	figure, image, likeness, portrait	1
eikos	εἰκώς	εἰκώς	likely, probable, reasonable	0
eike	εἰκῇ	εἰκῇ	without cause	0
eileo	εἰλέω	εἴλω	to roll up, pack close	0
eilipous	εἰλίπους	εἰλίπους	having a rolling gait (said mostly of cattle)	0
eilapine	εἰλαπίνη	εἰλαπίνη	solemn feast, banquet	0
eileos	εἰλεός	εἰλεός	intestinal obstruction, ileus	0
eiluo	εἰλύω	εἰλύω	to wrap, enfold, cover	0
eimen	εἰμέν	εἰμί	to be	0
eimi	εἰμί	εἰμί	to be	0
ein	εἰν	ἐν	(with dative) in	0
einaetes	εἰνάετες	εἰνάετες	nine years long	0
einalios	εἰνάλιος	εἰνάλιος	Epic and Lyric form of ἐνάλιος (enálios, “in, on or of the s	0
eini	εἰνί	ἐν	(with dative) in	0
eipe	εἰπέ	εἶπον	to say	0
eipemen	εἰπέμεν	εἶπον	to say	0
eipeten	εἰπέτην	εἶπον	to say	0
eipeto	εἰπέτω	εἶπον	to say	0
eipein	εἰπεῖν	εἶπον	to say	0
eipomen	εἰπόμην	εἶπον	to say	0
eipon	εἶπον	εἶπον	to say	0
eiponton	εἰπόντων	εἶπον	to say	0
eirekasi	εἰρήκασι	εἴρω	to tie	0
eirena	εἰρήνα	εἰρήνη	peace	0
eirenain	εἰρήναιν	εἰρήνη	peace	0
eirenais	εἰρήναις	εἰρήνη	peace	0
eirenas	εἰρήνας	εἰρήνη	peace	0
eirene	εἰρήνη	εἰρήνη	peace	0
eirenen	εἰρήνην	εἰρήνη	peace	0
eirenes	εἰρήνης	εἰρήνη	peace	0
eirenon	εἰρηνῶν	εἰρήνη	peace	0
eironeia	εἰρωνεία	εἰρωνεία	hypocrisy, deception, especially a feigned ignorance	1
eiruatai	εἰρύαται	ῥύομαι	to protect, guard, preserve	0
eironon	εἰρώνων	εἴρων	One who says less than they think, dissembler, pretender	0
eirenai	εἰρῆναι	εἰρήνη	peace	0
eis	εἰς	εἰς	into	0
eisago	εἰσάγω	εἰσάγω	to lead in or into (esp	0
eisanta	εἰσάντα	εἰσάντα	right opposite	0
eisin	εἰσίν	εἰμί	to be	0
eisagoge	εἰσαγωγή	εἰσαγωγή	a bringing in	0
eisakouo	εἰσακούω	εἰσακούω	to listen, give ear	0
eisballo	εἰσβάλλω	εἰσβάλλω	to throw into	0
eisbaino	εἰσβαίνω	εἰσβαίνω	to embark, board ship	0
eisbolas	εἰσβολάς	εἰσβολή	attack, invasion	0
eisbole	εἰσβολή	εἰσβολή	attack, invasion	0
eisbolen	εἰσβολήν	εἰσβολή	attack, invasion	0
eisbolai	εἰσβολαί	εἰσβολή	attack, invasion	0
eisboles	εἰσβολῆς	εἰσβολή	attack, invasion	0
eisbolon	εἰσβολῶν	εἰσβολή	attack, invasion	0
eisidein	εἰσιδεῖν	εἰσοράω	to look upon, behold	0
eisorao	εἰσοράω	εἰσοράω	to look upon, behold	0
eisoroon	εἰσορόων	εἰσοράω	to look upon, behold	0
eispleo	εἰσπλέω	εἰσπλέω	to sail into	0
eispneo	εἰσπνέω	εἰσπνέω	to breathe upon	0
eisphora	εἰσφορά	εἰσφορά	contribution	0
eisodois	εἰσόδοις	εἴσοδος	way in, entrance, entry	0
eisodou	εἰσόδου	εἴσοδος	way in, entrance, entry	0
eisodous	εἰσόδους	εἴσοδος	way in, entrance, entry	0
eisodon	εἰσόδων	εἴσοδος	way in, entrance, entry	0
eisodo	εἰσόδῳ	εἴσοδος	way in, entrance, entry	0
eiseei	εἰσῄει	εἰσέρχομαι	to go into	0
eiselthe	εἰσῆλθε	εἰσέρχομαι	to go into	0
eikheten	εἰχέτην	ἔχω	to have, possess, contain, own	0
eikhomen	εἰχόμην	ἔχω	to have, possess, contain, own	0
eiothuia	εἰωθυίᾳ	εἰωθώς	accustomed, customary, usual	0
eiothos	εἰωθώς	εἰωθώς	accustomed, customary, usual	0
eiothosi	εἰωθόσι	εἰωθώς	accustomed, customary, usual	0
eiothota	εἰωθότα	εἰωθώς	accustomed, customary, usual	0
eiothoti	εἰωθότι	εἰωθώς	accustomed, customary, usual	0
eiamene	εἱαμενή	εἱαμενή	riverside pasture or water meadow, lowland	0
eirgmou	εἱργμοῦ	εἱργμός	cage, prison	0
eirgmon	εἱργμόν	εἱργμός	cage, prison	0
eirgmos	εἱργμός	εἱργμός	cage, prison	0
eistekei	εἱστήκει	ἵστημι	to stand	0
eio	εἱῷ	ἑός	his own	0
eia	εἴα	ἐάω	to let someone do something, allow	0
eiase	εἴασε	ἐάω	to let someone do something, allow	0
eibo	εἴβω	εἴβω	to drop, let fall in drops	0
eidea	εἴδεα	εἶδος	form, image, shape (seen)	1
eidei	εἴδει	εἶδος	form, image, shape (seen)	1
eideos	εἴδεος	εἶδος	form, image, shape (seen)	1
eidesi	εἴδεσι	εἶδος	form, image, shape (seen)	1
eidesin	εἴδεσιν	εἶδος	form, image, shape (seen)	1
eidetai	εἴδεται	εἴδομαι	to be seen, appear	0
eide	εἴδη	εἶδος	form, image, shape (seen)	1
eidesis	εἴδησις	εἴδησις	knowledge, knowing	0
eidomai	εἴδομαι	εἴδομαι	to be seen, appear	0
eidomen	εἴδομεν	εἶδον	to see	0
eidous	εἴδους	εἶδος	form, image, shape (seen)	1
eidola	εἴδωλα	εἴδωλον	phantom, ghost	1
eiemen	εἴημεν	εἰμί	to be	0
eien	εἴην	εἰμί	to be	0
eies	εἴης	εἰμί	to be	0
eiesan	εἴησαν	εἰμί	to be	0
eiete	εἴητε	εἰμί	to be	0
eieton	εἴητον	εἰμί	to be	0
eithe	εἴθε	εἴθε	if only (signifies a wish)	0
eikelon	εἴκελον	εἴκελος	like, similar, resembling (followed by the dative)	0
eikelos	εἴκελος	εἴκελος	like, similar, resembling (followed by the dative)	0
eikoien	εἴκοιεν	εἴκω	to yield, give way	0
eikomen	εἴκομεν	εἴκω	to yield, give way	0
eikosi	εἴκοσι	εἴκοσι	twenty	0
eiko	εἴκω	εἴκω	to yield, give way	0
eikon	εἴκων	εἴκω	to yield, give way	0
eilo	εἴλω	εἴλω	to roll up, pack close	0
eixeie	εἴξειε	εἴκω	to yield, give way	0
eiper	εἴπερ	εἴπερ	if really, if indeed, even if, even though	0
eipeske	εἴπεσκε	εἶπον	to say	0
eipesken	εἴπεσκεν	εἶπον	to say	0
eipete	εἴπητε	εἶπον	to say	0
eipeton	εἴπητον	εἶπον	to say	0
eipoi	εἴποι	εἶπον	to say	0
eipoien	εἴποιεν	εἶπον	to say	0
eipoimi	εἴποιμι	εἶπον	to say	0
eipois	εἴποις	εἶπον	to say	0
eipoite	εἴποιτε	εἶπον	to say	0
eipoito	εἴποιτο	εἶπον	to say	0
eiponto	εἴποντο	εἶπον	to say	0
eipou	εἴπου	εἴπου	if anywhere, if at all	0
eipo	εἴπω	εἶπον	to say	0
eiposi	εἴπωσι	εἶπον	to say	0
eiposin	εἴπωσιν	εἶπον	to say	0
eipes	εἴπῃς	εἶπον	to say	0
eipesi	εἴπῃσι	εἶπον	to say	0
eipesin	εἴπῃσιν	εἶπον	to say	0
eirgo	εἴργω	ἔργω	to close off, enclose	0
eirein	εἴρειν	εἴρω	to tie	0
eireron	εἴρερον	εἴρερος	slavery, bondage, captivity	0
eireros	εἴρερος	εἴρερος	slavery, bondage, captivity	0
eireto	εἴρετο	εἴρω	to tie	0
eireka	εἴρηκα	εἴρω	to tie	0
eireke	εἴρηκε	εἴρω	to tie	0
eireken	εἴρηκεν	εἴρω	to tie	0
eirentai	εἴρηνται	εἴρω	to tie	0
eiretai	εἴρηται	εἴρω	to tie	0
eiromai	εἴρομαι	ἔρομαι	to ask	0
eironto	εἴροντο	εἴρω	to tie	0
eiruto	εἴρυτο	ἐρύω	to draw, drag, pull	0
eiro	εἴρω	εἴρω	to tie	0
eiron	εἴρων	εἴρων	One who says less than they think, dissembler, pretender	0
eirona	εἴρωνα	εἴρων	One who says less than they think, dissembler, pretender	0
eironas	εἴρωνας	εἴρων	One who says less than they think, dissembler, pretender	0
eirones	εἴρωνες	εἴρων	One who says less than they think, dissembler, pretender	0
eironos	εἴρωνος	εἴρων	One who says less than they think, dissembler, pretender	0
eisato	εἴσατο	εἴδομαι	to be seen, appear	0
eiseai	εἴσεαι	εἴσομαι	to rush, hasten	0
eiside	εἴσιδε	εἰσοράω	to look upon, behold	0
eisiden	εἴσιδεν	εἰσοράω	to look upon, behold	0
eisodoi	εἴσοδοι	εἴσοδος	way in, entrance, entry	0
eisodos	εἴσοδος	εἴσοδος	way in, entrance, entry	0
eisomai	εἴσομαι	εἴσομαι	to rush, hasten	0
eiso	εἴσω	εἴσω	into	0
eite	εἴτε	εἴτε	either	0
eiten	εἴτην	εἰμί	to be	0
eikhete	εἴχετε	ἔχω	to have, possess, contain, own	0
eikheto	εἴχετο	ἔχω	to have, possess, contain, own	0
eikheton	εἴχετον	ἔχω	to have, possess, contain, own	0
eikhonto	εἴχοντο	ἔχω	to have, possess, contain, own	0
eikhou	εἴχου	ἔχω	to have, possess, contain, own	0
eiotha	εἴωθα	εἴωθα	to be accustomed, to tend to	0
eiothe	εἴωθε	εἴωθα	to be accustomed, to tend to	0
eiothen	εἴωθεν	εἴωθα	to be accustomed, to tend to	0
eion	εἴων	ἐάω	to let someone do something, allow	0
eiato	εἵατο	ἧμαι	to sit, be seated	0
eilete	εἵλετε	αἱρέω	to take, grasp, seize	0
eileto	εἵλετο	αἱρέω	to take, grasp, seize	0
eile	εἵλη	εἵλη	the heat or warmth of the sun	0
eilkusa	εἵλκυσα	ἕλκω	to drag (pull along a surface)	0
eilomen	εἵλομεν	αἱρέω	to take, grasp, seize	0
eimata	εἵματα	εἷμα	a garment, article of clothing	0
eineka	εἵνεκα	ἕνεκα	on account of, for the sake of, because of	0
eipeto	εἵπετο	ἕπομαι	to follow, obey	0
eia	εἶα	εἶα	come on!, let’s go!	0
eidar	εἶδαρ	εἶδαρ	food	0
eiden	εἶδεν	εἶδον	to see	0
eides	εἶδες	ὁράω	to look with the eyes	0
eidon	εἶδον	εἶδον	to see	0
eidos	εἶδος	εἶδος	form, image, shape (seen)	1
eithar	εἶθαρ	εἶθαρ	at once	0
eilar	εἶλαρ	εἶλαρ	parapet	0
eimai	εἶμαι	εἶμαι	to be	0
eimi	εἶμι	εἶμι	to be going to go	0
einai	εἶναι	εἰμί	to be	0
eixai	εἶξαι	ἔοικα	to seem likely	0
eipen	εἶπεν	εἶπον	to say	0
eiros	εἶρος	εἶρος	wool	0
eis	εἶς	εἰμί	to be	0
eita	εἶτα	εἶτα	then, next	0
eite	εἶτε	εἰμί	to be	0
eiton	εἶτον	εἰμί	to be	0
eikhe	εἶχε	ἔχω	to have, possess, contain, own	0
eikhen	εἶχεν	ἔχω	to have, possess, contain, own	0
eikhes	εἶχες	ἔχω	to have, possess, contain, own	0
eikhon	εἶχον	ἔχω	to have, possess, contain, own	0
hei	ᾗ	ᾗ	which way, where, whither	0
eile	εἷλε	αἱρέω	to take, grasp, seize	0
eilen	εἷλεν	αἱρέω	to take, grasp, seize	0
eiles	εἷλες	αἱρέω	to take, grasp, seize	0
eilkon	εἷλκον	ἕλκω	to drag (pull along a surface)	0
eilon	εἷλον	αἱρέω	to take, grasp, seize	0
eima	εἷμα	εἷμα	a garment, article of clothing	0
eimai	εἷμαι	ἕζομαι	to sit, sit oneself	0
eios	εἷος	ἕως	until	0
eis	εἷς	εἷς	one	0
euazo	εὐάζω	εὐάζω	to cry εὐαί (euaí) in honor of Dionysus	0
euaphion	εὐάφιον	εὐάφιον	topical remedy	0
euai	εὐαί	εὐαί	a cry of joy	0
euaphes	εὐαφής	εὐαφής	soft to the touch	0
euboulia	εὐβουλία	εὐβουλία	good counsel, discretion	1
eugenes	εὐγενής	εὐγενής	well-born, noble	0
eugenesi	εὐγενέσι	εὐγενής	well-born, noble	0
eugenei	εὐγενεῖ	εὐγενής	well-born, noble	0
eugeneis	εὐγενεῖς	εὐγενής	well-born, noble	0
eugenoin	εὐγενοῖν	εὐγενής	well-born, noble	0
eugenous	εὐγενοῦς	εὐγενής	well-born, noble	0
eugene	εὐγενῆ	εὐγενής	well-born, noble	0
eugenon	εὐγενῶν	εὐγενής	well-born, noble	0
eudaimon	εὐδαίμων	εὐδαίμων	fortunate	0
eudokeo	εὐδοκέω	εὐδοκέω	to be well pleased or content, to acquiesce in a thing (with	0
euergea	εὐεργέα	εὐεργής	well wrought, well made, well done	0
euergeos	εὐεργέος	εὐεργής	well wrought, well made, well done	0
euergeta	εὐεργέτα	εὐεργέτης	A benefactor, euergete, euergetist (sometimes as honorary ti	1
euergete	εὐεργέτῃ	εὐεργέτης	A benefactor, euergete, euergetist (sometimes as honorary ti	1
euerges	εὐεργής	εὐεργής	well wrought, well made, well done	0
euesto	εὐεστώ	εὐεστώ	well-being, prosperity	0
eueteria	εὐετηρία	εὐετηρία	a good season	0
euzelia	εὐζηλία	εὐζηλία	good, correct style	0
eutheos	εὐθέος	εὐθύς	straight	0
eutheos	εὐθέως	εὐθέως	immediately, at once, straightway	0
euthales	εὐθαλής	εὐθαλής	blooming, flourishing, well-thriving	0
eutheneo	εὐθενέω	εὐθενέω	to thrive, flourish	0
eutheneo	εὐθηνέω	εὐθηνέω	to thrive, flourish	0
euthenos	εὐθηνός	εὐθηνός	thriving, flourishing	0
euthumia	εὐθυμία	εὐθυμία	cheerfulness, good mood	1
euthuno	εὐθύνω	εὐθύνω	to guide straight, direct	0
euthus	εὐθύς	εὐθύς	straight	0
eukeraos	εὐκέραος	εὐκέραος	with beautiful horns	0
euklees	εὐκλεής	εὐκλεής	of good report, famous, glorious	0
euktaios	εὐκταῖος	εὐκταῖος	prayed for, desired	0
euktike	εὐκτική	εὐκτική	The optative mood	0
euktikos	εὐκτικός	εὐκτικός	Related to wishing	0
eule	εὐλή	εὐλή	worm, maggot, larva of the fly	0
eulabes	εὐλαβής	εὐλαβής	holding fast, clinging	0
eulogeo	εὐλογέω	εὐλογέω	to speak well of, praise	0
eulogia	εὐλογία	εὐλογία	good speaking, good words	1
eumeneo	εὐμενέω	εὐμενέω	to be gracious	0
eumenes	εὐμενής	εὐμενής	well-disposed, kindly	0
eunas	εὐνάς	εὐνή	bed	0
eunao	εὐνάω	εὐνάω	to lay or place in ambush	0
eune	εὐνή	εὐνή	bed	0
eunen	εὐνήν	εὐνή	bed	0
eunoias	εὐνοίας	εὔνοια	goodwill, favour	0
eunoikos	εὐνοϊκός	εὐνοϊκός	benevolent, friendly	0
eunes	εὐνῆς	εὐνή	bed	0
euoi	εὐοῖ	εὐοῖ	The cry used by worshipers of Dionysus	1
eupales	εὐπαλής	εὐπαλής	easy to wrestle with, easy to accomplish	0
euporeo	εὐπορέω	εὐπορέω	to prosper, thrive	0
euporia	εὐπορία	εὐπορία	ease [with infinitive ‘of doing something’], easy means of p	0
eupragia	εὐπραγία	εὐπραγία	well-doing	0
eupraxia	εὐπραξία	εὐπραξία	good behavior	0
euprepes	εὐπρεπής	εὐπρεπής	good-looking, goodly, comely	0
euprepos	εὐπρεπῶς	εὐπρεπῶς	decently, fittingly, becomingly, gloriously	0
euruno	εὐρύνω	εὐρύνω	to broaden, to widen	0
euruopa	εὐρύοπα	εὐρύοπα	far-sounding (epithet of Zeus)	0
eurus	εὐρύς	εὐρύς	wide	0
euroeis	εὐρώεις	εὐρώεις	moldy, dank (especially of the underworld)	0
euroenta	εὐρώεντα	εὐρώεις	moldy, dank (especially of the underworld)	0
euros	εὐρώς	εὐρώς	mold, mildew, dank decay	0
eusebeia	εὐσέβεια	εὐσέβεια	piety	0
eusebes	εὐσεβής	εὐσεβής	pious, righteous, reverent to the gods	0
eusebesi	εὐσεβέσι	εὐσεβής	pious, righteous, reverent to the gods	0
eusebei	εὐσεβεῖ	εὐσεβής	pious, righteous, reverent to the gods	0
eusebeis	εὐσεβεῖς	εὐσεβής	pious, righteous, reverent to the gods	0
euseboin	εὐσεβοῖν	εὐσεβής	pious, righteous, reverent to the gods	0
eusebous	εὐσεβοῦς	εὐσεβής	pious, righteous, reverent to the gods	0
eusebe	εὐσεβῆ	εὐσεβής	pious, righteous, reverent to the gods	0
eusebon	εὐσεβῶν	εὐσεβής	pious, righteous, reverent to the gods	0
eustokho	εὐστόχω	εὔστοχος	well-aimed	0
eutaxia	εὐταξία	εὐταξία	Good arrangement, good condition	0
euteles	εὐτελής	εὐτελής	cheap, easily paid for	0
eutropos	εὔτροπος	εὔτροπος	versatile	0
eutukheo	εὐτυχέω	εὐτυχέω	to have good fortune, to be prosperous, to be well off, to b	0
eutukhes	εὐτυχής	εὐτυχής	having good fortune or a good outcome	0
eutukhia	εὐτυχία	εὐτυχία	good luck	0
euphoria	εὐφορία	εὐφορία	power of bearing/enduring easily	0
euphrone	εὐφρόνη	εὐφρόνη	the kindly time, i	0
euphuia	εὐφυΐα	εὐφυΐα	natural goodness of growth or shape, shapeliness	0
euphonia	εὐφωνία	εὐφωνία	goodness of voice	1
eukha	εὐχά	εὐχή	prayer	0
eukhas	εὐχάς	εὐχή	prayer	0
eukhe	εὐχή	εὐχή	prayer	0
eukhen	εὐχήν	εὐχή	prayer	0
eukhai	εὐχαί	εὐχή	prayer	0
eukhain	εὐχαῖν	εὐχή	prayer	0
eukhais	εὐχαῖς	εὐχή	prayer	0
eukhole	εὐχωλή	εὐχωλή	prayer, wish	0
eukhes	εὐχῆς	εὐχή	prayer	0
eukhon	εὐχῶν	εὐχή	prayer	0
euodia	εὐωδία	εὐωδία	sweet smell	0
euodes	εὐώδης	εὐώδης	sweetsmelling, fragrant	0
euonumos	εὐώνυμος	εὐώνυμος	of good name	0
heu	εὑ	οὗ	"of him/her/it", "than him/her/it", etc	0
eure	εὑρέ	εὑρίσκω	to happen upon by chance, find	0
eurethe	εὑρέθη	εὑρίσκω	to happen upon by chance, find	0
eurisko	εὑρίσκω	εὑρίσκω	to happen upon by chance, find	0
euretes	εὑρετής	εὑρετής	inventor	0
eurein	εὑρεῖν	εὑρίσκω	to happen upon by chance, find	0
euron	εὑρών	εὑρίσκω	to happen upon by chance, find	0
eubouloi	εὔβουλοι	εὔβουλος	well-advised, prudent	0
euboulos	εὔβουλος	εὔβουλος	well-advised, prudent	0
eudoxos	εὔδοξος	εὔδοξος	of good repute, honoured, famous, glorious	0
euelpis	εὔελπις	εὔελπις	hopeful	0
euzomon	εὔζωμον	εὔζωμον	rocket, arugula (Eruca sativa)	0
euzonos	εὔζωνος	εὔζωνος	well-girdled (of women)	0
euthumos	εὔθυμος	εὔθυμος	Of good spirit, happy, generous, kind	0
euthuna	εὔθυνα	εὔθυνα	setting straight, correction, chastisement	0
eukomos	εὔκομος	εὔκομος	lovely-haired, having beautiful hair	0
eukopos	εὔκοπος	εὔκοπος	easy, smooth	0
eukosmon	εὔκοσμον	εὔκοσμος	behaving well, orderly, decorous	0
eukosmos	εὔκοσμος	εὔκοσμος	behaving well, orderly, decorous	0
eukuklos	εὔκυκλος	εὔκυκλος	perfectly round (of a shield)	0
eulera	εὔληρα	εὔληρα	reins	0
eunoia	εὔνοια	εὔνοια	goodwill, favour	0
eunoian	εὔνοιαν	εὔνοια	goodwill, favour	0
euxanto	εὔξαντο	εὔχομαι	to pray, offer prayers	0
euxato	εὔξατο	εὔχομαι	to pray, offer prayers	0
euxeinos	εὔξεινος	εὔξεινος	welcoming, friendly, hospitable	0
euxenos	εὔξενος	εὔξεινος	welcoming, friendly, hospitable	0
euxoos	εὔξοος	εὔξοος	standardized spelling of ἐΰξοος (eǘxoos)	0
eupnoia	εὔπνοια	εὔπνοια	ease of breathing	0
euporos	εὔπορος	εὔπορος	easy to pass or travel through	0
euselmos	εὔσελμος	εὔσελμος	having good decks or rowing benches (epithet of ships)	0
euskios	εὔσκιος	εὔσκιος	well-shaded	0
eustokha	εὔστοχα	εὔστοχος	well-aimed	0
eustokhe	εὔστοχε	εὔστοχος	well-aimed	0
eutaktos	εὔτακτος	εὔτακτος	well-ordered, orderly	0
eutektos	εὔτηκτος	εὔτηκτος	easily melted or dissolved	1
eutropoi	εὔτροποι	εὔτροπος	versatile	0
eutropon	εὔτροπον	εὔτροπος	versatile	0
eutuktos	εὔτυκτος	εὔτυκτος	well-made	0
euphemon	εὔφημον	εὔφημος	uttering sound of good omen	0
euphemos	εὔφημος	εὔφημος	uttering sound of good omen	0
euphoron	εὔφορον	εὔφορος	bearing well	0
euphoros	εὔφορος	εὔφορος	bearing well	0
euphron	εὔφρων	εὔφρων	cheerful	0
euphonos	εὔφωνος	εὔφωνος	sweet-voiced, musical	1
eukharis	εὔχαρις	εὔχαρις	attractive	0
eukheai	εὔχεαι	εὔχομαι	to pray, offer prayers	0
eukheo	εὔχεο	εὔχομαι	to pray, offer prayers	0
eukhetai	εὔχεται	εὔχομαι	to pray, offer prayers	0
eukheto	εὔχετο	εὔχομαι	to pray, offer prayers	0
eukhomai	εὔχομαι	εὔχομαι	to pray, offer prayers	0
eukhonto	εὔχοντο	εὔχομαι	to pray, offer prayers	0
eudei	εὕδει	εὕδω	to sleep	0
eudein	εὕδειν	εὕδω	to sleep	0
eudeis	εὕδεις	εὕδω	to sleep	0
eudesai	εὕδησαι	εὕδω	to sleep	0
eudeson	εὕδησον	εὕδω	to sleep	0
eudousi	εὕδουσι	εὕδω	to sleep	0
eudo	εὕδω	εὕδω	to sleep	0
eudon	εὕδων	εὕδω	to sleep	0
eureka	εὕρηκα	εὑρίσκω	to happen upon by chance, find	0
eurema	εὕρημα	εὕρημα	An invention, a discovery (not by chance but by thought)	0
euroimen	εὕροιμεν	εὑρίσκω	to happen upon by chance, find	0
euroite	εὕροιτε	εὑρίσκω	to happen upon by chance, find	0
euro	εὕρω	εὑρίσκω	to happen upon by chance, find	0
euo	εὕω	εὕω	to singe, of singeing off swine's bristles	0
euge	εὖγε	εὖγε	well, rightly	1
eunis	εὖνις	εὖνις	bedfellow, wife	0
euros	εὖρος	εὖρος	width, breadth	0
eute	εὖτε	εὖτε	when	0
eukhos	εὖχος	εὖχος	the thing prayed for, object of prayer, prayer	0
heu	εὗ	εὗ	Homeric and Epic form of οὗ (hoû) (strong form)	0
eude	εὗδε	εὕδω	to sleep	0
euren	εὗρεν	εὑρίσκω	to happen upon by chance, find	0
zabolos	ζάβολος	διάβολος	slanderous	0
zagklon	ζάγκλον	ζάγκλον	reaping hook, sickle	0
zatheos	ζάθεος	ζάθεος	very sacred, holy, sacrosanct	0
zakoros	ζάκορος	ζάκορος	attendant in a temple, more honorable than νεωκόρος (neōkóro	0
zakotos	ζάκοτος	ζάκοτος	exceeding wroth, surly, morose	0
zale	ζάλη	ζάλη	squall, storm, downpour	0
zapuros	ζάπυρος	ζάπυρος	very fiery	0
zaros	ζάρος	ζάρος	unknown kind of bird of prey	0
zaphelos	ζάφελος	ζάφελος	violent	0
zakharis	ζάχαρις	σάκχαρ	sugar	0
zao	ζάω	ζῶ	to live	0
zema	ζέμα	ζέμα	fermentation, boiling	0
zerna	ζέρνα	ζέρνα	galingale (Cyperus longus)	0
zesis	ζέσις	ζέσις	seething, effervescence, boiling	0
zeo	ζέω	ζέω	to boil, seethe, effervesce	0
zeloin	ζήλοιν	ζῆλος	eager rivalry, zealous imitation, emulation, a noble passion	1
zelois	ζήλοις	ζῆλος	eager rivalry, zealous imitation, emulation, a noble passion	1
zelou	ζήλου	ζῆλος	eager rivalry, zealous imitation, emulation, a noble passion	1
zelous	ζήλους	ζῆλος	eager rivalry, zealous imitation, emulation, a noble passion	1
zelo	ζήλω	ζῆλος	eager rivalry, zealous imitation, emulation, a noble passion	1
zelon	ζήλων	ζῆλος	eager rivalry, zealous imitation, emulation, a noble passion	1
zetema	ζήτημα	ζήτημα	an inquiry, question	0
zetesis	ζήτησις	ζήτησις	the act of seeking, searching for	0
ziggos	ζίγγος	ζίγγος	humming, buzzing of bees	0
zizuphon	ζίζυφον	ζίζυφον	jujube (Ziziphus jujuba)	0
zeidoron	ζείδωρον	ζείδωρος	spelt-giving	0
zeidoros	ζείδωρος	ζείδωρος	spelt-giving	0
zegeries	ζεγέριες	ζεγέριες	kind of mice living in Libya	0
zeia	ζειά	ζειά	einkorn wheat, Triticum monococcum, used as fodder for horse	1
zeira	ζειρά	ζειρά	A wide upper garment worn by Arabians and Thracians	0
zestos	ζεστός	ζεστός	seethed, boiled	0
zetraia	ζετραία	ζετραία	Thracian word for χύτρα (khútra, “earthen pot, pipkin”)	0
zeugaria	ζευγάρια	ζευγάριον	a puny pair or team	0
zeugis	ζευγίς	ζευγίς	rope	0
zeugites	ζευγίτης	ζευγίτης	animals yoked in pairs	0
zeugitai	ζευγῖται	ζευγῖται	The third of four classes from Solon's Constitution, who own	0
zeuge	ζεύγη	ζεῦγος	pair (two things, persons or animals considered as pair)	0
zeugle	ζεύγλη	ζεύγλη	loop attached to the yoke, through which the beasts's head w	0
zeugnumi	ζεύγνυμι	ζεύγνυμι	to yoke, saddle, bridle a beast of burden (horses, cattle, m	0
zeugous	ζεύγους	ζεῦγος	pair (two things, persons or animals considered as pair)	0
zeugma	ζεῦγμα	ζεῦγμα	that which is used for joining, band, bond	0
zeugos	ζεῦγος	ζεῦγος	pair (two things, persons or animals considered as pair)	0
zeuxis	ζεῦξις	ζεῦξις	the act or manner of yoking oxen	0
zelotes	ζηλωτής	ζηλωτής	emulator, zealous admirer or follower	1
zeloo	ζηλόω	ζηλόω	to emulate	0
zemia	ζημία	ζημία	loss, damage	0
zeteo	ζητέω	ζητέω	to seek, search after, look for	0
zetesai	ζητῆσαι	ζητέω	to seek, search after, look for	0
zeto	ζητῶ	ζητέω	to seek, search after, look for	0
zignis	ζιγνίς	ζιγνίς	kind of lizard	0
zizanion	ζιζάνιον	ζιζάνιον	darnel, ryegrass (Lolium temulentum)	1
zouglos	ζουγλός	ζουγλός	crippled, lame, disabled	0
zoulapi	ζουλάπι	ζουλάπιν	rosewater, medicinal julep	0
zoulapin	ζουλάπιν	ζουλάπιν	rosewater, medicinal julep	0
zugia	ζυγία	ζυγία	field maple (Acer campestre)	0
zugis	ζυγίς	ζυγίς	wild thyme (Thymus serpyllum)	0
zugotos	ζυγωτός	ζυγωτός	yoked	1
zugon	ζυγόν	ζυγόν	yoke (for joining animals)	0
zugos	ζυγός	ζυγόν	yoke (for joining animals)	0
zugoo	ζυγόω	ζυγόω	to yoke or join together	0
zuthon	ζυθῶν	ζῦθος	an Egyptian kind of beer brewed with barley	0
zoa	ζωά	ζωά	Lyric form of ζωή (zōḗ)	0
zoas	ζωάς	ζωός	alive	0
zoaon	ζωάων	ζωός	alive	0
zoe	ζωέ	ζωός	alive	0
zoeon	ζωέων	ζωός	alive	0
zoe	ζωή	ζωή	a living	0
zoen	ζωήν	ζωός	alive	0
zoai	ζωαί	ζωός	alive	0
zoain	ζωαῖν	ζωός	alive	0
zoais	ζωαῖς	ζωός	alive	0
zoaiin	ζωαῖϊν	ζωός	alive	0
zoganes	ζωγάνης	ζωγάνης	slave-king at festivals in Babylonia	0
zogreo	ζωγρέω	ζωγρέω	to catch, take alive, take captive (instead of killing)	0
zogrein	ζωγρεῖν	ζωγρέω	to catch, take alive, take captive (instead of killing)	0
zotheke	ζωθήκη	ζωθήκη	A small room wherein to rest by day	0
zomou	ζωμοῦ	ζωμός	soup or sauce to eat with meat or fish	0
zomos	ζωμός	ζωμός	soup or sauce to eat with meat or fish	0
zonarion	ζωνάριον	ζώνη	belt, sash	0
zooi	ζωοί	ζωός	alive	0
zoous	ζωούς	ζωός	alive	0
zooin	ζωοῖν	ζωός	alive	0
zooio	ζωοῖο	ζωός	alive	0
zoois	ζωοῖς	ζωός	alive	0
zooisi	ζωοῖσι	ζωός	alive	0
zooisin	ζωοῖσιν	ζωός	alive	0
zooiin	ζωοῖϊν	ζωός	alive	0
zoou	ζωοῦ	ζωός	alive	0
zopura	ζωπύρα	ζωπύρα	lesser calamint (Clinopodium nepeta)	0
zoros	ζωρός	ζωρός	pure, sheer, unmixed (of wine without water)	0
zoster	ζωστήρ	ζωστήρ	warrior’s belt	1
zostera	ζωστῆρα	ζωστήρ	warrior’s belt	1
zosteros	ζωστῆρος	ζωστήρ	warrior’s belt	1
zotikos	ζωτικός	ζωτικός	fit for giving or maintaining life	0
zoikos	ζωϊκός	ζωϊκός	of or pertaining to animals	1
zoon	ζωόν	ζωός	alive	0
zoos	ζωός	ζωός	alive	0
zoo	ζωώ	ζωός	alive	0
zoes	ζωῆς	ζωός	alive	0
zoesi	ζωῇσι	ζωός	alive	0
zoesin	ζωῇσιν	ζωός	alive	0
zophon	ζόφον	ζόφος	darkness	0
zophos	ζόφος	ζόφος	darkness	0
zugaina	ζύγαινα	ζύγαινα	hammerhead shark	0
zuginos	ζύγινος	ζύγινος	made of field maple	0
zugoma	ζύγωμα	ζύγωμα	bolt, bar	1
zuthe	ζύθε	ζύθε	codical variant of ζῦθε (zûthe)	0
zutheos	ζύθεος	ζῦθος	an Egyptian kind of beer brewed with barley	0
zuthoi	ζύθοι	ζύθοι	codical variant of ζῦθοι (zûthoi)	0
zuthon	ζύθον	ζύθον	codical variant of ζῦθον (zûthon)	0
zuthos	ζύθος	ζύθος	codical variant of ζῦθος (zûthos)	0
zuthou	ζύθου	ζῦθος	an Egyptian kind of beer brewed with barley	0
zuthous	ζύθους	ζῦθος	an Egyptian kind of beer brewed with barley	0
zume	ζύμη	ζύμη	leaven	1
zone	ζώνη	ζώνη	belt, sash	0
zonen	ζώνην	ζώνη	belt, sash	0
zonnumi	ζώννυμι	ζώννυμι	to gird	0
zoo	ζώω	ζῶ	to live	0
zoion	ζώϊον	ζῷον	animal	1
zele	ζῆλε	ζῆλος	eager rivalry, zealous imitation, emulation, a noble passion	1
zeloi	ζῆλοι	ζῆλος	eager rivalry, zealous imitation, emulation, a noble passion	1
zelos	ζῆλος	ζῆλος	eager rivalry, zealous imitation, emulation, a noble passion	1
zen	ζῆν	ζῶ	to live	0
zeta	ζῆτα	ζῆτα	zeta, the name for the sixth letter Ζ (Z), ζ (z) of the Anci	1
zete	ζῆτε	ζῶ	to live	0
zei	ζῇ	ζῶ	to live	0
zes	ζῇς	ζῶ	to live	0
zuthe	ζῦθε	ζῦθος	an Egyptian kind of beer brewed with barley	0
zuthoi	ζῦθοι	ζῦθος	an Egyptian kind of beer brewed with barley	0
zuthos	ζῦθος	ζῦθος	an Egyptian kind of beer brewed with barley	0
zutos	ζῦτος	ζῦθος	an Egyptian kind of beer brewed with barley	0
zodiakos	ζῳδιακός	ζῳδιακός	of or relating to little animals	1
zoogoneo	ζῳογονέω	ζῳογονέω	to give life, vivify	0
zoogonei	ζῳογονεῖ	ζῳογονέω	to give life, vivify	0
zoopoieo	ζῳοποιέω	ζῳοποιέω	to make life	0
zodion	ζῴδιον	ζῴδιον	sign of the zodiac	0
zoe	ζῴη	ζῶ	to live	0
zoemen	ζῴημεν	ζῶ	to live	0
zoen	ζῴην	ζῶ	to live	0
zoes	ζῴης	ζῶ	to live	0
zoete	ζῴητε	ζῶ	to live	0
zooin	ζῴοιν	ζῷον	animal	1
zoois	ζῴοις	ζῷον	animal	1
zoou	ζῴου	ζῷον	animal	1
zoo	ζῴω	ζῷον	animal	1
zoon	ζῷον	ζῷον	animal	1
zoma	ζῶμα	ζῶμα	loincloth, drawers, worn next the body in a boxing contest	0
zomen	ζῶμεν	ζῶ	to live	0
zon	ζῶν	ζῶ	to live	0
zosa	ζῶσα	ζῶ	to live	0
zoa	ζῷα	ζῷον	animal	1
zote	ζῷτε	ζῶ	to live	0
eudomen	ηὐδώμην	αὐδάω	to speak	0
eudato	ηὐδᾶτο	αὐδάω	to speak	0
euda	ηὔδα	αὐδάω	to speak	0
eudeka	ηὔδηκα	αὐδάω	to speak	0
eudemai	ηὔδημαι	αὐδάω	to speak	0
eudesa	ηὔδησα	αὐδάω	to speak	0
eudon	ηὔδων	αὐδάω	to speak	0
eulei	ηὔλει	αὐλέω	to play on the flute	0
euronto	ηὕροντο	εὑρίσκω	to happen upon by chance, find	0
thalamos	θάλαμος	θάλαμος	an inner chamber, room	1
thalassa	θάλασσα	θάλασσα	sea	1
thallo	θάλλω	θάλλω	to bloom	0
thalpos	θάλπος	θάλπος	warmth	0
thalpo	θάλπω	θάλπω	to warm up, to heat	0
thalpsis	θάλψις	θάλψις	A warming, a fomenting	0
thambos	θάμβος	θάμβος	amazement, astonishment	0
thamnos	θάμνος	θάμνος	bush, shrub	0
thanaton	θάνατον	θάνατος	death	0
thanatos	θάνατος	θάνατος	death	0
thane	θάνε	θνῄσκω	to die	0
thanon	θάνον	θνῄσκω	to die	0
thapto	θάπτω	θάπτω	to honour with funeral rites	0
thapton	θάπτων	θάπτω	to honour with funeral rites	0
tharros	θάρρος	θάρσος	courage	0
tharsos	θάρσος	θάρσος	courage	0
thasso	θάσσω	θάσσω	sit	0
thasson	θάσσων	θάσσων	sitting, sitting idly	0
thapsos	θάψος	θάψος	fustic (Cotinus coggygria)	0
thea	θέα	θέα	view, sight	0
theaina	θέαινα	θέαινα	goddess	0
theatron	θέατρον	θέατρον	theatre, gathering place	0
thee	θέε	θέω	to run fast	0
theei	θέει	θέει	uncontracted third-person singular present active indicative	0
theein	θέειν	θέω	to run fast	0
theeinos	θέεινος	θέεινος	sulphur-colored	0
theeios	θέειος	θεῖος	of or from the gods or God, divine	0
theeis	θέεις	θέεις	uncontracted second-person singular present active indicativ	0
thelge	θέλγε	θέλγω	to charm, enchant, bewitch	0
thelgei	θέλγει	θέλγω	to charm, enchant, bewitch	0
thelgein	θέλγειν	θέλγω	to charm, enchant, bewitch	0
thelgeis	θέλγεις	θέλγω	to charm, enchant, bewitch	0
thelgoi	θέλγοι	θέλγω	to charm, enchant, bewitch	0
thelgois	θέλγοις	θέλγω	to charm, enchant, bewitch	0
thelgo	θέλγω	θέλγω	to charm, enchant, bewitch	0
thelgon	θέλγων	θέλγω	to charm, enchant, bewitch	0
thelema	θέλημα	θέλημα	will, desire	1
thelxai	θέλξαι	θέλγω	to charm, enchant, bewitch	0
thelxei	θέλξει	θέλγω	to charm, enchant, bewitch	0
thelxein	θέλξειν	θέλγω	to charm, enchant, bewitch	0
thelo	θέλω	ἐθέλω	usually weaker than βούλομαι (boúlomai), of consent rather t	0
thema	θέμα	θέμα	that which is placed or laid down	1
themen	θέμεν	θέω	to run fast	0
themenai	θέμεναι	θέω	to run fast	0
themenos	θέμενος	τίθημι	to put, place, set	0
themis	θέμις	θέμις	old, established law or custom	0
thenar	θέναρ	θέναρ	the palm of the hand	1
theoi	θέοι	θέω	to run fast	0
theomen	θέομεν	θέω	to run fast	0
theousi	θέουσι	θέω	to run fast	0
therea	θέρεα	θέρος	summer	0
theree	θέρεε	θέρος	summer	0
therei	θέρει	θέρος	summer	0
thereos	θέρεος	θέρος	summer	0
theresi	θέρεσι	θέρος	summer	0
theresin	θέρεσιν	θέρος	summer	0
thereus	θέρευς	θέρος	summer	0
there	θέρη	θέρος	summer	0
thermai	θέρμαι	θέρμη	heat	0
thermais	θέρμαις	θέρμη	heat	0
thermas	θέρμας	θέρμη	heat	0
therme	θέρμη	θέρμη	heat	0
thermen	θέρμην	θέρμη	heat	0
thermes	θέρμης	θέρμη	heat	0
theros	θέρος	θέρος	summer	0
therous	θέρους	θέρος	summer	0
thero	θέρω	θέρω	to heat, warm, make hot	0
thesan	θέσαν	τίθημι	to put, place, set	0
thesthai	θέσθαι	τίθημι	to put, place, set	0
thesin	θέσιν	θέσις	a setting, placement, arrangement	0
thesis	θέσις	θέσις	a setting, placement, arrangement	0
theta	θέτα	θέτης	one who places	0
thetes	θέτης	θέτης	one who places	0
theto	θέτο	τίθημι	to put, place, set	0
theo	θέω	θέω	to run fast	0
theon	θέων	θέω	to run fast	0
theosis	θέωσις	θέωσις	theosis, deification	0
thees	θέῃς	θέω	to run fast	0
theka	θήκα	θήκη	box	0
thekain	θήκαιν	θήκη	box	0
thekais	θήκαις	θήκη	box	0
thekas	θήκας	θήκη	box	0
theke	θήκη	θήκη	box	0
theken	θήκην	θήκη	box	0
thekes	θήκης	θήκη	box	0
theleiai	θήλειαι	θῆλυς	female	0
then	θην	θην	doubtless, surely, forsooth	0
ther	θήρ	θήρ	a wild beast, beast of prey, especially a lion	1
thera	θήρα	θήρα	hunting	0
therama	θήραμα	θήραμα	prey, spoil, game	0
thes	θής	θής	serf or bondsman	0
thesei	θήσει	τίθημι	to put, place, set	0
thesein	θήσειν	τίθημι	to put, place, set	0
theseis	θήσεις	τίθημι	to put, place, set	0
thesete	θήσετε	τίθημι	to put, place, set	0
thesomai	θήσομαι	τίθημι	to put, place, set	0
thesomen	θήσομεν	τίθημι	to put, place, set	0
theso	θήσω	τίθημι	to put, place, set	0
these	θήσῃ	τίθημι	to put, place, set	0
thiasos	θίασος	θίασος	thiasus, Bacchic revel, rout	0
thixei	θίξει	θιγγάνω	to touch, handle	0
thixis	θίξις	θίξις	touching	1
this	θίς	θίς	heap (especially of sand)	0
thairos	θαιρός	θαιρός	pivot of a door or gate	0
thalere	θαλερή	θαλερός	blooming (thriving in health, beauty and vigor)	0
thaleros	θαλερός	θαλερός	blooming (thriving in health, beauty and vigor)	0
thalle	θαλλέ	θαλλός	young shoot	1
thalloi	θαλλοί	θαλλός	young shoot	1
thallous	θαλλούς	θαλλός	young shoot	1
thalloin	θαλλοῖν	θαλλός	young shoot	1
thallois	θαλλοῖς	θαλλός	young shoot	1
thallou	θαλλοῦ	θαλλός	young shoot	1
thallon	θαλλόν	θαλλός	young shoot	1
thallos	θαλλός	θαλλός	young shoot	1
thallo	θαλλώ	θαλλός	young shoot	1
thalpnos	θαλπνός	θαλπνός	warming, fostering	0
thalpore	θαλπωρή	θαλπωρή	warming, warmth	0
thama	θαμά	θαμά	often	0
thamees	θαμέες	θαμύς	crowded	0
thambos	θαμβός	θαμβός	astonished	0
thaminos	θαμινός	θαμινός	crowded, close-set	0
thamus	θαμύς	θαμύς	crowded	0
thaneein	θανέειν	θνῄσκω	to die	0
thanein	θανεῖν	θνῄσκω	to die	0
tharseo	θαρσέω	θαρσέω	to dare	0
tharsuno	θαρσύνω	θαρσύνω	to encourage	0
thaumazo	θαυμάζω	θαυμάζω	to wonder, marvel, be astonished	0
thapsia	θαψία	θαψία	deadly carrot (Thapsia garganica)	0
thauma	θαῦμα	θαῦμα	a wonder, marvel, something strange	0
thea	θεά	θεά	goddess	0
theaomai	θεάομαι	θεάομαι	to view, watch, observe, gaze	0
thee	θεέ	θεός	a deity	1
theia	θεία	θεία	aunt	0
theiais	θείαις	θεῖος	of or from the gods or God, divine	0
theian	θείαν	θεῖος	of or from the gods or God, divine	0
theias	θείας	θεῖος	of or from the gods or God, divine	0
theie	θείη	θεῖος	of or from the gods or God, divine	0
theinei	θείνει	θείνω	to strike, wound	0
theinein	θείνειν	θείνω	to strike, wound	0
theino	θείνω	θείνω	to strike, wound	0
theinon	θείνων	θείνω	to strike, wound	0
theine	θείνῃ	θείνω	to strike, wound	0
theioio	θείοιο	θεῖος	of or from the gods or God, divine	0
theiois	θείοις	θεῖος	of or from the gods or God, divine	0
theioisi	θείοισι	θεῖος	of or from the gods or God, divine	0
theiou	θείου	θεῖος	of or from the gods or God, divine	0
theious	θείους	θεῖος	of or from the gods or God, divine	0
theis	θείς	τίθημι	to put, place, set	0
theito	θείτω	θέω	to run fast	0
theio	θείω	θέω	to run fast	0
theia	θείᾳ	θεῖος	of or from the gods or God, divine	0
theio	θείῳ	θεῖος	of or from the gods or God, divine	0
theates	θεατής	θεατής	one who sees or goes to see	0
theiazo	θειάζω	θειάζω	to consult oracles, to practice divination	0
theioo	θειόω	θειόω	to smoke with brimstone, to fumigate and purify	0
theio	θειῶ	θειόω	to smoke with brimstone, to fumigate and purify	0
theion	θειῶν	θειόω	to smoke with brimstone, to fumigate and purify	0
thenein	θενεῖν	θείνω	to strike, wound	0
theneis	θενεῖς	θείνω	to strike, wound	0
theoi	θεοί	θεός	a deity	1
theologe	θεολόγε	θεολόγος	one who speaks of God and the divine nature, a theologian	0
theologo	θεολόγῳ	θεολόγος	one who speaks of God and the divine nature, a theologian	0
theoudes	θεουδής	θεουδής	fearing the gods	0
theous	θεούς	θεός	a deity	1
theoin	θεοῖν	θεός	a deity	1
theoio	θεοῖο	θεός	a deity	1
theois	θεοῖς	θεός	a deity	1
theoisi	θεοῖσι	θεός	a deity	1
theoisin	θεοῖσιν	θεός	a deity	1
theoiin	θεοῖϊν	θεός	a deity	1
theou	θεοῦ	θεός	a deity	1
therapon	θεράπων	θεράπων	companion of lower rank	0
thereon	θερέων	θέρος	summer	0
therinos	θερινός	θερινός	of or in summer	0
therma	θερμά	θερμός	warm, hot, boiling, glowing	0
thermas	θερμάς	θερμός	warm, hot, boiling, glowing	0
therme	θερμέ	θερμός	warm, hot, boiling, glowing	0
thermen	θερμήν	θερμός	warm, hot, boiling, glowing	0
thermai	θερμαί	θερμός	warm, hot, boiling, glowing	0
thermais	θερμαῖς	θερμός	warm, hot, boiling, glowing	0
thermoi	θερμοί	θερμός	warm, hot, boiling, glowing	0
thermous	θερμούς	θερμός	warm, hot, boiling, glowing	0
thermoin	θερμοῖν	θερμός	warm, hot, boiling, glowing	0
thermois	θερμοῖς	θερμός	warm, hot, boiling, glowing	0
thermou	θερμοῦ	θερμός	warm, hot, boiling, glowing	0
thermon	θερμόν	θερμός	warm, hot, boiling, glowing	0
thermos	θερμός	θερμός	warm, hot, boiling, glowing	0
thermo	θερμώ	θερμός	warm, hot, boiling, glowing	0
thermes	θερμῆς	θερμός	warm, hot, boiling, glowing	0
theroin	θεροῖν	θέρος	summer	0
theron	θερῶν	θέρος	summer	0
thesmoi	θεσμοί	θεσμός	that which is laid down, law, ordinance	0
thesmous	θεσμούς	θεσμός	that which is laid down, law, ordinance	0
thesmois	θεσμοῖς	θεσμός	that which is laid down, law, ordinance	0
thesmou	θεσμοῦ	θεσμός	that which is laid down, law, ordinance	0
thesmon	θεσμόν	θεσμός	that which is laid down, law, ordinance	0
thesmos	θεσμός	θεσμός	that which is laid down, law, ordinance	0
thesmo	θεσμῷ	θεσμός	that which is laid down, law, ordinance	0
thetikos	θετικός	θετικός	fit for placing, apposite	1
thetikos	θετικῶς	θετικῶς	positively, affirmatively	0
thetos	θετός	θετός	placed, put, settled	0
theoreo	θεωρέω	θεωρέω	to be sent (as a θεωρός (theōrós)) to consult an oracle	0
theoreon	θεωρέων	θεωρέω	to be sent (as a θεωρός (theōrós)) to consult an oracle	0
theoreso	θεωρήσω	θεωρέω	to be sent (as a θεωρός (theōrós)) to consult an oracle	0
theorese	θεωρήσῃ	θεωρέω	to be sent (as a θεωρός (theōrós)) to consult an oracle	0
theoria	θεωρία	θεωρία	sending of state-ambassadors (θεωροί)	0
theorias	θεωρίας	θεωρία	sending of state-ambassadors (θεωροί)	0
theorei	θεωρεῖ	θεωρέω	to be sent (as a θεωρός (theōrós)) to consult an oracle	0
theorein	θεωρεῖν	θεωρέω	to be sent (as a θεωρός (theōrós)) to consult an oracle	0
theoreis	θεωρεῖς	θεωρέω	to be sent (as a θεωρός (theōrós)) to consult an oracle	0
theoroi	θεωροί	θεωρός	spectator	0
theoroie	θεωροίη	θεωρέω	to be sent (as a θεωρός (theōrós)) to consult an oracle	0
theorous	θεωρούς	θεωρός	spectator	0
theoroi	θεωροῖ	θεωρέω	to be sent (as a θεωρός (theōrós)) to consult an oracle	0
theorois	θεωροῖς	θεωρός	spectator	0
theorou	θεωροῦ	θεωρός	spectator	0
theoroun	θεωροῦν	θεωρέω	to be sent (as a θεωρός (theōrós)) to consult an oracle	0
theoron	θεωρόν	θεωρός	spectator	0
theoros	θεωρός	θεωρός	spectator	0
theorete	θεωρῆτε	θεωρέω	to be sent (as a θεωρός (theōrós)) to consult an oracle	0
theore	θεωρῇ	θεωρέω	to be sent (as a θεωρός (theōrós)) to consult an oracle	0
theores	θεωρῇς	θεωρέω	to be sent (as a θεωρός (theōrós)) to consult an oracle	0
theoro	θεωρῶ	θεωρέω	to be sent (as a θεωρός (theōrós)) to consult an oracle	0
theorosi	θεωρῶσι	θεωρέω	to be sent (as a θεωρός (theōrós)) to consult an oracle	0
theoro	θεωρῷ	θεωρός	spectator	0
theikos	θεϊκός	θεῖος	of or from the gods or God, divine	0
theon	θεόν	θεός	a deity	1
theos	θεός	θεός	a deity	1
theotes	θεότης	θεότης	divinity, divine nature, Godhead	0
theoteta	θεότητα	θεότης	divinity, divine nature, Godhead	0
theophi	θεόφι	θεός	a deity	1
theophin	θεόφιν	θεός	a deity	1
theusei	θεύσει	θέω	to run fast	0
theuso	θεύσω	θέω	to run fast	0
theo	θεώ	θεός	a deity	1
theorema	θεώρημα	θεώρημα	sight, spectacle	0
thei	θεῖ	θέω	to run fast	0
theiai	θεῖαι	θεῖος	of or from the gods or God, divine	0
thein	θεῖν	θέω	to run fast	0
theinai	θεῖναι	τίθημι	to put, place, set	0
theioi	θεῖοι	θεῖος	of or from the gods or God, divine	0
theion	θεῖον	θεῖον	divinity	0
theios	θεῖος	θεῖος	of or from the gods or God, divine	0
theis	θεῖς	θέω	to run fast	0
theeomai	θηέομαι	θεάομαι	to view, watch, observe, gaze	0
thegane	θηγάνη	θηγάνη	whetstone, hone	0
thekon	θηκῶν	θήκη	box	0
thelas	θηλάς	θηλή	a teat, a nipple	0
thele	θηλή	θηλή	a teat, a nipple	0
thelen	θηλήν	θηλή	a teat, a nipple	0
thelai	θηλαί	θηλή	a teat, a nipple	0
thelais	θηλαῖς	θηλή	a teat, a nipple	0
thelukos	θηλυκός	θηλυκός	womanlike, womanly, feminine	0
theles	θηλῆς	θηλή	a teat, a nipple	0
thelon	θηλῶν	θηλή	a teat, a nipple	0
themon	θημών	θημών	heap	0
themones	θημῶνες	θημών	heap	0
themonos	θημῶνος	θημών	heap	0
therao	θηράω	θηράω	to hunt	0
theri	θηρί	θήρ	a wild beast, beast of prey, especially a lion	1
therion	θηρίον	θηρίον	wild animal, beast, savage beast	1
thereuta	θηρευτά	θηρευτής	hunter	0
thereute	θηρευτῇ	θηρευτής	hunter	0
thereuo	θηρεύω	θηρεύω	to hunt	0
theriake	θηριακή	θηριακή	antivenom (antidote against a venomous bite)	1
theroin	θηροῖν	θήρ	a wild beast, beast of prey, especially a lion	1
thersi	θηρσί	θήρ	a wild beast, beast of prey, especially a lion	1
thersin	θηρσίν	θήρ	a wild beast, beast of prey, especially a lion	1
theros	θηρός	θήρ	a wild beast, beast of prey, especially a lion	1
theron	θηρῶν	θήρ	a wild beast, beast of prey, especially a lion	1
thesauro	θησαυρώ	θησαυρός	treasure	0
thetos	θητός	θής	serf or bondsman	0
thibros	θιβρός	θιβρός	hot	0
thiggano	θιγγάνω	θιγγάνω	to touch, handle	0
thios	θιός	θεός	a deity	1
thlasma	θλάσμα	θλάσμα	A bruise, a contusion	0
thlaspis	θλάσπις	θλάσπις	shepherd's purse (Capsella bursa-pastoris)	0
thlao	θλάω	θλάω	to crush, bruise	0
thlibo	θλίβω	θλίβω	to squeeze, chafe, exercise pressure	0
thlipsis	θλῖψις	θλῖψις	pressure	0
thnesko	θνῄσκω	θνῄσκω	to die	0
thnaisko	θναίσκω	θνῄσκω	to die	0
thneta	θνητά	θνητός	liable to death, mortal	0
thnetas	θνητάς	θνητός	liable to death, mortal	0
thnetaon	θνητάων	θνητός	liable to death, mortal	0
thnete	θνητέ	θνητός	liable to death, mortal	0
thneten	θνητήν	θνητός	liable to death, mortal	0
thnetai	θνηταί	θνητός	liable to death, mortal	0
thnetain	θνηταῖν	θνητός	liable to death, mortal	0
thnetais	θνηταῖς	θνητός	liable to death, mortal	0
thnetoi	θνητοί	θνητός	liable to death, mortal	0
thnetous	θνητούς	θνητός	liable to death, mortal	0
thnetoin	θνητοῖν	θνητός	liable to death, mortal	0
thnetois	θνητοῖς	θνητός	liable to death, mortal	0
thnetou	θνητοῦ	θνητός	liable to death, mortal	0
thneton	θνητόν	θνητός	liable to death, mortal	0
thnetos	θνητός	θνητός	liable to death, mortal	0
thneto	θνητώ	θνητός	liable to death, mortal	0
thnetes	θνητῆς	θνητός	liable to death, mortal	0
thnasko	θνᾴσκω	θνῄσκω	to die	0
thoazo	θοάζω	θοάζω	to move, dispatch quickly	0
thoas	θοάς	θοός	fast, fleet, quick, speedy, swift	0
thoaon	θοάων	θοός	fast, fleet, quick, speedy, swift	0
thoen	θοήν	θοός	fast, fleet, quick, speedy, swift	0
thoinais	θοίναις	θοίνη	meal, feast, banquet	0
thoinas	θοίνας	θοίνη	meal, feast, banquet	0
thoine	θοίνη	θοίνη	meal, feast, banquet	0
thoinen	θοίνην	θοίνη	meal, feast, banquet	0
thoines	θοίνης	θοίνη	meal, feast, banquet	0
tholia	θολία	θολία	conical hat with broad brim	0
tholeros	θολερός	θολερός	muddy, turbid	0
tholos	θολός	θολός	mud, dirt, especially in water	0
thoros	θορός	θορός	semen, sperm	0
thoos	θοός	θοός	fast, fleet, quick, speedy, swift	0
thoes	θοῆς	θοός	fast, fleet, quick, speedy, swift	0
thoe	θοῇ	θοός	fast, fleet, quick, speedy, swift	0
thoesi	θοῇσι	θοός	fast, fleet, quick, speedy, swift	0
thoesin	θοῇσιν	θοός	fast, fleet, quick, speedy, swift	0
thouri	θοῦρι	θοῦρος	rushing	0
thourin	θοῦριν	θοῦρος	rushing	0
thouris	θοῦρις	θοῦρος	rushing	0
thouron	θοῦρον	θοῦρος	rushing	0
thouros	θοῦρος	θοῦρος	rushing	0
thoos	θοῶς	θοῶς	quickly, swiftly	0
thoo	θοῷ	θοός	fast, fleet, quick, speedy, swift	0
thrasos	θράσος	θράσος	confidence, courage, boldness	0
thrasso	θράσσω	θράσσω	to trouble	0
thratto	θράττω	θράσσω	to trouble	0
thremma	θρέμμα	θρέμμα	nursling, creature	0
threomai	θρέομαι	θρέομαι	to cry aloud, shriek forth	0
threptra	θρέπτρα	θρέπτρα	repayment for rearing (due by a child to his parents)	0
threpsei	θρέψει	τρέφω	to make to grow, to increase, bring up, breed, rear (especia	0
threpsoi	θρέψοι	τρέφω	to make to grow, to increase, bring up, breed, rear (especia	0
threpso	θρέψω	τρέφω	to make to grow, to increase, bring up, breed, rear (especia	0
threpse	θρέψῃ	τρέφω	to make to grow, to increase, bring up, breed, rear (especia	0
threnoin	θρήνοιν	θρῆνος	wailing, lamenting, dirge	0
threnois	θρήνοις	θρῆνος	wailing, lamenting, dirge	0
threnou	θρήνου	θρῆνος	wailing, lamenting, dirge	0
threnous	θρήνους	θρῆνος	wailing, lamenting, dirge	0
threno	θρήνω	θρῆνος	wailing, lamenting, dirge	0
threnon	θρήνων	θρῆνος	wailing, lamenting, dirge	0
thridax	θρίδαξ	θρίδαξ	lettuce (Lactuca sativa)	0
thrix	θρίξ	θρίξ	hair	1
thrips	θρίψ	θρίψ	woodworm	1
thranias	θρανίας	θρανίας	swordfish (Xiphias gladius)	0
thranion	θρανίον	θρανίον	rower's bench	0
thrasus	θρασύς	θρασύς	brave	0
thraupis	θραυπίς	θραυπίς	sort of small bird, perhaps a kind of finch	0
thrauma	θραῦμα	θραῦμα	A fragment	0
thrigkos	θριγκός	θριγκός	topmost course of stones in a wall, cornice, coping, frieze	0
thrombos	θρόμβος	θρόμβος	piece, lump, clump	0
throne	θρόνε	θρόνος	seat	0
thronoi	θρόνοι	θρόνος	seat	0
thronoin	θρόνοιν	θρόνος	seat	0
thronois	θρόνοις	θρόνος	seat	0
thronon	θρόνον	θρόνον	flowers embroidered on cloth	0
thronos	θρόνος	θρόνος	seat	0
thronou	θρόνου	θρόνος	seat	0
thronous	θρόνους	θρόνος	seat	0
throno	θρόνω	θρόνος	seat	0
thronon	θρόνων	θρόνος	seat	0
throos	θρόος	θρόος	noise, as of many voices	0
thrumma	θρύμμα	θρύμμα	fragment, piece, bit, morsel	0
thruon	θρύον	θρύον	reed, rush	0
thrupto	θρύπτω	θρύπτω	to break in pieces, shatter	0
thruinos	θρύϊνος	θρύϊνος	made of reed, rush	0
thranos	θρᾶνος	θρᾶνος	bench, long seat	0
threne	θρῆνε	θρῆνος	wailing, lamenting, dirge	0
threnoi	θρῆνοι	θρῆνος	wailing, lamenting, dirge	0
threnos	θρῆνος	θρῆνος	wailing, lamenting, dirge	0
threnus	θρῆνυς	θρῆνυς	footstool	0
threskos	θρῆσκος	θρῆσκος	religious, pious, devout	0
thrinax	θρῖναξ	θρῖναξ	winnowing fork, three-pronged fork used to stir grain	0
thrion	θρῖον	θρῖον	fig leaf	0
thrulos	θρῦλος	θρῦλος	noise as of many voices, murmur	0
throsko	θρῴσκω	θρῴσκω	to leap, spring	0
thronax	θρῶναξ	θρῶναξ	drone	0
thuia	θυία	θυία	stinking juniper (Juniperus foetidissima)	0
thugater	θυγάτηρ	θυγάτηρ	daughter	0
thueia	θυεία	θυεία	mortar (vessel)	0
thumele	θυμέλη	θυμέλη	a place of sacrifice, altar, temple	0
thumiama	θυμίαμα	θυμίαμα	that which is burnt as incense or fumigation	0
thumiao	θυμιάω	θυμιάω	to burn (so as to produce smoke)	0
thumieta	θυμιητά	θυμιητά	fragrant stuffs for burning, incense	0
thumos	θυμός	θυμός	soul, as the seat of emotion, feeling, and thought	1
thuris	θυρίς	θυρίς	window	0
thureos	θυρεός	θυρεός	a stone put against a door to keep it shut, a door-stone	1
thuroros	θυρωρός	θυρωρός	doorkeeper, porter	0
thusia	θυσία	θυσία	offering, sacrifice, a sacrificing	0
thuter	θυτήρ	θυτήρ	sacrificer	0
thoaddo	θωάδδω	θωάζω	to pay the penalty	0
thoazo	θωάζω	θωάζω	to pay the penalty	0
thoao	θωάω	θωάω	to penalize, fine	0
thoeo	θωέω	θωέω	Delphic form of θωάζω (thōázō)	0
thoe	θωή	θωή	fine, penalty	0
thoen	θωήν	θωή	fine, penalty	0
thoaio	θωαίω	θωάζω	to pay the penalty	0
thomous	θωμούς	θωμός	heap	0
thomon	θωμόν	θωμός	heap	0
thomos	θωμός	θωμός	heap	0
thopos	θωπός	θώψ	adulator, flatterer	0
thoresso	θωρήσσω	θωρήσσω	to arm with a breastplate	0
thoos	θωός	θωός	kind of bird	0
tholoi	θόλοι	θόλος	A round building with conical roof, a rotunda	0
tholois	θόλοις	θόλος	A round building with conical roof, a rotunda	0
tholon	θόλον	θόλος	A round building with conical roof, a rotunda	0
tholos	θόλος	θόλος	A round building with conical roof, a rotunda	0
tholou	θόλου	θόλος	A round building with conical roof, a rotunda	0
tholous	θόλους	θόλος	A round building with conical roof, a rotunda	0
tholo	θόλῳ	θόλος	A round building with conical roof, a rotunda	0
thore	θόρε	θρῴσκω	to leap, spring	0
thorubos	θόρυβος	θόρυβος	noise, especially of a crowd of people	0
thuaros	θύαρος	θύαρος	ryegrass, darnel (Lolium temulentum)	0
thuella	θύελλα	θύελλα	hurricane	0
thulakos	θύλακος	θύλακος	sack, bag, used especially to carry meal in	0
thumbra	θύμβρα	θύμβρα	savory of Crete (Satureja thymbra)	0
thumon	θύμον	θύμον	thyme (plant of the genus Thymus)	0
thumos	θύμος	θύμος	a warty excrescence, so called from its likeness to a bunch	0
thunnos	θύννος	θύννος	tuna (fish)	0
thuno	θύνω	θύνω	to rush along	0
thuon	θύον	θύον	sandarac	0
thuos	θύος	θύος	burnt sacrifice	0
thura	θύρα	θύρα	door	0
thuraze	θύραζε	θύραζε	to the door	0
thuretra	θύρετρα	θύρετρα	wings of a door, door	0
thursos	θύρσος	θύρσος	thyrsus, a wand wreathed in ivy and vine-leaves with a pine-	0
thusanos	θύσανος	θύσανος	tassel, fringe	0
thusthla	θύσθλα	θύσθλα	sacred implements of Bacchic orgies, such as wands and thyrs	0
thuo	θύω	θύω	to rush in	0
thuinos	θύϊνος	θύϊνος	made of cedar	0
thorax	θώραξ	θώραξ	corselet	0
thos	θώς	θώς	jackal	0
thops	θώψ	θώψ	adulator, flatterer	0
thakos	θᾶκος	θᾶκος	seat, chair	0
thasson	θᾶσσον	θᾶσσον	sooner	0
thekai	θῆκαι	θήκη	box	0
thekan	θῆκαν	τίθημι	to put, place, set	0
theke	θῆκε	τίθημι	to put, place, set	0
theken	θῆκεν	τίθημι	to put, place, set	0
thelus	θῆλυς	θῆλυς	female	0
thera	θῆρα	θήρ	a wild beast, beast of prey, especially a lion	1
theras	θῆρας	θήρ	a wild beast, beast of prey, especially a lion	1
there	θῆρε	θήρ	a wild beast, beast of prey, especially a lion	1
theres	θῆρες	θήρ	a wild beast, beast of prey, especially a lion	1
theta	θῆτα	θῆτα	theta, the name for the eighth letter Θ (Th), θ (th) of the	1
thetas	θῆτας	θής	serf or bondsman	0
thibis	θῖβις	θῖβις	basket plaited from papyrus	0
thuma	θῦμα	θῦμα	victim, sacrifice (especially animals)	0
thomigx	θῶμιγξ	θῶμιγξ	cord	0
kabaisos	κάβαισος	κάβαισος	glutton, gourmand	0
kabos	κάβος	κάβος	corn-measure corresponding to four ξέσται (xéstai)	0
kabouros	κάβουρος	κάβουρος	crab	0
kagkamon	κάγκαμον	κάγκαμον	bisabol, a gum produced by the plant Commiphora kataf	0
kagkanos	κάγκανος	κάγκανος	dry, arid, barren	0
kados	κάδος	κάδος	pail, bucket, jar, cask, vessel for water or wine	0
katharma	κάθαρμα	κάθαρμα	offscouring	0
katheta	κάθετα	κάθετος	having been let down (of a fishing line, plumb line etc	1
kathete	κάθετε	κάθετος	having been let down (of a fishing line, plumb line etc	1
kathetoi	κάθετοι	κάθετος	having been let down (of a fishing line, plumb line etc	1
kathetos	κάθετος	κάθετος	having been let down (of a fishing line, plumb line etc	1
katheude	κάθευδε	καθεύδω	to sleep	0
kathemai	κάθημαι	κάθημαι	to be seated	0
kathisma	κάθισμα	κάθισμα	buttocks, sit-upon	1
kathodos	κάθοδος	κάθοδος	way down, descent	1
kathomai	κάθομαι	κάθομαι	—	0
kak	κάκ	κατά	[with genitive]	1
kaka	κάκα	κάκη	wickedness, vice	0
kake	κάκη	κάκη	wickedness, vice	0
kakistos	κάκιστος	κακός	As a measure of quality	1
kakkabos	κάκκαβος	κακκάβη	three legged pot	0
kakke	κάκκη	κάκκη	dung, excrement	0
kaktos	κάκτος	κάκτος	the cardoon, Cynara cardunculus	0
kalathos	κάλαθος	κάλαθος	basket which is narrow at the base	0
kalamon	κάλαμον	κάλαμος	a reed	0
kalamos	κάλαμος	κάλαμος	a reed	0
kalais	κάλαϊς	κάλαϊς	turquoise (a sky-blue, greenish-blue, or greenish-gray semi-	0
kalei	κάλει	καλέω	to call, summon	0
kaleon	κάλεον	καλέω	to call, summon	0
kalesson	κάλεσσον	καλέω	to call, summon	0
kalinos	κάλινος	κάλινος	wooden	0
kallion	κάλλιον	κάλλιον	a precinct used as a court at Athens	0
kallos	κάλλος	κάλλος	beauty	0
kalpis	κάλπις	κάλπις	pitcher	1
kalumma	κάλυμμα	κάλυμμα	A head covering, a hood, a veil	0
kalux	κάλυξ	κάλυξ	A covering of a flower or fruit	1
kalupsa	κάλυψα	καλύπτω	to cover	0
kalupsas	κάλυψας	καλύπτω	to cover	0
kalupse	κάλυψε	καλύπτω	to cover	0
kalupsen	κάλυψεν	καλύπτω	to cover	0
kalkhe	κάλχη	κάλχη	purple-fish (Hexaplex trunculus)	0
kalos	κάλως	κάλως	reefing rope	0
kamax	κάμαξ	κάμαξ	vine pole	0
kamatos	κάματος	κάματος	toil, trouble	0
kame	κάμε	κάμνω	to exert oneself, labour, work hard	0
kamelos	κάμηλος	κάμηλος	camel	0
kamilos	κάμιλος	κάμιλος	mooring rope	0
kaminos	κάμινος	κάμινος	oven, furnace, kiln	0
kammaros	κάμμαρος	κάμμαρος	a kind of lobster or shrimp	0
kammore	κάμμορε	κάμμορος	ill-fated	0
kammoros	κάμμορος	κάμμορος	ill-fated	0
kamno	κάμνω	κάμνω	to exert oneself, labour, work hard	0
kamon	κάμον	κάμον	barley-beer	0
kampe	κάμπε	κάμπος	sea monster	0
kampe	κάμπη	κάμπη	caterpillar	0
kampoi	κάμποι	κάμπος	sea monster	0
kampon	κάμπον	κάμπος	sea monster	0
kampos	κάμπος	κάμπος	sea monster	0
kampou	κάμπου	κάμπος	sea monster	0
kampous	κάμπους	κάμπος	sea monster	0
kampto	κάμπτω	κάμπτω	to bend	0
kampsa	κάμψα	κάμψα	basket, case	0
kampsis	κάμψις	κάμψις	bend, (act of) bending	1
kanabos	κάναβος	κάναβος	block figure (wooden framework round which artists moulded w	0
kandus	κάνδυς	κάνδυς	mantle with sleeves worn by Persians	1
kaneon	κάνεον	κάνεον	basket of reed or cane, especially a breadbasket	0
kanes	κάνης	κάνης	mat made of reeds	0
kanna	κάννα	κάννα	giant reed (Arundo donax)	0
kannabis	κάνναβις	κάνναβις	hemp (Cannabis sativa)	0
kanopon	κάνωπον	κάνωπον	elderflower	0
kapetos	κάπετος	κάπετος	ditch, trench	0
kape	κάπη	κάπη	crib, manger	0
kapelos	κάπηλος	κάπηλος	retail dealer, huckster	0
kapnisma	κάπνισμα	κάπνισμα	offering of smoke, i	0
kappa	κάππα	κάππα	kappa, the name for the tenth letter Κ (K), κ (k) of the Anc	0
kapparis	κάππαρις	κάππαρις	caper (Capparis spinosa)	1
kappese	κάππεσε	καταπίπτω	to fall down	0
kappeson	κάππεσον	καταπίπτω	to fall down	0
kaproi	κάπροι	κάπρος	boar, especially wild boar	0
kapron	κάπρον	κάπρος	boar, especially wild boar	0
kapros	κάπρος	κάπρος	boar, especially wild boar	0
kaprous	κάπρους	κάπρος	boar, especially wild boar	0
kapto	κάπτω	κάπτω	to gulp down	0
kara	κάρα	κάρα	head	0
karabos	κάραβος	κάραβος	a kind of beetle	0
karbanos	κάρβανος	κάρβανος	outlandish, foreign	0
kardamon	κάρδαμον	κάρδαμον	garden cress (Lepidium sativum), of which the seed was eaten	0
kardax	κάρδαξ	κάρδαξ	A kind of mercenary soldier by the Persians	0
kardopos	κάρδοπος	κάρδοπος	kneading trough	0
kare	κάρη	κάρη	Homeric and Ionic form of κᾰ́ρᾱ (kắrā)	0
karenon	κάρηνον	κάρηνον	head	0
karetos	κάρητος	κάρη	Homeric and Ionic form of κᾰ́ρᾱ (kắrā)	0
karthra	κάρθρα	κάρθρα	wages for clipping or shearing	0
karma	κάρμα	κάρμα	wool shorn off	0
karnon	κάρνον	κάρνον	Gallic horn, a wind instrument used by Celts	0
karoinon	κάροινον	κάροινον	carenum, sweet wine boiled down	0
karos	κάρος	κάρος	heavy sleep	0
karpasos	κάρπασος	κάρπασος	flax (Linum usitatissimum or Linum bienne)	0
karpimos	κάρπιμος	κάρπιμος	fruit-bearing	0
karpion	κάρπιον	κάρπιον	screw pine (Pandanus odorifer)	0
karron	κάρρον	κάρρον	car, cart	0
karta	κάρτα	κάρτα	very	0
kartos	κάρτος	κράτος	might	0
karuon	κάρυον	κάρυον	nut (hard-shelled seed)	1
karphos	κάρφος	κάρφος	arid stalk, dry twig, chip of wood	0
karpho	κάρφω	κάρφω	to dry up, wither, shrivel	0
karosis	κάρωσις	κάρωσις	heaviness in the head, drowsiness	0
kassuma	κάσσυμα	κάσσυμα	anything stitched of leather	0
kastana	κάστανα	κάστανα	sweet chestnuts	0
kastra	κάστρα	κάστρον	fort	0
kastron	κάστρον	κάστρον	fort	0
kastrou	κάστρου	κάστρον	fort	0
kastor	κάστωρ	κάστωρ	beaver	0
kata	κάτα	κάτα	Byzantine spelling of κάττα (kátta)	0
kateimi	κάτειμι	κάτειμι	to go down, come down	0
katoike	κάτοικε	κάτοικος	inhabitant	0
katoikoi	κάτοικοι	κάτοικος	inhabitant	0
katoikon	κάτοικον	κάτοικος	inhabitant	0
katoikos	κάτοικος	κάτοικος	inhabitant	0
katta	κάττα	κάττα	cat	0
kattai	κάτται	κάττα	cat	0
kattain	κάτταιν	κάττα	cat	0
kattais	κάτταις	κάττα	cat	0
kattan	κάτταν	κάττα	cat	0
kattas	κάττας	κάττα	cat	0
kattes	κάττης	κάττα	cat	0
katte	κάττῃ	κάττα	cat	0
kato	κάτω	κάτω	downwards	0
kakhlex	κάχληξ	κάχληξ	pebble (in the bed of a river)	0
kakhrus	κάχρυς	κάχρυς	parched barley	0
kapsa	κάψα	κάψα	basket, case	0
kapsis	κάψις	κάψις	a gulping down	0
keatai	κέαται	κεῖμαι	to lie, lie outstretched	0
kegkhros	κέγχρος	κέγχρος	millet (Panicum miliaceum)	0
kedmata	κέδματα	κέδματα	Certain morbid affections mentioned by Hippocrates which, in	0
kedrinos	κέδρινος	κέδρινος	made of cedar	0
kedros	κέδρος	κέδρος	cedar (tree of genus Cedrus or Juniperus)	0
keesthai	κέεσθαι	κέεσθαι	uncontracted present middle infinitive of κεῖμαι (keîmai)	0
keetai	κέηται	κεῖμαι	to lie, lie outstretched	0
kekadon	κέκαδον	κέκαδον	to deprive	0
kekasmai	κέκασμαι	καίνυμαι	to surpass, overcome	0
kekleto	κέκλετο	κέλομαι	to command	0
keklute	κέκλυτε	κλύω	to hear, listen to	0
kektemai	κέκτημαι	κτάομαι	to get, obtain, acquire, gain, win	0
kelados	κέλαδος	κέλαδος	loud noise, din, clamour	0
keleai	κέλεαι	κέλομαι	to command	0
keletai	κέλεται	κέλομαι	to command	0
keleue	κέλευε	κελεύω	to urge, bid, exhort	0
keleutha	κέλευθα	κέλευθος	road, way, path	0
keleuse	κέλευσε	κελεύω	to urge, bid, exhort	0
keleusma	κέλευσμα	κέλευσμα	an order, command, behest	0
keles	κέλης	κέλης	racehorse	0
kella	κέλλα	κέλλα	cell, room, chamber	0
kello	κέλλω	κέλλω	to drive on, to run a ship to land, put a ship to shore	0
kelomai	κέλομαι	κέλομαι	to command	0
kelontai	κέλονται	κέλομαι	to command	0
keluphos	κέλυφος	κέλυφος	sheath, case	0
kelor	κέλωρ	κέλωρ	son	0
kentra	κέντρα	κέντρον	something with a sharp point	0
kentrois	κέντροις	κέντρον	something with a sharp point	0
kentron	κέντρον	κέντρον	something with a sharp point	0
kentrou	κέντρου	κέντρον	something with a sharp point	0
kentro	κέντρῳ	κέντρον	something with a sharp point	0
keontai	κέονται	κεῖμαι	to lie, lie outstretched	0
kepphos	κέπφος	κέπφος	storm petrel (Hydrobates pelagicus)	0
keramos	κέραμος	κέραμος	potter's clay	0
keras	κέρας	κέρας	horn (of an animal)	0
kerdei	κέρδει	κέρδος	gain, profit	0
kerdesi	κέρδεσι	κέρδος	gain, profit	0
kerdesin	κέρδεσιν	κέρδος	gain, profit	0
kerdion	κερδίων	κερδίων	more profitable, more advantageous	0
kerdos	κέρδος	κέρδος	gain, profit	0
kerdous	κέρδους	κέρδος	gain, profit	0
kerthios	κέρθιος	κέρθιος	treecreeper (Certhia familiaris)	0
kerka	κέρκα	κέρκα	ἀκρίς (akrís, “grasshopper, locust”)	0
kerkeris	κέρκηρις	κέρκηρις	teal (Anas crecca)	0
kerkos	κέρκος	κέρκος	the tail of a beast	1
kerma	κέρμα	κέρμα	fragment	0
kernos	κέρνος	κέρνος	large earthen dish with small pots, in which fruits were off	1
kertomos	κέρτομος	κέρτομος	stinging, reproachful	0
kerkhne	κέρχνη	κέρχνη	kestrel (Falco tinnunculus)	0
kerkhnos	κέρχνος	κέρχνος	rough excrescence	0
kesketo	κέσκετο	κεῖμαι	to lie, lie outstretched	0
kestra	κέστρα	κέστρα	sharp hammer	0
kestron	κέστρον	κέστρον	ironwort of species Sideritis romana subsp	0
kestros	κέστρος	κέστρος	sharpness or roughness of the tongue	0
kephalos	κέφαλος	κέφαλος	a species of mullet (Mugil cephalus)	0
kekhena	κέχηνα	χάσκω	to yawn, gape, open wide	0
kekhuto	κέχυτο	χέω	to pour	0
kedea	κήδεα	κῆδος	care for others	0
kedetai	κήδεται	κήδω	to trouble, distress, vex	0
kedeto	κήδετο	κήδω	to trouble, distress, vex	0
kedo	κήδω	κήδω	to trouble, distress, vex	0
keleos	κήλεος	κήλεος	burning, blazing	0
kele	κήλη	κήλη	tumour, swelling	1
kelon	κήλων	κήλων	swape, swing-beam for drawing water, shadoof	0
kex	κήξ	κήξ	sea swallow	0
kepoin	κήποιν	κῆπος	garden, orchard or plantation	0
kepois	κήποις	κῆπος	garden, orchard or plantation	0
kepo	κήπω	κῆπος	garden, orchard or plantation	0
ker	κήρ	κήρ	death	0
kerinos	κήρινος	κήρινος	waxen	0
kerugma	κήρυγμα	κήρυγμα	proclamation	1
kibdelos	κίβδηλος	κίβδηλος	base, fake, counterfeit (especially of coins)	0
kibdos	κίβδος	κίβδος	dross or alloy of gold	0
kibisis	κίβισις	κίβισις	A pouch, a wallet, such as Perseus wore	0
kigklos	κίγκλος	κίγκλος	dipper (Cinclus cinclus)	0
kidaphos	κίδαφος	κίδαφος	wily, cunning, sly	0
kidnamai	κίδναμαι	κίδναμαι	to be spread over	0
kiki	κίκι	κίκι	castor oil	0
kikinne	κίκιννε	κίκιννος	lock of curly hair	0
kikinnoi	κίκιννοι	κίκιννος	lock of curly hair	0
kikinnon	κίκιννον	κίκιννος	lock of curly hair	0
kikinnos	κίκιννος	κίκιννος	lock of curly hair	0
kikinos	κίκινος	κίκινος	made from the castor oil tree	0
killix	κίλλιξ	κίλλιξ	ox with crooked horns	0
kinaidos	κίναιδος	κίναιδος	cinaedus, catamite	0
kindunos	κίνδυνος	κίνδυνος	danger, risk, hazard	0
kinema	κίνημα	κίνημα	movement	0
kinesis	κίνησις	κίνησις	motion	1
kinetron	κίνητρον	κίνητρον	ladle or stick for stirring	0
kinnamon	κίνναμον	κιννάμωμον	Chinese cinnamon (Cinnamomum cassia)	0
kixios	κίξιος	κίξιος	cicada	0
kiouros	κίουρος	κίουρος	basket for corn	0
kirkinos	κίρκινος	κίρκινος	compass	0
kirkos	κίρκος	κίρκος	a type of hawk or falcon	0
kirsion	κίρσιον	κίρσιον	kind of thistle	0
kis	κίς	κίς	weevil (beetle in the superfamily Curculionoidea)	0
kiseris	κίσηρις	κίσηρις	pumice stone	0
kisthos	κίσθος	κίσθος	rockrose (Cistus)	0
kissa	κίσσα	κίσσα	Eurasian jay (Garrulus glandarius)	0
kissinos	κίσσινος	κίσσινος	of ivy	0
kiste	κίστη	κίστη	box, chest, casket	1
kitrinos	κίτρινος	κίτρινος	of the citron tree	0
kitron	κίτρον	κίτρον	fruit of the citron tree	0
kikhle	κίχλη	κίχλη	thrush (bird)	1
kikhora	κίχορα	κίχορα	chicory (Cichorium intybus)	0
kio	κίω	κίω	to go	0
kion	κίων	κίων	pillar	0
kai	καί	καί	and	0
kaiein	καίειν	καίω	to light, kindle, set on fire	0
kaieto	καίετο	καίω	to light, kindle, set on fire	0
kainumai	καίνυμαι	καίνυμαι	to surpass, overcome	0
kaino	καίνω	καίνω	to kill, slay	0
kainosis	καίνωσις	καίνωσις	renewal	0
kaionto	καίοντο	καίω	to light, kindle, set on fire	0
kaiper	καίπερ	καίπερ	although, albeit	0
kairios	καίριος	καίριος	in or at the right place	0
kairon	καίρων	καῖρος	row of thrums in the loom, ravel	0
kaitoi	καίτοι	καίτοι	and indeed, and further	0
kaio	καίω	καίω	to light, kindle, set on fire	0
kaballes	καβάλλης	καβάλλης	nag, old and useless horse	0
kadmeia	καδμεία	καδμεία	cadmia, calamine (a pale pink zinc oxide collected on furnac	0
kadutas	καδύτας	καδύτας	love vine (Cassytha filiformis)	0
katha	καθά	καθά	according to which, just as	0
kathaper	καθάπερ	καθάπερ	exactly as	0
kathapto	καθάπτω	καθάπτω	to fasten, make fast	0
kathedra	καθέδρα	καθέδρα	seat	0
kathelko	καθέλκω	καθέλκω	to draw to the see, launch	0
kathexei	καθέξει	κατέχω	to hold down	0
katheko	καθήκω	καθήκω	to come or go down (esp	0
kathizo	καθίζω	καθίζω	to make to sit down, seat	0
kathiemi	καθίημι	καθίημι	to send down, let fall, let down, lower	0
kathairo	καθαίρω	καθαίρω	to make clean, to clean, cleanse	0
katharos	καθαρός	καθαρός	clean, clear, pure	1
katharo	καθαρῷ	καθαρός	clean, clear, pure	1
kathelon	καθελών	καθαιρέω	to demolish, destroy	0
katheter	καθετήρ	καθετήρ	a surgical instrument for emptying the bladder, a catheter	1
katheudo	καθεύδω	καθεύδω	to sleep	0
kathorao	καθοράω	καθοράω	to look down	0
kathoti	καθότι	καθότι	in what manner, so far as, inasmuch as	0
katherei	καθῄρει	καθαιρέω	to demolish, destroy	0
kaiadas	καιάδας	καιάδας	pit or underground cavern, into which state-prisoners or the	0
kaietos	καιετός	καιετός	fissure produced by an earthquake	0
kaikias	καικίας	καικίας	the north-east wind	0
kaina	καινά	καινός	new, novel, recent	0
kainas	καινάς	καινός	new, novel, recent	0
kaine	καινέ	καινός	new, novel, recent	0
kainen	καινήν	καινός	new, novel, recent	0
kainai	καιναί	καινός	new, novel, recent	0
kainain	καιναῖν	καινός	new, novel, recent	0
kainais	καιναῖς	καινός	new, novel, recent	0
kainoi	καινοί	καινός	new, novel, recent	0
kainous	καινούς	καινός	new, novel, recent	0
kainoin	καινοῖν	καινός	new, novel, recent	0
kainois	καινοῖς	καινός	new, novel, recent	0
kainou	καινοῦ	καινός	new, novel, recent	0
kainon	καινόν	καινός	new, novel, recent	0
kainos	καινός	καινός	new, novel, recent	0
kainotes	καινότης	καινότης	newness, freshness	0
kainoo	καινόω	καινόω	to make new, renew, change	0
kaino	καινώ	καινός	new, novel, recent	0
kaines	καινῆς	καινός	new, novel, recent	0
kaire	καιρέ	καιρός	measure	1
kairoi	καιροί	καιρός	measure	1
kairous	καιρούς	καιρός	measure	1
kairoin	καιροῖν	καιρός	measure	1
kairoio	καιροῖο	καιρός	measure	1
kairois	καιροῖς	καιρός	measure	1
kairoisi	καιροῖσι	καιρός	measure	1
kairoiin	καιροῖϊν	καιρός	measure	1
kairou	καιροῦ	καιρός	measure	1
kairon	καιρόν	καιρός	measure	1
kairos	καιρός	καιρός	measure	1
kairo	καιρώ	καιρός	measure	1
kaka	κακά	κακός	As a measure of quality	1
kake	κακέ	κακός	As a measure of quality	1
kakia	κακία	κακία	lack of quality	0
kakkabe	κακκάβη	κακκάβη	three legged pot	0
kakkao	κακκάω	κακκάω	to defecate, shit	0
kakkalia	κακκαλία	κακκαλία	ashwagandha (Withania somnifera)	0
kakkeion	κακκείων	κατάκειμαι	to lie down, lie outstretched, recline	0
kakoi	κακοί	κακός	As a measure of quality	1
kakous	κακούς	κακός	As a measure of quality	1
kakoisi	κακοῖσι	κακός	As a measure of quality	1
kakon	κακόν	κακός	As a measure of quality	1
kakos	κακός	κακός	As a measure of quality	1
kakotes	κακότης	κακότης	evil	0
kakoo	κακόω	κακόω	to treat ill, maltreat, afflict, distress, vex	0
kakos	κακῶς	κακῶς	badly	0
kakosai	κακῶσαι	κακόω	to treat ill, maltreat, afflict, distress, vex	0
kalame	καλάμη	καλάμη	reed	0
kalamou	καλάμου	κάλαμος	a reed	0
kalamo	καλάμῳ	κάλαμος	a reed	0
kalandai	καλάνδαι	καλάνδαι	calends	0
kalapous	καλάπους	καλάπους	shoemaker's last	0
kalainos	καλάϊνος	καλάϊνος	turquoise, shimmering blue-green	0
kaleon	καλέον	καλέον	uncontracted neuter nominative/accusative/vocative singular	0
kaleonte	καλέοντε	καλέοντε	uncontracted masculine/neuter nominative/accusative/vocative	0
kaleonti	καλέοντι	καλέοντι	uncontracted masculine/neuter dative singular of κᾰλέων (kăl	0
kaleousa	καλέουσα	καλέουσα	uncontracted feminine nominative/vocative singular of κᾰλέων	0
kaleousi	καλέουσι	καλέουσι	uncontracted third-person plural present active indicative o	0
kalesas	καλέσας	καλέω	to call, summon	0
kalessai	καλέσσαι	καλέω	to call, summon	0
kaleo	καλέω	καλέω	to call, summon	0
kaligion	καλίγιον	καλίγιον	caliga, a leathern boot worn by the Romans	0
kalamis	καλαμίς	καλαμίς	limed twig	0
kaleousa	καλεούσα	καλεούσα	uncontracted feminine nominative/accusative/vocative dual of	0
kaleouse	καλεούσῃ	καλεούσῃ	uncontracted feminine dative singular of κᾰλέων (kăléōn)	0
kalein	καλεῖν	καλέω	to call, summon	0
kalia	καλιά	καλιά	wooden dwelling, hut	0
kallias	καλλίας	καλλίας	a tame ape	0
kalluno	καλλύνω	καλλύνω	to beautify	0
kaluptos	καλυπτός	καλυπτός	covering, enfolding, enveloping	1
kalopous	καλόπους	καλόπους	shoemaker's last	0
kalos	καλός	καλός	beautiful	0
kalube	καλύβη	καλύβη	A hut, a cabin	0
kaluptra	καλύπτρα	καλύπτρα	veil, headdress	1
kalupto	καλύπτω	καλύπτω	to cover	0
kalos	καλῶς	καλῶς	well	0
kaman	καμάν	καμάν	field (accusative singular)	0
kamara	καμάρα	καμάρα	anything with an arched cover such as a covered carriage or	0
kamision	καμίσιον	καμίσιον	shirt	0
kamasen	καμασήν	καμασήν	name of an unknown kind of fish	0
kammuo	καμμύω	καμμύω	to close or shut the eyes	0
kampe	καμπή	καμπή	winding, such as of a river	1
kampter	καμπτήρ	καμπτήρ	bend	0
kamptos	καμπτός	καμπτός	flexible	0
kampula	καμπύλα	καμπύλος	bent, curved	0
kampulos	καμπύλος	καμπύλος	bent, curved	0
kampsos	καμψός	καμψός	crooked, bent	0
kanakheo	καναχέω	καναχέω	to ring, clash, clang	0
kanakhe	καναχή	καναχή	noise, any sharp sound	0
kandake	κανδάκη	κανδάκη	A candace, any one of the ancient Nubian warrior queens	1
kandele	κανδήλη	κανδήλη	oil lamp	0
kanthos	κανθός	κανθός	corner of the eye	0
kanthule	κανθύλη	κανθύλη	swelling	0
kanonizo	κανονίζω	κανονίζω	to measure, regulate	0
kanon	κανών	κανών	rod, pole, bar	1
kapane	καπάνη	ἀπήνη	four-wheel wagon drawn by mules	0
kapetis	καπέτις	καπέτις	Persian measure, corresponding to ¹⁄₄₈ of the ἀρτάβη (artábē	0
kapithe	καπίθη	καπίθη	Persian unit of measure containing two choenixes	0
kapnizo	καπνίζω	καπνίζω	to make smoke, i	0
kapnou	καπνοῦ	καπνός	smoke	0
kapnon	καπνόν	καπνός	smoke	0
kapnos	καπνός	καπνός	smoke	0
kapuros	καπυρός	καπυρός	dried by the air	0
karabin	καράβιν	καράβιον	ship	0
karabion	καράβιον	καράβιον	ship	0
karis	καρίς	καρίς	shrimp, prawn	0
kardia	καρδία	καρδία	heart (as the source of emotion, love, etc	1
karkinos	καρκίνος	καρκίνος	crab	1
karkairo	καρκαίρω	καρκαίρω	to quake	0
karoukha	καροῦχα	καροῦχα	carruca, a four-wheeled carriage	0
karpaia	καρπαία	καρπαία	mimic dance in arms of the Thessalians	0
karpos	καρπός	καρπός	fruit	1
karrikos	καρρικός	καρρικός	sufficient to fill a wagon	0
kartera	καρτερά	καρτερός	strong, staunch, mighty	0
karteron	καρτερόν	καρτερός	strong, staunch, mighty	0
karteros	καρτερός	καρτερός	strong, staunch, mighty	0
kartero	καρτερώ	καρτερός	strong, staunch, mighty	0
kartos	καρτός	καρτός	shorn smooth (of clothes)	0
karukeuo	καρυκεύω	καρυκεύω	dress with rich sauce	0
karoton	καρωτόν	καρωτόν	carrot	0
karoo	καρόω	καρόω	to plunge into deep sleep or torpor, to stun or stupefy	0
karuke	καρύκη	καρύκη	sauce composed by blood and spices	0
karuinos	καρύϊνος	καρύϊνος	of nuts	0
karoton	καρῶτον	καρόω	to plunge into deep sleep or torpor, to stun or stupefy	0
kasia	κασία	κασία	cassia (Cinnamomum iners)	0
kasalbas	κασαλβάς	κασαλβάς	strumpet	0
kaskos	κασκός	κασκός	little finger, pinkie	0
kassuo	κασσύω	κασσύω	to stitch, sew together like a shoemaker	0
kasoris	κασωρίς	κασωρίς	strumpet	0
kata	κατά	κατά	[with genitive]	1
katagein	κατάγειν	κατάγω	to lead down, bring down, draw	0
katago	κατάγω	κατάγω	to lead down, bring down, draw	0
kataluma	κατάλυμα	κατάλυμα	lodging, billet, provision of quarters	0
katane	κατάνη	κατάνη	grater	0
kataskho	κατάσχω	κατέχω	to hold down	0
katedu	κατέδυ	καταδύω	to go down into, enter	0
katedo	κατέδω	κατέδω	to eat up, devour	0
katekta	κατέκτα	κατακτείνω	to kill, slay	0
kateruke	κατέρυκε	κατερύκω	hold back, hinder, detain	0
katekhei	κατέχει	καταχέω	to pour down, on, in	0
katekho	κατέχω	κατέχω	to hold down	0
katairo	καταίρω	καταίρω	to come down, swoop down	0
katairon	καταίρων	καταίρω	to come down, swoop down	0
katabas	καταβάς	καταβαίνω	to step down, to go or come down	0
kataboao	καταβοάω	καταβοάω	to cry down, cry out against	0
kataboe	καταβοή	καταβοή	outcry	0
kataboen	καταβοήν	καταβοή	outcry	0
katabole	καταβολή	καταβολή	building, structure, foundation	0
katadeo	καταδέω	καταδέω	to bind on or to, bind fast, bind up	0
katadus	καταδύς	καταδύω	to go down into, enter	0
kataduo	καταδύω	καταδύω	to go down into, enter	0
kataigis	καταιγίς	καταιγίς	squall (a storm descending from above)	0
kataklao	κατακλάω	κατακλάω	to break off, break short	0
katalego	καταλέγω	καταλέγω	to pick out, to choose out of, to levy/enlist/enrol	0
katalexo	καταλέξω	καταλέγω	to pick out, to choose out of, to levy/enlist/enrol	0
katalogo	καταλόγῳ	κατάλογος	enrolment	0
kataluo	καταλύω	καταλύω	to loosen, unbind	0
katamuo	καταμύω	καταμύω	to close or shut the eyes	0
kataneuo	κατανεύω	κατανεύω	to nod	0
katanoeo	κατανοέω	κατανοέω	to perceive, observe, watch	0
katapleo	καταπλέω	καταπλέω	to sail from sea to land, come ashore	0
katargeo	καταργέω	καταργέω	to leave unemployed or idle	0
katarreo	καταρρέω	καταρρέω	to flow down	0
katarroe	καταρροή	καταρροή	defluxion, flowing down	0
kataspao	κατασπάω	κατασπάω	to draw down, pull down	0
katastas	καταστάς	καθίστημι	to set down, stop, bring to land	0
katakheo	καταχέω	καταχέω	to pour down, on, in	0
kataitux	καταῖτυξ	καταῖτυξ	leather helmet or skullcap	0
kateirgo	κατείργω	κατείργω	to drive into, shut in	0
kateboon	κατεβόων	καταβοάω	to cry down, cry out against	0
katepano	κατεπάνω	κατεπάνω	above, overhead	1
kateruko	κατερύκω	κατερύκω	hold back, hinder, detain	0
kateruo	κατερύω	κατερύω	draw, haul down	0
kateidon	κατεῖδον	καθοράω	to look down	0
kategoro	κατηγορῶ	κατηγορέω	to speak against, especially before judges, to accuse, to de	0
katekheo	κατηχέω	κατηχέω	to resound	0
katidon	κατιδών	καθοράω	to look down	0
katoikia	κατοίκια	κατοίκια	household goods	0
katoikie	κατοίκιε	κατοίκιος	belonging to the household	0
katoikou	κατοίκου	κάτοικος	inhabitant	0
katoiko	κατοίκω	κάτοικος	inhabitant	0
katoikas	κατοικάς	κατοικάς	a household	0
katoikeo	κατοικέω	κατοικέω	to dwell in, to settle in, to colonise	0
katoikia	κατοικία	κατοικία	habitation	0
katoikis	κατοικίς	κατοικίς	a household	0
katoikio	κατοικίω	κατοίκιος	belonging to the household	0
katoikia	κατοικίᾳ	κατοίκιος	belonging to the household	0
katoulas	κατουλάς	κατουλάς	shrouding	0
katokhe	κατοχή	κατοχή	a holding fast, detention	0
kattus	καττύς	καττύς	piece of leather	0
katton	καττῶν	κάττα	cat	0
katopin	κατόπιν	κατόπιν	behind	0
katelips	κατῆλιψ	κατῆλιψ	upper story	0
katokize	κατῴκιζε	κατοικίζω	to settle, establish a colony	0
kaulos	καυλός	καυλός	stem, stalk	0
kaunakes	καυνάκης	καυνάκης	thick cloak said to be of Persian or Babylonian make	0
kausia	καυσία	καυσία	royal hat made of felt, used by Macedonians	1
kauston	καυστόν	καυστός	burnt	0
kaustos	καυστός	καυστός	burnt	0
kautos	καυτός	καυτός	burnt	0
kaphoura	καφουρά	καφουρά	camphor tree (Cinnamomum camphora)	0
kaulinos	καύλινος	καύλινος	made of a stalk or stick	0
kauson	καύσων	καύσων	burning heat, summer heat, heatwave	0
kaie	καῖε	καίω	to light, kindle, set on fire	0
kairos	καῖρος	καῖρος	row of thrums in the loom, ravel	0
kaukos	καῦκος	καῦκος	kind of cup	0
kauma	καῦμα	καῦμα	burning, glow, heat (especially of the sun)	0
keazo	κεάζω	κεάζω	to split, cleave wood	0
keimenos	κείμενος	κεῖμαι	to lie, lie outstretched	0
keimen	κείμην	κεῖμαι	to lie, lie outstretched	0
keirein	κείρειν	κείρω	to shear, shave, cut hair short	0
keiro	κείρω	κείρω	to shear, shave, cut hair short	0
keiron	κείρων	κείρω	to shear, shave, cut hair short	0
keisetai	κείσεται	κεῖμαι	to lie, lie outstretched	0
keisoito	κείσοιτο	κεῖμαι	to lie, lie outstretched	0
keisomai	κείσομαι	κεῖμαι	to lie, lie outstretched	0
keise	κείσῃ	κεῖμαι	to lie, lie outstretched	0
keble	κεβλή	κεφαλή	head	1
kedna	κεδνά	κεδνός	careful, diligent, trusty	0
kednos	κεδνός	κεδνός	careful, diligent, trusty	0
kedris	κεδρίς	κεδρίς	juniper berry	0
kedrites	κεδρίτης	κεδρίτης	wine flavoured with the oil of the Syrian cedar	0
keiria	κειρία	κειρία	girth of a bedstead	0
keklegon	κεκλήγων	κεκλήγων	shouting, yelling	0
kekoteos	κεκοτηώς	κοτέω	to hold a grudge	0
kelebe	κελέβη	κελέβη	A cup, a jar	1
keletion	κελήτιον	κέλης	racehorse	0
keladeo	κελαδέω	κελαδέω	to sound as flowing water	0
kelainon	κελαινόν	κελαινός	black, dark, swarthy, murky	0
kelainos	κελαινός	κελαινός	black, dark, swarthy, murky	0
kelaruzo	κελαρύζω	κελαρύζω	to babble, gurgle	0
keleueto	κελευέτω	κελεύω	to urge, bid, exhort	0
keleos	κελεός	κελεός	green woodpecker (Picus viridis)	0
keleuei	κελεύει	κελεύω	to urge, bid, exhort	0
keleuein	κελεύειν	κελεύω	to urge, bid, exhort	0
keleueis	κελεύεις	κελεύω	to urge, bid, exhort	0
keleuete	κελεύητε	κελεύω	to urge, bid, exhort	0
keleuois	κελεύοις	κελεύω	to urge, bid, exhort	0
keleusei	κελεύσει	κελεύω	to urge, bid, exhort	0
keleuso	κελεύσω	κελεύω	to urge, bid, exhort	0
keleuo	κελεύω	κελεύω	to urge, bid, exhort	0
keleuon	κελεύων	κελεύω	to urge, bid, exhort	0
keleuosi	κελεύωσι	κελεύω	to urge, bid, exhort	0
keleues	κελεύῃς	κελεύω	to urge, bid, exhort	0
kellarin	κελλάριν	κελλάριον	cellar, pantry, larder	0
kellia	κελλία	κελλίον	garret	0
kellion	κελλίον	κελλίον	garret	0
keloia	κελοῖα	κελοῖα	name of a contest for boys and youths at Sparta	0
kelomen	κελόμην	κέλομαι	to command	0
kemas	κεμάς	κεμάς	pricket, two-year-old deer	0
kenas	κενάς	κενός	empty	0
kene	κενέ	κενός	empty	0
kenen	κενήν	κενός	empty	0
kenai	κεναί	κενός	empty	0
kenain	κεναῖν	κενός	empty	0
kenais	κεναῖς	κενός	empty	0
keneon	κενεών	κενεών	hollow between ribs and hip, flank	0
keneona	κενεῶνα	κενεών	hollow between ribs and hip, flank	0
kenoi	κενοί	κενός	empty	0
kenous	κενούς	κενός	empty	0
kenoin	κενοῖν	κενός	empty	0
kenois	κενοῖς	κενός	empty	0
kenou	κενοῦ	κενόν	vacuum	0
kenteo	κεντέω	κεντέω	to prick, sting, goad	0
kentein	κεντεῖν	κεντέω	to prick, sting, goad	0
kenon	κενόν	κενόν	vacuum	0
kenos	κενός	κενός	empty	0
keno	κενώ	κενός	empty	0
kenes	κενῆς	κενός	empty	0
kenon	κενῶν	κενός	empty	0
kerambux	κεράμβυξ	κεράμβυξ	longhorn beetle	0
kerasion	κεράσιον	κεράσιον	cherry	0
kerastes	κεράστης	κεράστης	horned viper (Cerastes cerastes)	1
keratia	κεράτια	κεράτια	fruit of the carob	0
keration	κεράτιον	κεράτιον	small horn	1
keraizo	κεραΐζω	κεραΐζω	to ravage, despoil, plunder	0
keraia	κεραία	κεραία	antennae of the crayfish or of insect	0
keramis	κεραμίς	κεραμίς	roof-tile	0
kerameus	κεραμεύς	κεραμεύς	potter	0
kerasos	κερασός	κερασός	bird cherry, Prunus avium (tree)	0
keratea	κερατέα	κερατωνία	carob tree, Ceratonia siliqua	0
keratia	κερατία	κερατωνία	carob tree, Ceratonia siliqua	0
keraunon	κεραυνόν	κεραυνός	thunderbolt, lightning strike	1
keraunos	κεραυνός	κεραυνός	thunderbolt, lightning strike	1
keraunoo	κεραυνόω	κεραυνόω	to strike with a thunderbolt	0
kerauno	κεραυνῷ	κεραυνός	thunderbolt, lightning strike	1
keraos	κεραός	κεραός	horned	0
kerbesia	κερβησία	κερβησία	Celtic wheat-beer	0
kerdaino	κερδαίνω	κερδαίνω	to gain as profit	0
kerdoi	κερδοῖ	κερδώ	the fox	0
kerdoin	κερδοῖν	κέρδος	gain, profit	0
kerdous	κερδοῦς	κερδώ	the fox	0
kerdoos	κερδόος	κερδώ	the fox	0
kerdo	κερδώ	κερδώ	the fox	0
kerdon	κερδῶν	κέρδος	gain, profit	0
kerkis	κερκίς	κερκίς	a relatively small, handheld device, used to strike the weft	0
kerkion	κερκίων	κερκίων	common hill myna (Gracula religiosa)	0
kersaion	κερσαῖον	κερσαῖον	Egyptian coin	0
kertomeo	κερτομέω	κερτομέω	to taunt, sneer at	0
keronia	κερωνία	κερατωνία	carob tree, Ceratonia siliqua	0
kestos	κεστός	κεστός	stitched, embroidered	1
kephale	κεφαλή	κεφαλή	head	1
kephales	κεφαλῆς	κεφαλή	head	1
kekhenos	κεχηνώς	χάσκω	to yawn, gape, open wide	0
keutho	κεύθω	κεύθω	to cover, hide	0
keis	κεἰς	κεἰς	crasis of καὶ (kaì) and εἰς (eis)	0
keithen	κεῖθεν	ἐκεῖθεν	from that place, thence	0
keithi	κεῖθι	ἐκεῖθι	there	0
keimai	κεῖμαι	κεῖμαι	to lie, lie outstretched	0
keinos	κεῖνος	ἐκεῖνος	that	0
keintai	κεῖνται	κεῖμαι	to lie, lie outstretched	0
keinto	κεῖντο	κεῖμαι	to lie, lie outstretched	0
keisai	κεῖσαι	κεῖμαι	to lie, lie outstretched	0
keise	κεῖσε	ἐκεῖσε	there (to or into that place), thither	0
keisthai	κεῖσθαι	κεῖμαι	to lie, lie outstretched	0
keisthon	κεῖσθον	κεῖμαι	to lie, lie outstretched	0
keiso	κεῖσο	κεῖμαι	to lie, lie outstretched	0
keitai	κεῖται	κεῖμαι	to lie, lie outstretched	0
keito	κεῖτο	κεῖμαι	to lie, lie outstretched	0
keuthe	κεῦθε	κεύθω	to cover, hide	0
keuthos	κεῦθος	κεῦθος	innermost	0
kedeia	κηδεία	κηδεία	connection by marriage, alliance	0
kedeuo	κηδεύω	κηδεύω	to take charge of, tend	0
kethis	κηθίς	κηθίς	dicebox	0
kekis	κηκίς	κηκίς	anything gushing or bubbling forth	0
keleo	κηλέω	κηλέω	to charm, bewitch, enchant, beguile, fascinate	0
keleo	κηλέῳ	κήλεος	burning, blazing	0
kelis	κηλίς	κηλίς	stain, spot, defilement	0
kemos	κημός	κημός	muzzle put on a led horse	0
kepaia	κηπαία	κηπαία	garden door, back door	0
kepeus	κηπεύς	κηπεύς	gardener	0
keri	κηρί	κήρ	death	0
kerion	κηρίον	κηρίον	honeycomb	1
kerion	κηρίων	κηρίων	wax candle, wax light, wax taper	0
keraphis	κηραφίς	κηραφίς	kind of locust	0
keriodes	κηριώδης	κηριώδης	arranged like a honeycomb	0
keroin	κηροῖν	κήρ	death	0
kersi	κηρσί	κήρ	death	0
kersin	κηρσίν	κήρ	death	0
kerothi	κηρόθι	κηρόθι	with all one's heart	0
keros	κηρός	κηρός	beeswax	0
kerulos	κηρύλος	κηρύλος	a fabulous sea-bird, identified with the halcyon	0
kerusso	κηρύσσω	κηρύσσω	to be a herald or auctioneer	1
keron	κηρῶν	κήρ	death	0
keton	κητῶν	κῆτος	whale, sea monster	0
kephen	κηφήν	κηφήν	an apian drone (male bee)	0
kephenon	κηφήνων	κηφήν	an apian drone (male bee)	0
kephena	κηφῆνα	κηφήν	an apian drone (male bee)	0
kephenas	κηφῆνας	κηφήν	an apian drone (male bee)	0
kephenes	κηφῆνες	κηφήν	an apian drone (male bee)	0
kibotos	κιβωτός	κιβωτός	wooden box, chest, coffer	0
kiborion	κιβώριον	κιβώριον	The seed vessel of the Egyptian water-lily	0
kibotion	κιβώτιον	κιβώτιον	box for drawing lots	0
kithara	κιθάρα	κιθάρα	lyre	0
kikinno	κικίννω	κίκιννος	lock of curly hair	0
kiklesko	κικλήσκω	κικλήσκω	to call	0
kikumis	κικυμίς	κικυμίς	little owl (Athene noctua)	0
killos	κιλλός	κιλλός	grey	0
kinara	κινάρα	κινάρα	artichoke (Cynara scolymus)	0
kineo	κινέω	κινέω	to set in motion	0
kinuros	κινυρός	κινυρός	wailing, plaintive, lamenting	0
kinura	κινύρα	κινύρα	kinnor or harp of David	0
kixalles	κιξάλλης	κιξάλλης	highway robber, pirate, thief	0
kirkitor	κιρκίτωρ	κιρκίτωρ	inspector of frontier posts	0
kirros	κιρρός	κιρρός	yellow-orange, tawny	1
kirsos	κιρσός	κιρσός	varicocele (enlargement of a vein)	0
kissos	κισσός	κισσός	ivy (Hedera helix), sacred to Dionysus	0
kitrea	κιτρέα	κιτρέα	citron tree	0
kitto	κιττώ	κιττώ	Chinese cinnamon (Cinnamomum cassia)	0
kikhanei	κιχάνει	κιχάνω	to overtake	0
kikhano	κιχάνω	κιχάνω	to overtake	0
kikheio	κιχείω	κιχάνω	to overtake	0
kladinos	κλάδινος	κλάδινος	rameous, related to a branch	0
kladion	κλάδιον	κλάδος	young slip or shoot of a tree, such as is broken off for gra	1
klados	κλάδος	κλάδος	young slip or shoot of a tree, such as is broken off for gra	1
klazo	κλάζω	κλάζω	to make a sharp piercing sound (such as a scream, bay, clash	1
klasis	κλάσις	κλάσις	breaking, fracture	1
klasma	κλάσμα	κλάσμα	A fragment, a morsel	0
klastes	κλάστης	κλάστης	vinedresser	0
klao	κλάω	κλάω	to break, to break off, to break into pieces	0
klemma	κλέμμα	κλέμμα	thing stolen	0
kleos	κλέος	κλέος	rumour	0
klepta	κλέπτα	κλέπτης	thief	1
kleptai	κλέπται	κλέπτης	thief	1
kleptain	κλέπταιν	κλέπτης	thief	1
kleptais	κλέπταις	κλέπτης	thief	1
kleptas	κλέπτας	κλέπτης	thief	1
klepten	κλέπτην	κλέπτης	thief	1
kleptes	κλέπτης	κλέπτης	thief	1
kleptou	κλέπτου	κλέπτης	thief	1
klepto	κλέπτω	κλέπτω	to steal, filch	1
klepte	κλέπτῃ	κλέπτης	thief	1
klepso	κλέψω	κλέπτω	to steal, filch	1
kleo	κλέω	κλέω	to tell of, make famous, celebrate	0
klethra	κλήθρα	κλήθρα	alder (Alnus glutinosa)	0
kleroin	κλήροιν	κλῆρος	a lot	0
klerois	κλήροις	κλῆρος	a lot	0
klerou	κλήρου	κλῆρος	a lot	0
klerous	κλήρους	κλῆρος	a lot	0
klero	κλήρω	κλῆρος	a lot	0
kleron	κλήρων	κλῆρος	a lot	0
klima	κλίμα	κλίμα	a slope, incline, inclination	0
klinein	κλίνειν	κλίνω	to bend	0
kline	κλίνη	κλίνη	bed	0
klino	κλίνω	κλίνω	to bend	0
klisis	κλίσις	κλίσις	bending, inclination	0
klaiei	κλαίει	κλαίω	to cry, weep, wail, lament	0
klaiein	κλαίειν	κλαίω	to cry, weep, wail, lament	0
klaieis	κλαίεις	κλαίω	to cry, weep, wail, lament	0
klaiete	κλαίητε	κλαίω	to cry, weep, wail, lament	0
klaioi	κλαίοι	κλαίω	to cry, weep, wail, lament	0
klaioimi	κλαίοιμι	κλαίω	to cry, weep, wail, lament	0
klaiois	κλαίοις	κλαίω	to cry, weep, wail, lament	0
klaioite	κλαίοιτε	κλαίω	to cry, weep, wail, lament	0
klaiomen	κλαίομεν	κλαίω	to cry, weep, wail, lament	0
klaiousi	κλαίουσι	κλαίω	to cry, weep, wail, lament	0
klaio	κλαίω	κλαίω	to cry, weep, wail, lament	0
klaion	κλαίων	κλαίω	to cry, weep, wail, lament	0
klaiosi	κλαίωσι	κλαίω	to cry, weep, wail, lament	0
klaiosin	κλαίωσιν	κλαίω	to cry, weep, wail, lament	0
klaie	κλαίῃ	κλαίω	to cry, weep, wail, lament	0
klaies	κλαίῃς	κλαίω	to cry, weep, wail, lament	0
klagge	κλαγγή	κλαγγή	clang, clash, sharp sound	0
klageros	κλαγερός	κλαγερός	screaming	0
klaieto	κλαιέτω	κλαίω	to cry, weep, wail, lament	0
klambos	κλαμβός	κλαμβός	docked, cropped	0
klanion	κλανίον	κλανίον	bracelet	0
klastos	κλαστός	κλαστός	broken	0
klausei	κλαύσει	κλαίω	to cry, weep, wail, lament	0
klausein	κλαύσειν	κλαίω	to cry, weep, wail, lament	0
klauseis	κλαύσεις	κλαίω	to cry, weep, wail, lament	0
klausete	κλαύσετε	κλαίω	to cry, weep, wail, lament	0
klauso	κλαύσω	κλαίω	to cry, weep, wail, lament	0
klause	κλαύσῃ	κλαίω	to cry, weep, wail, lament	0
klaien	κλαῖεν	κλαίω	to cry, weep, wail, lament	0
klauma	κλαῦμα	κλαῦμα	weeping, wailing	0
kleiomai	κλείομαι	κλείω	to shut, close, bar (e	0
kleis	κλείς	κλείς	bar	1
kleio	κλείω	κλείω	to shut, close, bar (e	0
kleidi	κλειδί	κλείς	bar	1
kleidion	κλειδίον	κλειδίον	little key	0
kleidoin	κλειδοῖν	κλείς	bar	1
kleidos	κλειδός	κλείς	bar	1
kleidoo	κλειδόω	κλειδόω	to lock up	0
kleidon	κλειδῶν	κλείς	bar	1
kleinos	κλεινός	κλεινός	famous	0
kleisi	κλεισί	κλείς	bar	1
kleisin	κλεισίν	κλείς	bar	1
kleistos	κλειστός	κλειστός	that can be closed or shut	0
kleiten	κλειτήν	κλειτός	renowned, famous	0
kleitos	κλειτός	κλειτός	renowned, famous	0
klemmus	κλεμμύς	κλεμμύς	tortoise	0
klepter	κλεπτήρ	κλεπτήρ	thief	0
klepton	κλεπτῶν	κλέπτης	thief	1
kleida	κλεῖδα	κλείς	bar	1
kleidas	κλεῖδας	κλείς	bar	1
kleide	κλεῖδε	κλείς	bar	1
kleides	κλεῖδες	κλείς	bar	1
klein	κλεῖν	κλείς	bar	1
kledon	κληδών	κληδών	omen	0
kletheis	κληθείς	καλέω	to call, summon	0
klematis	κληματίς	κληματίς	vine branch	0
klerike	κληρική	κληρικός	concerning inheritances	0
klerikou	κληρικοῦ	κληρικός	concerning inheritances	0
klerikon	κληρικόν	κληρικός	concerning inheritances	0
klerikos	κληρικός	κληρικός	concerning inheritances	0
kletike	κλητική	κλητική	the vocative case – elliptically for κλητῐκὴ πτῶσῐς (ptôsĭs)	0
kletikon	κλητικόν	κλητικόν	The vocative particle, ὦ (ô)	0
kletikos	κλητικός	κλητικός	of or for invitation	0
kletos	κλητός	κλητός	called, invited, welcome	0
klinikos	κλινικός	κλινικός	of or pertaining to a bed	0
klisia	κλισία	κλισία	hut	0
klismos	κλισμός	κλισμός	couch	1
kloios	κλοιός	κλοιός	dog collar	0
kloneo	κλονέω	κλονέω	to drive in confusion	0
kloneon	κλονέων	κλονέω	to drive in confusion	0
klope	κλοπή	κλοπή	theft	0
kluster	κλυστήρ	κλυστήρ	a syringe, a clyster-pipe	1
kluta	κλυτά	κλυτός	renowned, glorious	0
klutos	κλυτός	κλυτός	renowned, glorious	0
kluon	κλυών	κλύω	to hear, listen to	0
klobion	κλωβίον	κλωβός	birdcage	0
klobos	κλωβός	κλωβός	birdcage	0
klonos	κλωνός	κλών	twig, spray, slip	1
kloster	κλωστήρ	κλωστήρ	spindle	0
klonon	κλόνον	κλόνος	confused motion, turmoil, battle-rout	1
klonos	κλόνος	κλόνος	confused motion, turmoil, battle-rout	1
klonou	κλόνου	κλόνος	confused motion, turmoil, battle-rout	1
kludon	κλύδων	κλύδων	wave, billow, and collectively, surf, rough water	0
kludonos	κλύδωνος	κλύδων	wave, billow, and collectively, surf, rough water	0
kluzo	κλύζω	κλύζω	to wash	0
klusma	κλύσμα	κλύσμα	a drench (liquid used for washing out, especially for an ene	0
kluo	κλύω	κλύω	to hear, listen to	0
klotho	κλώθω	κλώθω	to spin, twist by spinning	0
klon	κλών	κλών	twig, spray, slip	1
klops	κλώψ	κλώψ	thief	0
klema	κλῆμα	κλῆμα	twig, branch, tendril of the vine	0
klere	κλῆρε	κλῆρος	a lot	0
kleroi	κλῆροι	κλῆρος	a lot	0
kleros	κλῆρος	κλῆρος	a lot	0
klesis	κλῆσις	κλῆσις	a call (the act of calling)	0
klimax	κλῖμαξ	κλῖμαξ	ladder	0
kluthi	κλῦθι	κλύω	to hear, listen to	0
klute	κλῦτε	κλύω	to hear, listen to	0
klomax	κλῶμαξ	κλῶμαξ	heap of stones, rocky place	0
knapto	κνάπτω	κνάπτω	to card, comb, to cleanse or disentangle something using a c	0
knaphos	κνάφος	κνάφος	prickly teasel, used by fullers to card or clean cloth	0
knao	κνάω	κνάω	to scrape	0
knephas	κνέφας	κνέφας	darkness, often referring to evening dusk or night	0
knetho	κνήθω	κνήθω	to itch	0
knekinos	κνήκινος	κνήκινος	of or from safflower	0
kneme	κνήμη	κνήμη	shin	0
knemes	κνήμης	κνήμη	shin	0
knemesin	κνήμῃσιν	κνήμη	shin	0
knide	κνίδη	κνίδη	stinging nettle (Urtica dioica)	1
knides	κνίδης	κνίδη	stinging nettle (Urtica dioica)	1
knizo	κνίζω	κνίζω	to scratch, gash	0
knise	κνίση	κνίση	nidor (the smell of roasting meat and fat from a burnt offer	0
knips	κνίψ	κνίψ	a kind of insect that infests fig and oak trees and devours	0
knakos	κνακός	κνακός	dappled horse	0
knekos	κνηκός	κνηκός	pale yellow, tawny, yellow-brown	0
knemis	κνημίς	κνημίς	greave	1
knemous	κνημούς	κνημός	projecting limb or shoulder of a mountain	0
knemos	κνημός	κνημός	projecting limb or shoulder of a mountain	0
knodalon	κνώδαλον	κνώδαλον	wild creature, beast	0
knodax	κνώδαξ	κνώδαξ	pin or pivot on which a body or machine turns	0
knodon	κνώδων	κνώδων	two projecting teeth on the blade of a hunting spear	0
knosso	κνώσσω	κνώσσω	to sleep, slumber	0
knops	κνώψ	κνώψ	venomous beast, especially a serpent	0
knekos	κνῆκος	κνῆκος	safflower (Carthamus tinctorius)	0
kno	κνῶ	κνάω	to scrape	0
koikinos	κοΐκινος	κοΐκινος	of the doum palm	0
koalemos	κοάλεμος	κοάλεμος	stupid fellow, booby, blockhead	0
koax	κοάξ	κοάξ	croak (the croaking sound made by a frog)	0
koeo	κοέω	κοέω	to know, be aware	0
koila	κοίλα	κοῖλος	hollow (mostly as an epithet of ships)	1
koilain	κοίλαιν	κοῖλος	hollow (mostly as an epithet of ships)	1
koilais	κοίλαις	κοῖλος	hollow (mostly as an epithet of ships)	1
koilas	κοίλας	κοῖλος	hollow (mostly as an epithet of ships)	1
koile	κοίλη	κοῖλος	hollow (mostly as an epithet of ships)	1
koilen	κοίλην	κοῖλος	hollow (mostly as an epithet of ships)	1
koiles	κοίλης	κοῖλος	hollow (mostly as an epithet of ships)	1
koiloin	κοίλοιν	κοῖλος	hollow (mostly as an epithet of ships)	1
koilois	κοίλοις	κοῖλος	hollow (mostly as an epithet of ships)	1
koilou	κοίλου	κοῖλος	hollow (mostly as an epithet of ships)	1
koilous	κοίλους	κοῖλος	hollow (mostly as an epithet of ships)	1
koilo	κοίλω	κοῖλος	hollow (mostly as an epithet of ships)	1
koiloma	κοίλωμα	κοίλωμα	a hollow, cavity	0
koilon	κοίλων	κοῖλος	hollow (mostly as an epithet of ships)	1
koilesin	κοίλῃσιν	κοῖλος	hollow (mostly as an epithet of ships)	1
koirane	κοίρανε	κοίρανος	king, ruler, leader, commander	0
koiranos	κοίρανος	κοίρανος	king, ruler, leader, commander	0
koite	κοίτη	κοίτη	bed, resting place	0
kobaleuo	κοβαλεύω	κοβαλεύω	to carry as a porter	0
kodomeus	κοδομεύς	κοδομεύς	one who roasts barley	0
koilia	κοιλία	κοιλία	the large hollow or cavity of the body, belly, abdomen, stom	0
koimao	κοιμάω	κοιμάω	to put to sleep, lull	0
koinas	κοινάς	κοινός	common	0
koine	κοινή	κοινός	common	0
koinen	κοινήν	κοινός	common	0
koinai	κοιναί	κοινός	common	0
koinain	κοιναῖν	κοινός	common	0
koinais	κοιναῖς	κοινός	common	0
koinoi	κοινοί	κοινός	common	0
koinoin	κοινοῖν	κοινός	common	0
koinois	κοινοῖς	κοινός	common	0
koinou	κοινοῦ	κοινός	common	0
koinoneo	κοινωνέω	κοινωνέω	to have or do in common with, share, take part along with (+	0
koinonia	κοινωνία	κοινωνία	communion, association, partnership, fellowship	1
koinonos	κοινωνός	κοινωνός	companion, partner, fellow	0
koinon	κοινόν	κοινός	common	0
koinos	κοινός	κοινός	common	0
koinotes	κοινότης	κοινότης	a sharing in common, community, partnership	0
koinoo	κοινόω	κοινόω	to make common, make unholy	0
koino	κοινώ	κοινός	common	0
koinon	κοινών	κοινών	companion, partner, fellow	0
koinosas	κοινώσας	κοινόω	to make common, make unholy	0
koines	κοινῆς	κοινός	common	0
koine	κοινῇ	κοινῇ	in common, by agreement	0
koinos	κοινῶς	κοινῶς	in common, jointly, opposite to ἰδίᾳ	0
koiraneo	κοιρανέω	κοιρανέω	to rule (over), be lord (over) (with genitive)	0
koitazo	κοιτάζω	κοιτάζω	to put to bed, cause to rest	0
koitis	κοιτίς	κοιτίς	box	0
kokkion	κοκκίον	κοκκίον	grain, seed, kernel	0
kokkugea	κοκκυγέα	κοκκυγέα	fustic (Cotinus coccygria)	0
kolazo	κολάζω	κολάζω	to check	0
kolapto	κολάπτω	κολάπτω	to peck	0
kolaseos	κολάσεως	κόλασις	chastisement, correction, punishment	0
kolias	κολίας	κολίας	Atlantic chub mackerel (Scomber colias)	0
kolakeuo	κολακεύω	κολακεύω	to flatter, adulate	0
koleos	κολεός	κολεός	a sword-sheath, a scabbard	0
kollao	κολλάω	κολλάω	to glue, cement	0
kollura	κολλύρα	κολλύρα	roll or loaf of bread	0
kolobos	κολοβός	κολοβός	docked, curtailed	0
koloboo	κολοβόω	κολοβόω	dock, curtail, mutilate	1
koloitea	κολοιτέα	κολοιτέα	grey sallow (Salix cinerea)	0
koloitia	κολοιτία	κολοιτία	Cytisus aeolicus, a tree growing in the Lipari island	0
koloios	κολοιός	κολοιός	jackdaw (Coloeus monedula)	0
kolossos	κολοσσός	κολοσσός	a large statue	0
kolophon	κολοφών	κολοφών	a summit, top, finishing	0
kolouo	κολούω	κολούω	cut short, curtail	0
kolumbas	κολυμβάς	κολυμβάς	olive pickled in brine	0
kolumbao	κολυμβάω	κολυμβάω	to plunge into the sea	0
kolobion	κολόβιον	κολόβιον	short-sleeved tunic	0
koloboma	κολόβωμα	κολόβωμα	the part taken away in mutilation	0
kolone	κολώνη	κολώνη	hill, mound, especially a sepulchral mound	0
koloos	κολῳός	κολῳός	brawling, noisy wrangling, racket	0
komao	κομάω	κομάω	to have long hair	0
komeo	κομέω	κομέω	to take care of, tend, look after	0
kometes	κομήτης	κομήτης	wearing long hair, long-haired	0
kometou	κομήτου	κομήτης	wearing long hair, long-haired	0
komizo	κομίζω	κομίζω	to take care of	0
komboo	κομβόω	κομβόω	to bind up, fasten	0
komide	κομιδή	κομιδή	attendance, care	0
komide	κομιδῇ	κομιδῇ	exactly, just	0
kommotes	κομμωτής	κομμωτής	beautifier, embellisher	0
kommoo	κομμόω	κομμόω	to embellish, adorn	0
kompeo	κομπέω	κομπέω	to ring, clash	0
kompsos	κομψός	κομψός	nice, refined, elegant, gentlemanly	0
komoon	κομόων	κομόων	long-haired	0
konia	κονία	κονία	dust, as stirred up by men's feet	0
konile	κονίλη	κονίλη	marjoram (Origanum majorana)	0
konis	κονίς	κονίς	nit, egg of a flea, louse	0
konio	κονίω	κονίω	to make dusty, cover with clouds of dust	0
konaros	κοναρός	κοναρός	well-fed, fat	0
konta	κοντά	κοντός	short	0
kontoura	κοντούρα	κοντούρα	cutter, a kind of ship	0
kontos	κοντός	κοντός	short	0
konto	κοντώ	κοντός	short	0
kopadion	κοπάδιον	κόπαιον	piece	0
kopazo	κοπάζω	κοπάζω	to get tired	0
kope	κοπή	κοπή	cutting in pieces	0
kopis	κοπίς	κοπίς	chopper, cleaver	0
kopiao	κοπιάω	κοπιάω	to be tired, grow weary	0
korakon	κοράκων	κόραξ	raven, crow	0
koreo	κορέω	κορέω	to sweep out	0
koraxos	κοραξός	κοραξός	raven-black	0
korban	κορβᾶν	κορβᾶν	corban, gift or votive offering for the service of God	1
kordule	κορδύλη	κορδύλη	club	0
kordulos	κορδύλος	κορδύλος	newt, eft (Lissotriton vulgaris)	0
kormos	κορμός	κορμός	trunk of a tree (with the boughs lopped off)	0
korrigia	κορριγία	κορριγία	thong	0
koruphe	κορυφή	κορυφή	top of the head, crown	0
koruphes	κορυφῆς	κορυφή	top of the head, crown	0
koronis	κορωνίς	κορωνίς	something crook-beaked or curved	0
koronisi	κορωνίσι	κορωνίς	something crook-beaked or curved	0
koronos	κορωνός	κορωνός	curved, crooked	0
koronon	κορωνῶν	κορώνη	a type of seabird, perhaps a shearwater	0
korune	κορύνη	κορύνη	mace	0
korusso	κορύσσω	κορύσσω	to equip with a helmet	0
koronais	κορώναις	κορώνη	a type of seabird, perhaps a shearwater	0
koronas	κορώνας	κορώνη	a type of seabird, perhaps a shearwater	0
korone	κορώνη	κορώνη	a type of seabird, perhaps a shearwater	0
koronen	κορώνην	κορώνη	a type of seabird, perhaps a shearwater	0
korones	κορώνης	κορώνη	a type of seabird, perhaps a shearwater	0
koron	κορῶν	κόρη	girl, young woman, maiden	1
koronai	κορῶναι	κορώνη	a type of seabird, perhaps a shearwater	0
kosmeo	κοσμέω	κοσμέω	to order, to arrange	0
kosmetor	κοσμήτωρ	κοσμήτωρ	a commander	0
kosmetes	κοσμητής	κοσμητής	orderer, director	0
kosmikos	κοσμικός	κοσμικός	of the world, of the universe	1
kosmesai	κοσμῆσαι	κοσμέω	to order, to arrange	0
kosmon	κοσμῶν	κοσμέω	to order, to arrange	0
kosumbe	κοσύμβη	κοσύμβη	topknot	0
koteo	κοτέω	κοτέω	to hold a grudge	0
kottis	κοττίς	κοττίς	hairstyle with long hair on the forehead	0
kotule	κοτύλη	κοτύλη	small vessel	1
kotulon	κοτύλων	κοτύλων	toper, drunkard	0
koubaris	κουβαρίς	κουβαρίς	woodlouse	0
kouleos	κουλεός	κολεός	a sword-sheath, a scabbard	0
koura	κουρά	κουρά	cropping of the hair	0
kouris	κουρίς	κουρίς	shears, used for removing the fleece from sheep	0
koureion	κουρεῖον	κουρεῖον	barbershop, barber's shop	0
kouphizo	κουφίζω	κουφίζω	to be light, of low weight	0
kophinou	κοφίνου	κόφινος	basket	1
kokhlias	κοχλίας	κοχλίας	snail with a spiral shell	0
koukinos	κούκινος	κούκινος	of the doum palm	0
koureuma	κούρευμα	κούρευμα	shearing	0
koure	κούρη	κόρη	girl, young woman, maiden	1
koupha	κούφα	κοῦφος	light, not heavy, nimble	0
kouphain	κούφαιν	κοῦφος	light, not heavy, nimble	0
kouphais	κούφαις	κοῦφος	light, not heavy, nimble	0
kouphas	κούφας	κοῦφος	light, not heavy, nimble	0
kouphe	κούφη	κοῦφος	light, not heavy, nimble	0
kouphen	κούφην	κοῦφος	light, not heavy, nimble	0
kouphes	κούφης	κοῦφος	light, not heavy, nimble	0
kouphoin	κούφοιν	κοῦφος	light, not heavy, nimble	0
kouphois	κούφοις	κοῦφος	light, not heavy, nimble	0
kouphou	κούφου	κοῦφος	light, not heavy, nimble	0
kouphous	κούφους	κοῦφος	light, not heavy, nimble	0
koupho	κούφω	κοῦφος	light, not heavy, nimble	0
kouphon	κούφων	κοῦφος	light, not heavy, nimble	0
koilai	κοῖλαι	κοῖλος	hollow (mostly as an epithet of ships)	1
koiloi	κοῖλοι	κοῖλος	hollow (mostly as an epithet of ships)	1
koilos	κοῖλος	κοῖλος	hollow (mostly as an epithet of ships)	1
koios	κοῖος	ποῖος	of what kind?, of what nature?, which?, what?	0
koitos	κοῖτος	κοῖτος	resting place	0
kouki	κοῦκι	κοῦκι	doum palm (Hyphaene thebaica)	0
koupa	κοῦπα	κοῦπα	cask, barrel, vat	0
kourmi	κοῦρμι	κοῦρμι	kind of beer made of barley, made by Egyptians, Iberians and	0
kouros	κοῦρος	κόρος	boy, youth	0
kouphai	κοῦφαι	κοῦφος	light, not heavy, nimble	0
kouphoi	κοῦφοι	κοῦφος	light, not heavy, nimble	0
kouphos	κοῦφος	κοῦφος	light, not heavy, nimble	0
krade	κράδη	κράδη	quivering spray at the end of a branch, especially of fig tr	0
krazo	κράζω	κράζω	to scream, shriek, cry, bawl, shout	0
krambe	κράμβη	κράμβη	cabbage	0
krambos	κράμβος	κράμβος	dry	0
kranon	κράνον	κράνον	cornel (Cornus mas)	0
kranos	κράνος	κράνος	helmet	0
kraseis	κράσεις	κρᾶσις	mixture, compound, union	0
kraseon	κράσεων	κρᾶσις	mixture, compound, union	0
kraseos	κράσεως	κρᾶσις	mixture, compound, union	0
kraspeda	κράσπεδα	κράσπεδον	edge, border, skirt, especially of cloth	1
krastis	κράστις	κράστις	greenfodder	0
krateira	κράτειρα	κράτειρα	a female ruler, potentate	0
kratesis	κράτησις	κράτησις	might, power, dominion	0
kratos	κράτος	κράτος	might	0
krator	κράτωρ	κράτωρ	a ruler, potentate	0
kreas	κρέας	κρέας	flesh, meat	0
kreko	κρέκω	κρέκω	to weave	0
krembala	κρέμβαλα	κρέμβαλα	castanets, clappers	0
krex	κρέξ	κρέξ	a long-legged bird, perhaps	0
kretos	κρέτος	κράτος	might	0
kreon	κρέων	κρέων	Homeric form of κρείων (kreíōn)	0
kreguos	κρήγυος	κρήγυος	good, useful, agreeable	0
kredemna	κρήδεμνα	κρήδεμνον	A veil or headscarf worn by women, keeping together three it	0
krena	κρήνα	κρήνη	well, spring, fountain	0
krenain	κρήναιν	κρήνη	well, spring, fountain	0
krenais	κρήναις	κρήνη	well, spring, fountain	0
krenas	κρήνας	κρήνη	well, spring, fountain	0
krene	κρήνη	κρήνη	well, spring, fountain	0
krenen	κρήνην	κρήνη	well, spring, fountain	0
krenes	κρήνης	κρήνη	well, spring, fountain	0
kribanos	κρίβανος	κρίβανος	covered earthen vessel, wherein bread was baked by putting h	0
krima	κρίμα	κρίμα	decision	0
krimnon	κρίμνον	κρίμνον	coarse barley meal	0
krinein	κρίνειν	κρίνω	to separate, divide, part, distinguish between two things or	0
krininos	κρίνινος	κρίνινος	made of lilies	0
krinon	κρίνον	κρίνον	lily	0
krino	κρίνω	κρίνω	to separate, divide, part, distinguish between two things or	0
krion	κρίον	κρίον	a kind of vessel	0
kriseis	κρίσεις	κρίσις	decision	1
krisin	κρίσιν	κρίσις	decision	1
krisis	κρίσις	κρίσις	decision	1
kritanos	κρίτανος	κρίτανος	terebinth	0
kraino	κραίνω	κραίνω	to accomplish, perform, fulfill	0
kraggon	κραγγών	κραγγών	A kind of shrimp, mantis shrimp (Squilla mantis)	0
kradao	κραδάω	κραδάω	to swing, shake, quiver	0
kradaon	κραδάων	κραδάω	to swing, shake, quiver	0
kraiaino	κραιαίνω	κραίνω	to accomplish, perform, fulfill	0
kraipale	κραιπάλη	κραιπάλη	bout of drinking	0
kraipna	κραιπνά	κραιπνός	rapid, rushing	0
kraipnos	κραιπνός	κραιπνός	rapid, rushing	0
kraipnos	κραιπνῶς	κραιπνῶς	rapidly, hastily	0
kranion	κρανίον	κρανίον	the upper part of the head, the cranium	1
kranaen	κραναήν	κραναός	rocky, rugged	0
kranaos	κραναός	κραναός	rocky, rugged	0
krasion	κρασίον	κρασίον	winecup	0
krateei	κρατέει	κρατέω	to rule, command	0
krateo	κρατέω	κρατέω	to rule, command	0
krater	κρατήρ	κρατήρ	mixing bowl for wine	0
krataios	κραταιός	κραταιός	mighty (very strong, possessing might)	0
krateros	κρατερός	καρτερός	strong, staunch, mighty	0
krateros	κρατερῶς	κρατερῶς	strongly	0
kratos	κρατός	κάρη	Homeric and Ionic form of κᾰ́ρᾱ (kắrā)	0
kratuno	κρατύνω	κρατύνω	to strengthen	0
kratus	κρατύς	κρατύς	strong	0
kratosi	κρατῶσι	κρατέω	to rule, command	0
kraugazo	κραυγάζω	κραυγάζω	to cry, shout	0
krauge	κραυγή	κραυγή	a loud cry, scream, shout	0
krauros	κραῦρος	κραῦρος	brittle, friable, fragile	0
kreagra	κρεάγρα	κρεάγρα	fleshhook to take meat out of the pot	0
kreisson	κρείσσων	κρατύς	strong	0
kreion	κρείων	κρείων	ruler, lord, master	0
kreion	κρειῶν	κρέας	flesh, meat	0
kremao	κρεμάω	κρεμάννυμι	to hang, hang up	0
kreteo	κρετέω	κρατέω	to rule, command	0
kreion	κρεῖον	κρεῖον	meat-tray	0
kremnos	κρημνός	κρημνός	overhanging bank of a river	0
krenon	κρηνῶν	κρήνη	well, spring, fountain	0
krepis	κρηπίς	κρηπίς	man's high boot, half-boot	1
kresera	κρησέρα	κρησέρα	flour sieve, bolting sieve	0
kretizo	κρητίζω	κρητίζω	to act like a person from the island of Crete	0
krige	κριγή	κριγή	gnashing of teeth	0
krithe	κριθή	κριθή	barley	1
krimnos	κριμνός	κριμνός	kind of purple dye	0
kriter	κριτήρ	κριτήρ	interpreter	0
krites	κριτής	κριτής	umpire	0
kritikos	κριτικός	κριτικός	Able to judge, discerning, critical	1
kritos	κριτός	κριτός	picked out, chosen	0
krios	κριός	κριός	ram	0
krokus	κροκύς	κροκύς	a flock or nap on woollen cloth, a piece of wool	1
krossos	κροσσός	κροσσός	fringe, tassel, lappet	0
kroteo	κροτέω	κροτέω	To strike, to beat	0
kroton	κροτών	κροτών	tick (Ixodes ricinus)	0
krounos	κρουνός	κρουνός	spring, wellhead, source of water	0
kroustos	κρουστός	κρουστός	played by striking (with a plectron) (of music instruments)	0
krouomai	κρούομαι	κρούω	to strike, smite	0
krouomen	κρούομεν	κρούω	to strike, smite	0
krouo	κρούω	κρούω	to strike, smite	0
krouma	κροῦμα	κροῦμα	beat, stroke	0
krueroio	κρυεροῖο	κρυερός	icy, chilling	0
krueros	κρυερός	κρυερός	icy, chilling	0
krumos	κρυμός	κρυμός	frost	0
krupta	κρυπτά	κρυπτός	concealed, hidden, secret	1
kruptas	κρυπτάς	κρυπτός	concealed, hidden, secret	1
kruptea	κρυπτέα	κρυπτέος	that must hide	0
krupteon	κρυπτέον	κρυπτέος	that must hide	0
krupteos	κρυπτέος	κρυπτέος	that must hide	0
krupte	κρυπτή	κρυπτή	a crypt, vault	0
krupten	κρυπτήν	κρυπτός	concealed, hidden, secret	1
krupter	κρυπτήρ	κρυπτήρ	a dungeon, crypt	0
kruptai	κρυπταί	κρυπτός	concealed, hidden, secret	1
kruptain	κρυπταῖν	κρυπτός	concealed, hidden, secret	1
kruptais	κρυπταῖς	κρυπτός	concealed, hidden, secret	1
krupteia	κρυπτεία	κρυπτεία	hiding place	0
krupteuo	κρυπτεύω	κρυπτεύω	to conceal	0
kruptou	κρυπτοῦ	κρυπτός	concealed, hidden, secret	1
kruptos	κρυπτός	κρυπτός	concealed, hidden, secret	1
kruptes	κρυπτῆς	κρυπτός	concealed, hidden, secret	1
krupte	κρυπτῇ	κρυπτός	concealed, hidden, secret	1
krupton	κρυπτῶν	κρύπτης	a member of the Spartan κρυπτεία (krupteía)	0
kruphia	κρυφία	κρυφία	concealment, hiding	0
kruphe	κρυφῇ	κρυφῇ	secretly, in secret	0
krobulon	κρωβύλον	κρωβύλος	topknot (decorative knot of hair on the crown of the head)	0
krobulos	κρωβύλος	κρωβύλος	topknot (decorative knot of hair on the crown of the head)	0
krogmois	κρωγμοῖς	κρωγμός	croaking, cawing of a crow or chough	0
krogmos	κρωγμός	κρωγμός	croaking, cawing of a crow or chough	0
krossos	κρωσσός	κρωσσός	water pail, pitcher	0
kroke	κρόκη	κρόκη	thread which is passed between the threads of the warp, woof	0
krokinos	κρόκινος	κρόκινος	made from or of saffron	0
krokos	κρόκος	κρόκος	saffron, Crocus sativus	0
krommuon	κρόμμυον	κρόμμυον	onion (Allium cepa)	0
krossai	κρόσσαι	κρόσσαι	stepped copings of parapets	0
krotalon	κρόταλον	κρόταλον	clapper, rattle, castanet	0
krotos	κρότος	κρότος	rattling sound, rattle	0
krubden	κρύβδην	κρύβδην	secretly	0
kruos	κρύος	κρύος	cold, chilliness	1
krupta	κρύπτα	κρύπτης	a member of the Spartan κρυπτεία (krupteía)	0
kruptai	κρύπται	κρύπτης	a member of the Spartan κρυπτεία (krupteía)	0
kruptain	κρύπταιν	κρύπτης	a member of the Spartan κρυπτεία (krupteía)	0
kruptais	κρύπταις	κρύπτης	a member of the Spartan κρυπτεία (krupteía)	0
kruptas	κρύπτας	κρύπτης	a member of the Spartan κρυπτεία (krupteía)	0
krupten	κρύπτην	κρύπτης	a member of the Spartan κρυπτεία (krupteía)	0
kruptes	κρύπτης	κρύπτης	a member of the Spartan κρυπτεία (krupteía)	0
kruptou	κρύπτου	κρύπτης	a member of the Spartan κρυπτεία (krupteía)	0
krupto	κρύπτω	κρύπτω	to hide	1
krupte	κρύπτῃ	κρύπτης	a member of the Spartan κρυπτεία (krupteía)	0
krupha	κρύφα	κρύφα	secretly	0
kruphia	κρύφια	κρύφιος	hidden, concealed	0
kruphios	κρύφιος	κρύφιος	hidden, concealed	0
krupho	κρύφω	κρύπτω	to hide	1
krupsis	κρύψις	κρύψις	a concealment	1
krozei	κρώζει	κρώζω	to caw, croak (of crows and other birds)	0
krozein	κρώζειν	κρώζω	to caw, croak (of crows and other birds)	0
krozeis	κρώζεις	κρώζω	to caw, croak (of crows and other birds)	0
krozo	κρώζω	κρώζω	to caw, croak (of crows and other birds)	0
kropion	κρώπιον	κρώπιον	scythe, billhook	0
krama	κρᾶμα	κρᾶμα	mixture	0
krasis	κρᾶσις	κρᾶσις	mixture, compound, union	0
krethmon	κρῆθμον	κρῆθμον	samphire	0
krenai	κρῆναι	κρήνη	well, spring, fountain	0
ktamenai	κτάμεναι	κτείνω	to kill, slay	0
ktamenos	κτάμενος	κτείνω	to kill, slay	0
ktane	κτάνε	κτείνω	to kill, slay	0
ktaomai	κτάομαι	κτάομαι	to get, obtain, acquire, gain, win	0
kteanon	κτέανον	κτέανον	possessions, property	0
ktear	κτέαρ	κτέαρ	possession (piece of property)	0
ktenion	κτένιον	κτείς	comb (for hair, or in weaving)	0
kteomai	κτέομαι	κτάομαι	to get, obtain, acquire, gain, win	0
kterea	κτέρεα	κτέρεα	funeral gifts, burnt with the dead	0
ktene	κτήνη	κτῆνος	domestic animal	0
ktenous	κτήνους	κτῆνος	domestic animal	0
ktetor	κτήτωρ	κτήτωρ	owner, possessor	0
ktideos	κτίδεος	κτίδεος	made of marten skin	0
ktizo	κτίζω	κτίζω	to people	0
ktilos	κτίλος	κτίλος	tame, docile, obedient	0
ktisin	κτίσιν	κτίσις	founding, settling	1
ktisis	κτίσις	κτίσις	founding, settling	1
ktisma	κτίσμα	κτίσμα	colony, foundation	0
kteinai	κτείναι	κτείνω	to kill, slay	0
kteinas	κτείνας	κτείνω	to kill, slay	0
kteinein	κτείνειν	κτείνω	to kill, slay	0
kteino	κτείνω	κτείνω	to kill, slay	0
kteis	κτείς	κτείς	comb (for hair, or in weaving)	0
ktenizo	κτενίζω	κτενίζω	to comb	0
ktenos	κτενός	κτείς	comb (for hair, or in weaving)	0
kteine	κτεῖνε	κτείνω	to kill, slay	0
ktenon	κτηνῶν	κτῆνος	domestic animal	0
ktupeo	κτυπέω	κτυπέω	to crash	0
ktonos	κτόνος	κτόνος	murder, slaughter	0
ktupesa	κτύπησα	κτυπέω	to crash	0
ktupos	κτύπος	κτύπος	crash, bang, din	0
ktasthai	κτᾶσθαι	κτάομαι	to get, obtain, acquire, gain, win	0
ktema	κτῆμα	κτῆμα	a piece of property	0
ktenos	κτῆνος	κτῆνος	domestic animal	0
ktesis	κτῆσις	κτῆσις	possession (ownership	0
kuaminos	κυάμινος	κυάμινος	made of beans	0
kuaneos	κυάνεος	κυάνεος	of the color of κῠ́ᾰνος (kŭ́ănos)	0
kuanoin	κυάνοιν	κύανος	dark blue enamel, especially used to adorn armour	1
kuanois	κυάνοις	κύανος	dark blue enamel, especially used to adorn armour	1
kuanou	κυάνου	κύανος	dark blue enamel, especially used to adorn armour	1
kuanous	κυάνους	κύανος	dark blue enamel, especially used to adorn armour	1
kuano	κυάνω	κύανος	dark blue enamel, especially used to adorn armour	1
kuanon	κυάνων	κύανος	dark blue enamel, especially used to adorn armour	1
kueo	κυέω	κυέω	to be pregnant with (said of both humans and animals)	0
kubernao	κυβερνάω	κυβερνάω	to steer, drive, pilot, to be a steersman	0
kubeuo	κυβεύω	κυβεύω	to play at dice	0
kubistao	κυβιστάω	κυβιστάω	to do a somersault	0
kubiston	κυβιστῶν	κυβιστάω	to do a somersault	0
kudnos	κυδνός	κυδνός	glorious	0
kudoimos	κυδοιμός	κυδοιμός	tumult	0
kudonion	κυδώνιον	κυδώνιον	quince (fruit)	0
kukao	κυκάω	κυκάω	to stir up, mix	0
kukeon	κυκεών	κυκεών	a potion or posset consisting of barley-meal, grated cheese	0
kuklika	κυκλικά	κυκλικός	circular	0
kuklike	κυκλική	κυκλικός	circular	0
kuklikoi	κυκλικοί	κυκλικός	circular	0
kuklikos	κυκλικός	κυκλικός	circular	0
kuklose	κυκλόσε	κυκλόσε	into a circle, in a circle	0
kukloo	κυκλόω	κυκλόω	to encircle, surround	0
kuklon	κυκλῶν	κυκλόω	to encircle, surround	0
kulindo	κυλίνδω	κυλίνδω	to roll	0
kulio	κυλίω	κυλίω	to roll along, wallow	0
kullos	κυλλός	κυλλός	clubfooted and bandy-legged	0
kumation	κυμάτιον	κυμάτιον	a small cyma	0
kuminou	κυμίνου	κύμινον	cumin	0
kumaino	κυμαίνω	κυμαίνω	to billow, swell	0
kunagkhe	κυνάγχη	κυνάγχη	tonsilitis	1
kunee	κυνέη	κυνέη	leather helmet for soldiers	0
kunees	κυνέης	κυνέη	leather helmet for soldiers	0
kuneo	κυνέω	κυνέω	to kiss	0
kunidion	κυνίδιον	κυνίδιον	a little dog, a puppy	0
kunegos	κυνηγός	κυνηγός	hunter	0
kunikos	κυνικός	κυνικός	doglike	0
kunismos	κυνισμός	κυνισμός	Cynical philosophy or conduct, Cynicism	0
kunodous	κυνόδους	κυνόδους	canine tooth	0
kunomuia	κυνόμυια	κυνόμυια	dog-fly	0
kunopes	κυνώπης	κυνώπης	shameless	0
kuprinos	κυπρῖνος	κυπρῖνος	carp (Cyprinus carpio)	0
kura	κυρά	κυρά	lady, mistress	0
kuria	κυρία	κυρία	authority, power	0
kurbasia	κυρβασία	κυρβασία	a Persian bonnet or hat, with a peaked crown	0
kuriakon	κυριακόν	κυριακόν	church	0
kuriakos	κυριακός	κυριακός	belonging or pertaining to the Lord	0
kurtos	κυρτός	κυρτός	bulging, swelling	0
kuroo	κυρόω	κυρόω	to ratify	0
kusege	κυσήγη	κυσήγη	pomegranate	0
kuphos	κυφός	κυφός	bent forward, stooping, hunchbacked	0
kupsele	κυψέλη	κυψέλη	chest, box, any hollow vessel	0
kobios	κωβιός	κωβιός	sort of fish of the gudgeon kind	0
kodonion	κωδώνιον	κώδων	bell	1
kokutos	κωκυτός	κωκυτός	lamentation	0
kokuo	κωκύω	κωκύω	to shriek, wail	0
kolikos	κωλικός	κωλικός	suffering in the colon	1
kolutes	κωλυτής	κωλυτής	hinderer, preventer	0
koluo	κωλύω	κωλύω	to hinder, prevent someone from doing something	0
komaon	κωμάων	κώμη	an unwalled village or country town	0
komeon	κωμέων	κώμη	an unwalled village or country town	0
kometes	κωμήτης	κωμήτης	villager, countryman	0
komikos	κωμικός	κωμικός	comic	0
komodia	κωμῳδία	κωμῳδία	comedy	1
komon	κωμῶν	κώμη	an unwalled village or country town	0
koneioin	κωνείοιν	κώνειον	poison hemlock (Conium maculatum)	0
koneiois	κωνείοις	κώνειον	poison hemlock (Conium maculatum)	0
koneiou	κωνείου	κώνειον	poison hemlock (Conium maculatum)	0
koneio	κωνείω	κώνειον	poison hemlock (Conium maculatum)	0
koneion	κώνειον	κώνειον	poison hemlock (Conium maculatum)	0
konikos	κωνικός	κωνικός	cone-shaped, conical	0
konopion	κωνώπιον	κώνωψ	gnat, mosquito	0
kophos	κωφός	κωφός	blunt	0
kobalos	κόβαλος	κόβαλος	impudent rogue, arrant knave	0
koggion	κόγγιον	κόγγιον	congius, an ancient Roman unit of measure	0
kogkhe	κόγχη	κόγχη	mussel, cockle	0
kogkhos	κόγχος	κόγχος	mussel, cockle	0
kodra	κόδρα	κόδρα	some architectural element, possibly a platform of a temple	0
kokkalos	κόκκαλος	κόκκαλος	pine kernel, the seed of the pinecone	0
kokkinos	κόκκινος	κόκκινος	scarlet	0
kokkos	κόκκος	κόκκος	grain, seed, kernel	0
kokkux	κόκκυξ	κόκκυξ	cuckoo (Cuculus canorus)	0
kolax	κόλαξ	κόλαξ	flatterer, fawner	0
kolasin	κόλασιν	κόλασις	chastisement, correction, punishment	0
kolasis	κόλασις	κόλασις	chastisement, correction, punishment	0
kolaphos	κόλαφος	κόλαφος	a buffet, a blow	0
kolla	κόλλα	κόλλα	glue	0
kollabos	κόλλαβος	κόλλαβος	a kind of cake or roll	0
kollix	κόλλιξ	κόλλιξ	roll or loaf of coarse bread	1
kollops	κόλλοψ	κόλλοψ	peg or screw by which the strings of the lyre were tightened	0
kolon	κόλον	κόλον	colon (last part of the digestive system)	0
kolos	κόλος	κόλος	hornless or stump-horned	0
kolouros	κόλουρος	κόλουρος	dock-tailed, stump-tailed	1
kolpon	κόλπον	κόλπος	bosom, lap	0
kolpos	κόλπος	κόλπος	bosom, lap	0
kolpou	κόλπου	κόλπος	bosom, lap	0
kolpo	κόλπῳ	κόλπος	bosom, lap	0
komai	κόμαι	κόμη	hair of the head	0
komais	κόμαις	κόμη	hair of the head	0
komaros	κόμαρος	κόμαρος	strawberry tree (Arbutus unedo)	0
kombos	κόμβος	κόμβος	roll, band, girth	0
kome	κόμη	κόμη	hair of the head	0
komen	κόμην	κόμη	hair of the head	0
komes	κόμης	κόμης	a companion	0
komma	κόμμα	κόμμα	stamp or impression of a coin	1
kommi	κόμμι	κόμμι	gum, obtained from babul (Vachellia nilotica)	0
kommosis	κόμμωσις	κόμμωσις	ornamentation, embellishment	0
kompos	κόμπος	κόμπος	din, clash, racket	0
konabos	κόναβος	κόναβος	din, clash, ringing	0
kondu	κόνδυ	κόνδυ	a kind of drinking vessel	0
kondulos	κόνδυλος	κόνδυλος	knuckle (of any joint)	1
koniklos	κόνικλος	κύνικλος	rabbit	0
konis	κόνις	κόνις	dust	0
konuza	κόνυζα	κόνυζα	fleabane (the name of various plants of the genus Inula)	0
kopaion	κόπαιον	κόπαιον	piece	0
kopanon	κόπανον	κόπανον	pestle	0
kopos	κόπος	κόπος	striking, beating	0
koppa	κόππα	κόππα	Koppa, an archaic letter of the Ancient Greek alphabet ⟨Ϙ, ϙ	0
koprinos	κόπρινος	κόπρινος	full of dung, filthy	0
kopros	κόπρος	κόπρος	dung	1
koptomai	κόπτομαι	κόπτω	to strike	1
kopto	κόπτω	κόπτω	to strike	1
kora	κόρα	κόρη	girl, young woman, maiden	1
korai	κόραι	κόρη	girl, young woman, maiden	1
korain	κόραιν	κόρη	girl, young woman, maiden	1
korais	κόραις	κόρη	girl, young woman, maiden	1
koraka	κόρακα	κόραξ	raven, crow	0
korakas	κόρακας	κόραξ	raven, crow	0
korakes	κόρακες	κόραξ	raven, crow	0
koraki	κόρακι	κόραξ	raven, crow	0
korax	κόραξ	κόραξ	raven, crow	0
koras	κόρας	κόρη	girl, young woman, maiden	1
koreos	κόρεως	κόρις	bedbug	0
kore	κόρη	κόρη	girl, young woman, maiden	1
korema	κόρημα	κόρημα	sweepings, refuse	0
koren	κόρην	κόρη	girl, young woman, maiden	1
kores	κόρης	κόρη	girl, young woman, maiden	1
korthus	κόρθυς	κόρθυς	heap	0
koris	κόρις	κόρις	bedbug	0
kornops	κόρνοψ	κόρνοψ	a kind of locust	0
koros	κόρος	κόρος	boy, youth	0
korse	κόρση	κόρση	temple, side of the forehead	0
korsion	κόρσιον	κόρσιον	tuber of the blue lotus (Nymphaea nouchali)	0
korudos	κόρυδος	κόρυδος	crested lark (Galerida cristata)	0
koruza	κόρυζα	κόρυζα	rheum, mucous discharge from the nose	0
korumbos	κόρυμβος	κόρυμβος	uppermost point of a ship	0
korus	κόρυς	κόρυς	helmet	0
koskinon	κόσκινον	κόσκινον	sieve	0
kosme	κόσμε	κόσμος	order	1
kosmema	κόσμημα	κόσμημα	an ornament, decoration	0
kosmios	κόσμιος	κόσμιος	ordered	0
kosmoi	κόσμοι	κόσμος	order	1
kosmois	κόσμοις	κόσμος	order	1
kosmon	κόσμον	κόσμος	order	1
kosmos	κόσμος	κόσμος	order	1
kosmou	κόσμου	κόσμος	order	1
kosmous	κόσμους	κόσμος	order	1
kosmo	κόσμω	κόσμος	order	1
kostos	κόστος	κόστος	costus (Saussurea costus), used as a spice	1
kotinos	κότινος	κότινος	wild olive tree (Olea europaea, syn	0
koton	κότον	κότος	grudge, rancour, animosity, ill will	0
kotos	κότος	κότος	grudge, rancour, animosity, ill will	0
kottabos	κότταβος	κότταβος	cottabus	1
kottos	κόττος	κόττος	chicken	0
kotumbon	κότυμβον	κότυμβον	kind of vessel mentioned in the Periplus of the Erythraean S	0
kophinos	κόφινος	κόφινος	basket	1
kokhlos	κόχλος	κόχλος	shellfish with a spiral shell, used for dyeing purple	0
kopsa	κόψα	κόψα	water jar	0
kopse	κόψε	κόπτω	to strike	1
kopseis	κόψεις	κόπτω	to strike	1
koix	κόϊξ	κόϊξ	doum palm, Hyphaene thebaica	0
kuathos	κύαθος	κύαθος	ladle for drawing wine	1
kuamos	κύαμος	κύαμος	bean (Vicia faba)	0
kuane	κύανε	κύανος	dark blue enamel, especially used to adorn armour	1
kuanoi	κύανοι	κύανος	dark blue enamel, especially used to adorn armour	1
kuanos	κύανος	κύανος	dark blue enamel, especially used to adorn armour	1
kuar	κύαρ	κύαρ	eye of a needle	0
kuberton	κύβερτον	κύβερτον	beehive, hive	0
kube	κύβη	κύβη	head	0
kubebos	κύβηβος	κύβηβος	minister of Cybele	0
kubelis	κύβηλις	κύβηλις	axe, cleaver, large knife with which cattle were slain	0
kubiton	κύβιτον	κύβιτον	elbow	0
kubos	κύβος	κύβος	square	1
kudar	κύδαρ	κύδαρ	grave, tomb	0
kudaros	κύδαρος	κύδαρος	a kind of small ship	0
kudei	κύδει	κῦδος	renown	1
kudeos	κύδεος	κῦδος	renown	1
kudeus	κύδευς	κῦδος	renown	1
kudistos	κύδιστος	κύδιστος	most glorious	0
kudos	κύδος	κύδος	taunt	0
kudous	κύδους	κῦδος	renown	1
kuema	κύημα	κύημα	That which is conceived, embryo, foetus	0
kuthion	κύθιον	κύθιον	name of an eyesalve	0
kuthre	κύθρη	κύθρη	Ionic form of χύτρα (khútra)	0
kuklos	κύκλος	κύκλος	circle, ring	1
kuknos	κύκνος	κύκνος	swan	0
kulix	κύλιξ	κύλιξ	a cup (often for wine)	1
kulla	κύλλα	κύλλας	puppy	0
kullas	κύλλας	κύλλας	puppy	0
kumbalon	κύμβαλον	κύμβαλον	cymbal	0
kumbe	κύμβη	κύμβη	hollow of a vessel	0
kumindis	κύμινδις	κύμινδις	name of an unknown bird	0
kuminon	κύμινον	κύμινον	cumin	0
kundalos	κύνδαλος	κύνδαλος	wooden peg	0
kuniklos	κύνικλος	κύνικλος	rabbit	0
kunteron	κύντερον	κύντερος	more shameless, more audacious	0
kunteros	κύντερος	κύντερος	more shameless, more audacious	0
kunopos	κύνωπος	κύνωψ	ribwort (Plantago lanceolata)	0
kunops	κύνωψ	κύνωψ	ribwort (Plantago lanceolata)	0
kupeiron	κύπειρον	κύπειρον	galingale (Cyperus longus)	0
kupella	κύπελλα	κύπελλον	drinking-cup, goblet	0
kupellon	κύπελλον	κύπελλον	drinking-cup, goblet	0
kupe	κύπη	κύπη	some kind of ship	0
kuprinos	κύπρινος	κύπρινος	made from the flower of henna	0
kupros	κύπρος	κύπρος	henna (Lawsonia inermis plant and dye)	0
kupto	κύπτω	κύπτω	to bend forward, stoop down	0
kurithra	κύριθρα	κύριθρα	wooden masks	0
kurion	κύριον	κύριον	sovereign power	0
kurios	κύριος	κύριος	main	1
kurma	κύρμα	κύρμα	booty, prey, spoil	0
kuro	κύρω	κύρω	to hit upon	0
kuse	κύσε	κυνέω	to kiss	0
kusthos	κύσθος	κύσθος	pudenda muliebria	0
kustion	κύστιον	κύστιον	bladder cherry, winter cherry (Alkekengi officinarum, syn	0
kustis	κύστις	κύστις	bladder	0
kutinos	κύτινος	κύτινος	flower of the pomegranate	0
kutisos	κύτισος	κύτισος	tree medick, moon trefoil (Medicago arborea)	0
kutos	κύτος	κύτος	a hollow	0
kutous	κύτους	κύτος	a hollow	0
kuphon	κύφων	κύφων	the bent yoke of the plough	0
kupselos	κύψελος	κύψελος	swift (Apus apus)	0
kuo	κύω	κύω	to conceive, become pregnant	0
kuon	κύων	κύων	a dog	0
kodeia	κώδεια	κώδεια	poppyhead, head of plants	0
kodon	κώδων	κώδων	bell	1
kodonos	κώδωνος	κώδων	bell	1
kothon	κώθων	κώθων	Laconian drinking vessell used by soldiers	1
koleps	κώληψ	κώληψ	hollow of the knee, poplit, ham	0
koluma	κώλυμα	κώλυμα	hindrance, impediment	0
koma	κώμα	κώμη	an unwalled village or country town	0
komain	κώμαιν	κώμη	an unwalled village or country town	0
komais	κώμαις	κώμη	an unwalled village or country town	0
komaiin	κώμαιϊν	κώμη	an unwalled village or country town	0
komakon	κώμακον	κώμακον	nutmeg (Myristica fragrans)	0
komas	κώμας	κώμη	an unwalled village or country town	0
kome	κώμη	κώμη	an unwalled village or country town	0
komen	κώμην	κώμη	an unwalled village or country town	0
komes	κώμης	κώμη	an unwalled village or country town	0
komus	κώμυς	κώμυς	reedbed (place planted with reeds)	0
komesi	κώμῃσι	κώμη	an unwalled village or country town	0
komesin	κώμῃσιν	κώμη	an unwalled village or country town	0
koneia	κώνεια	κώνειον	poison hemlock (Conium maculatum)	0
konops	κώνωψ	κώνωψ	gnat, mosquito	0
kope	κώπη	κώπη	a handle (e	0
korukos	κώρυκος	κώρυκος	leathern sack or wallet for provisions	0
kak	κἀκ	κἀκ	crasis of καὶ ἐκ (kaì ek)	0
kan	κἀν	κἀν	crasis of καὶ (kaì) and ἐν (en)	0
kan	κἄν	κἄν	crasis of καὶ (kaì) and ᾰ̓́ν (ắn)	0
kala	κᾶλα	κᾶλον	wood, logs, timber, especially for ships	0
kalon	κᾶλον	κᾶλον	wood, logs, timber, especially for ships	0
kebos	κῆβος	κῆβος	long-tailed monkey	0
kedos	κῆδος	κῆδος	care for others	0
kela	κῆλα	κῆλον	shafts of an arrow, arrows, projectiles	0
kelon	κῆλον	κῆλον	shafts of an arrow, arrows, projectiles	0
kepe	κῆπε	κῆπος	garden, orchard or plantation	0
kepoi	κῆποι	κῆπος	garden, orchard or plantation	0
kepon	κῆπον	κῆπος	garden, orchard or plantation	0
kepos	κῆπος	κῆπος	garden, orchard or plantation	0
ker	κῆρ	κῆρ	heart	0
kera	κῆρα	κήρ	death	0
keras	κῆρας	κήρ	death	0
kere	κῆρε	κήρ	death	0
keres	κῆρες	κήρ	death	0
keri	κῆρι	κῆρι	with all one's heart	0
keros	κῆρος	κῆρ	heart	0
kerux	κῆρυξ	κῆρυξ	herald	0
ketos	κῆτος	κῆτος	whale, sea monster	0
kikus	κῖκυς	κῖκυς	strength, vigour, force	0
kudos	κῦδος	κῦδος	renown	1
kuma	κῦμα	κῦμα	a wave, billow, swell	0
kur	κῦρ	κῦρ	sir, lord (form of address)	0
kuros	κῦρος	κῦρος	supreme power, authority	0
kuphi	κῦφι	κῦφι	kind of Egyptian compound incense	1
kodion	κῴδιον	κῴδιον	sheepskin, fleece, used for a bed cover	0
koas	κῶας	κῶας	fleece	0
kolon	κῶλον	κῶλον	part of something, member	0
koma	κῶμα	κῶμα	deep sleep	1
komai	κῶμαι	κώμη	an unwalled village or country town	0
komos	κῶμος	κῶμος	festival	0
konos	κῶνος	κῶνος	pine cone	0
kos	κῶς	πῶς	how?, in what way?	0
labda	λάβδα	λάβδα	lambda, the name for the eleventh letter Λ (L), λ (l) of the	0
labdoma	λάβδωμα	λάβδωμα	a lambdoid figure, i	0
labrax	λάβραξ	λάβραξ	European seabass (Dicentrarchus labrax)	0
labros	λάβρος	λάβρος	furious, boisterous	0
labrus	λάβρυς	λάβρυς	Lydian word for axe	0
laganon	λάγανον	λάγανον	thin broad cake, pancake	0
laginos	λάγινος	λάγινος	of the hare	0
lagion	λάγιον	λάγιον	a kind of cup or vase	0
lagnos	λάγνος	λάγνος	lecherous, lustful (of the male)	0
lagunos	λάγυνος	λάγυνος	flagon	1
ladanon	λάδανον	λήδανον	labdanum, a resin obtained from rockroses	0
lazomai	λάζομαι	λάζομαι	to seize	0
lathre	λάθρῃ	λάθρῃ	secretly, by stealth	0
lathra	λάθρᾳ	λάθρῃ	secretly, by stealth	0
lathuros	λάθυρος	λάθυρος	chickling vetch (Lathyrus sativus)	0
latho	λάθω	λανθάνω	to escape notice	1
lathosi	λάθωσι	λανθάνω	to escape notice	1
lakkos	λάκκος	λάκκος	pond in which water-fowl are kept	0
laktis	λάκτις	λάκτις	pestle	0
lalax	λάλαξ	λάλαξ	babbler, croaker	0
lalema	λάλημα	λάλημα	talk, prattle	0
lallai	λάλλαι	λάλλαι	pebbles (small stones rounded by the action of water)	0
lalos	λάλος	λάλος	talkative, babbling, loquacious	0
lambda	λάμβδα	λάβδα	lambda, the name for the eleventh letter Λ (L), λ (l) of the	0
lamia	λάμια	λάμια	Species of fierce shark	0
lamos	λάμος	λάμος	according to a scholium of Horace, this word means	0
lampe	λάμπη	λάμπη	scum, foam which forms on the surface of wine, or other liqu	0
lampo	λάμπω	λάμπω	to shine, be bright, give light	0
lax	λάξ	λάξ	with the foot, with the heel	0
lapathon	λάπαθον	λάπαθον	monk's rhubarb (Rumex patientia)	0
lapathos	λάπαθος	λάπαθος	pitfall for wild beasts	0
lapto	λάπτω	λάπτω	to lap with the tongue	0
larbason	λάρβασον	λάρβασον	stibium, antimony	0
larix	λάριξ	λάριξ	larch (Larix decidua)	0
larkos	λάρκος	λάρκος	charcoal basket	0
larnax	λάρναξ	λάρναξ	coffer, box, chest	1
laros	λάρος	λάρος	kind of ravenous sea bird, perhaps the seamew, the gull	0
larugx	λάρυγξ	λάρυγξ	larynx	1
lasana	λάσανα	λάσανον	chamber pot	0
lasanon	λάσανον	λάσανον	chamber pot	0
lasaron	λάσαρον	λάσαρον	laser, juice of the asafoetida or silphium	0
lasthe	λάσθη	λάσθη	insult, mockery	0
lasios	λάσιος	λάσιος	shaggy, woolly	0
lasko	λάσκω	λάσκω	to ring, rattle, crash, crack	0
latax	λάταξ	λάταξ	the drops of wine in the bottom of the cup which were thrown	0
latos	λάτος	λάτος	Nile perch (Lates niloticus)	0
latra	λάτρα	λάτρον	pay, hire	0
latris	λάτρις	λάτρις	a hired servant	0
latron	λάτρον	λάτρον	pay, hire	0
laphura	λάφυρα	λάφυρα	spoils taken in war, pillage, booty	0
lakhanon	λάχανον	λάχανον	garden herb, opposite to wild plants	0
lakhne	λάχνη	λάχνη	soft, woolly hair, down, as of the first beard	0
lakhos	λάχος	λάχος	lot, destiny, fate	0
lapsa	λάψα	λάψα	turnip	0
lainos	λάϊνος	λάϊνος	made of stone	0
leaina	λέαινα	λέαινα	lioness	0
lebes	λέβης	λέβης	kettle	0
lebesi	λέβησι	λέβης	kettle	0
lebesin	λέβησιν	λέβης	kettle	0
lebeta	λέβητα	λέβης	kettle	0
lebetas	λέβητας	λέβης	kettle	0
lebete	λέβητε	λέβης	kettle	0
lebetes	λέβητες	λέβης	kettle	0
lebeti	λέβητι	λέβης	kettle	0
lebetos	λέβητος	λέβης	kettle	0
lege	λέγε	λέγω	to put in order, arrange, gather	0
legei	λέγει	λέγω	to put in order, arrange, gather	0
legein	λέγειν	λέγω	to put in order, arrange, gather	0
legeis	λέγεις	λέγω	to put in order, arrange, gather	0
legesthe	λέγεσθε	λέγω	to put in order, arrange, gather	0
legetai	λέγεται	λέγω	to put in order, arrange, gather	0
legeton	λέγετον	λέγω	to put in order, arrange, gather	0
legete	λέγητε	λέγω	to put in order, arrange, gather	0
legnon	λέγνον	λέγνον	coloured edging or border of a garment	0
legoi	λέγοι	λέγω	to put in order, arrange, gather	0
legoien	λέγοιεν	λέγω	to put in order, arrange, gather	0
legoimen	λέγοιμεν	λέγω	to put in order, arrange, gather	0
legoimi	λέγοιμι	λέγω	to put in order, arrange, gather	0
legointo	λέγοιντο	λέγω	to put in order, arrange, gather	0
legoio	λέγοιο	λέγω	to put in order, arrange, gather	0
legois	λέγοις	λέγω	to put in order, arrange, gather	0
legoite	λέγοιτε	λέγω	to put in order, arrange, gather	0
legoito	λέγοιτο	λέγω	to put in order, arrange, gather	0
legoiton	λέγοιτον	λέγω	to put in order, arrange, gather	0
legomai	λέγομαι	λέγω	to put in order, arrange, gather	0
legomen	λέγομεν	λέγω	to put in order, arrange, gather	0
legontai	λέγονται	λέγω	to put in order, arrange, gather	0
legou	λέγου	λέγω	to put in order, arrange, gather	0
legousi	λέγουσι	λέγω	to put in order, arrange, gather	0
legousin	λέγουσιν	λέγω	to put in order, arrange, gather	0
lego	λέγω	λέγω	to put in order, arrange, gather	0
legon	λέγων	λέγω	to put in order, arrange, gather	0
legosi	λέγωσι	λέγω	to put in order, arrange, gather	0
legosin	λέγωσιν	λέγω	to put in order, arrange, gather	0
leges	λέγῃς	λέγω	to put in order, arrange, gather	0
lekithos	λέκιθος	λέκιθος	gruel of pulse or cereals	0
lekos	λέκος	λέκος	dish, pot, pan	0
lekto	λέκτο	λέγω	to put in order, arrange, gather	0
lektron	λέκτρον	λέκτρον	bed	0
leleipto	λέλειπτο	λείπω	to leave, leave behind	0
leloipa	λέλοιπα	λείπω	to leave, leave behind	0
leluntai	λέλυνται	λύω	to loose	1
lembos	λέμβος	λέμβος	dinghy, cockboat	0
lemma	λέμμα	λέμμα	that which is peeled off, rind, husk	1
lemna	λέμνα	λέμνα	star grass (plant of the genus Callitriche)	0
lemphos	λέμφος	λέμφος	mucous discharge from the nose, snot	0
lexai	λέξαι	λέγω	to put in order, arrange, gather	0
lexaien	λέξαιεν	λέγω	to put in order, arrange, gather	0
lexaimi	λέξαιμι	λέγω	to put in order, arrange, gather	0
lexais	λέξαις	λέγω	to put in order, arrange, gather	0
lexas	λέξας	λέγω	to put in order, arrange, gather	0
lexeie	λέξειε	λέγω	to put in order, arrange, gather	0
lexeien	λέξειεν	λέγω	to put in order, arrange, gather	0
lexein	λέξειν	λέγω	to put in order, arrange, gather	0
lexeis	λέξεις	λέξις	a saying, speech	1
lexesthe	λέξεσθε	λέγω	to put in order, arrange, gather	0
lexetai	λέξεται	λέγω	to put in order, arrange, gather	0
lexete	λέξετε	λέγω	to put in order, arrange, gather	0
lexeton	λέξετον	λέγω	to put in order, arrange, gather	0
lexeos	λέξεως	λέξις	a saying, speech	1
lexis	λέξις	λέξις	a saying, speech	1
lexoi	λέξοι	λέγω	to put in order, arrange, gather	0
lexoien	λέξοιεν	λέγω	to put in order, arrange, gather	0
lexoimen	λέξοιμεν	λέγω	to put in order, arrange, gather	0
lexoimi	λέξοιμι	λέγω	to put in order, arrange, gather	0
lexointo	λέξοιντο	λέγω	to put in order, arrange, gather	0
lexoio	λέξοιο	λέγω	to put in order, arrange, gather	0
lexois	λέξοις	λέγω	to put in order, arrange, gather	0
lexoite	λέξοιτε	λέγω	to put in order, arrange, gather	0
lexoito	λέξοιτο	λέγω	to put in order, arrange, gather	0
lexoiton	λέξοιτον	λέγω	to put in order, arrange, gather	0
lexomai	λέξομαι	λέγω	to put in order, arrange, gather	0
lexomen	λέξομεν	λέγω	to put in order, arrange, gather	0
lexon	λέξον	λέγω	to put in order, arrange, gather	0
lexontai	λέξονται	λέγω	to put in order, arrange, gather	0
lexousi	λέξουσι	λέγω	to put in order, arrange, gather	0
lexousin	λέξουσιν	λέγω	to put in order, arrange, gather	0
lexo	λέξω	λέγω	to put in order, arrange, gather	0
lexe	λέξῃ	λέγω	to put in order, arrange, gather	0
leon	λέων	λέων	lion	0
leonta	λέοντα	λέων	lion	0
leontas	λέοντας	λέων	lion	0
leonte	λέοντε	λέων	lion	0
leontes	λέοντες	λέων	lion	0
leonti	λέοντι	λέων	lion	0
leontos	λέοντος	λέων	lion	0
leousi	λέουσι	λέων	lion	0
leousin	λέουσιν	λέων	lion	0
lepadnon	λέπαδνον	λέπαδνον	broad leather strap fastening the yoke to the neck, and join	0
lepas	λέπας	λέπας	bare rock, scaur, crag	0
lepos	λέπος	λέπος	rind, husk, scale	0
lepra	λέπρα	λέπρα	psoriasis & similar skin disorders	0
lepuron	λέπυρον	λέπυρον	rind, shell, husk, chaff	0
lepo	λέπω	λέπω	to peel, bark, strip off the rind or husks	0
leros	λέρος	λέρος	kind of fish	0
leskhe	λέσχη	λέσχη	couch, hence funeral bier, tomb	0
lekhea	λέχεα	λέχος	couch, bed	0
lekhei	λέχει	λέχος	couch, bed	0
lekheos	λέχεος	λέχος	couch, bed	0
lekhesi	λέχεσι	λέχος	couch, bed	0
lekhesin	λέχεσιν	λέχος	couch, bed	0
lekhessi	λέχεσσι	λέχος	couch, bed	0
lekhe	λέχη	λέχος	couch, bed	0
lekhomai	λέχομαι	λέχομαι	to lie down	0
lekhos	λέχος	λέχος	couch, bed	0
lekhous	λέχους	λέχος	couch, bed	0
lekhrios	λέχριος	λέχριος	slanting, crosswise	0
lego	λήγω	λήγω	to stay, abate	0
legon	λήγων	λήγω	to stay, abate	0
ledanon	λήδανον	λήδανον	labdanum, a resin obtained from rockroses	0
letha	λήθα	λήθη	oblivion	0
lethain	λήθαιν	λήθη	oblivion	0
lethais	λήθαις	λήθη	oblivion	0
lethas	λήθας	λήθη	oblivion	0
lethe	λήθη	λήθη	oblivion	0
lethen	λήθην	λήθη	oblivion	0
lethes	λήθης	λήθη	oblivion	0
letho	λήθω	λανθάνω	to escape notice	1
lekuthos	λήκυθος	λήκυθος	oil flask	0
leme	λήμη	λήμη	rheum, sleep, a humour that gathers in the corner of the eye	0
lesei	λήσει	λανθάνω	to escape notice	1
lepsei	λήψει	λαμβάνω	to take	0
lepsetai	λήψεται	λαμβάνω	to take	0
lepsoito	λήψοιτο	λαμβάνω	to take	0
lepsomai	λήψομαι	λαμβάνω	to take	0
lepse	λήψῃ	λαμβάνω	to take	0
leiton	λήϊτον	λήϊτον	town-hall	0
lian	λίαν	λίαν	very	0
libanos	λίβανος	λίβανος	frankincense	0
libellos	λίβελλος	λίβελλος	libellus, petition	0
libos	λίβος	λίβος	anything that drips or trickles	0
ligdos	λίγδος	λίγδος	mortar	0
lizo	λίζω	λίζω	to play	0
lithinos	λίθινος	λίθινος	of stone	0
lithos	λίθος	λίθος	a stone	1
liknon	λίκνον	λίκνον	winnowing fan	0
limne	λίμνη	λίμνη	lake, marsh, basin	1
limnen	λίμνην	λίμνη	lake, marsh, basin	1
limnes	λίμνης	λίμνη	lake, marsh, basin	1
lindomai	λίνδομαι	λίνδομαι	to contend	0
lineos	λίνεος	λίνεος	flaxen	0
lininos	λίνινος	λίνινος	of flax, linen	0
linon	λίνον	λίνον	flax (Linum usitatissimum)	0
lino	λίνῳ	λίνον	flax (Linum usitatissimum)	0
lipa	λίπα	λίπα	richly	0
lipe	λίπε	λείπω	to leave, leave behind	0
lipen	λίπεν	λείπω	to leave, leave behind	0
lipesthe	λίπεσθε	λείπω	to leave, leave behind	0
lipete	λίπετε	λείπω	to leave, leave behind	0
lipeto	λίπετο	λείπω	to leave, leave behind	0
lipetai	λίπηται	λείπω	to leave, leave behind	0
lipoi	λίποι	λείπω	to leave, leave behind	0
lipoien	λίποιεν	λείπω	to leave, leave behind	0
lipoimen	λίποιμεν	λείπω	to leave, leave behind	0
lipoimi	λίποιμι	λείπω	to leave, leave behind	0
lipointo	λίποιντο	λείπω	to leave, leave behind	0
lipoio	λίποιο	λείπω	to leave, leave behind	0
lipois	λίποις	λείπω	to leave, leave behind	0
lipoite	λίποιτε	λείπω	to leave, leave behind	0
lipoito	λίποιτο	λείπω	to leave, leave behind	0
lipon	λίπον	λείπω	to leave, leave behind	0
lipos	λίπος	λίπος	animal fat	0
lipo	λίπω	λείπω	to leave, leave behind	0
lipomai	λίπωμαι	λείπω	to leave, leave behind	0
lipomen	λίπωμεν	λείπω	to leave, leave behind	0
lipontai	λίπωνται	λείπω	to leave, leave behind	0
liposi	λίπωσι	λείπω	to leave, leave behind	0
lipes	λίπῃς	λείπω	to leave, leave behind	0
lis	λίς	λίς	lion	0
lispos	λίσπος	λίσπος	smooth, polished	0
lissomai	λίσσομαι	λίσσομαι	to pray	0
lissomen	λίσσωμεν	λίσσωμεν	to let or cede (first-person plural aorist active subjunctiv	0
listrion	λίστριον	λίστριον	spoon	0
listron	λίστρον	λίστρον	tool for levelling or smoothing, spade, shovel	0
litra	λίτρα	λίτρα	litra, a Sicilian silver coin	1
lips	λίψ	λίψ	southwest	0
labe	λαβή	λαβή	handle, haft	0
labis	λαβίς	λαβίς	forceps	0
labon	λαβών	λαμβάνω	to take	0
lagaio	λαγαίω	λαγαίω	to release, let go, free	0
lagaros	λαγαρός	λαγαρός	hollow, sunken, flattish	0
laggazo	λαγγάζω	λαγγάζω	to slacken, relax, become lazy	0
lagkia	λαγκία	λαγκία	light spear, lance	0
lagneia	λαγνεία	λαγνεία	sex, sexual intercourse	0
lagkhano	λαγχάνω	λαγχάνω	to obtain (by lot), to receive	0
lagon	λαγών	λαγών	hollow on each side below the ribs, flank	0
lagopous	λαγώπους	λαγώπους	something with feet like a hare	0
lagos	λαγώς	λαγώς	hare	1
lagoos	λαγῷος	λαγῷος	hare's flesh	0
ladonis	λαδωνίς	λαδωνίς	sweet bay (Laurus nobilis)	0
lathuris	λαθυρίς	λαθυρίς	any plant of genus Euphorbia	0
lathon	λαθών	λανθάνω	to escape notice	1
laikazo	λαικάζω	λαικάζω	to suck cock (to perform fellatio)	0
laimon	λαιμόν	λαιμός	throat, gullet	0
laimos	λαιμός	λαιμός	throat, gullet	0
laiseion	λαισήϊον	λαισήϊον	kind of light shield made of raw skins	0
laipsera	λαιψηρά	λαιψηρός	light, nimble, swift	0
laios	λαιός	λαιός	left (opposite of right)	0
laketas	λακέτας	λακέτας	cicada	0
lakeo	λακέω	λακέω	Doric and later Greek form of ληκέω (lēkéō) (to crack, crack	0
lakis	λακίς	λακίς	rent, rending, tatters	0
laktizo	λακτίζω	λακτίζω	to kick with the heel or foot	0
lakonizo	λακωνίζω	λακωνίζω	to laconize	1
lalazo	λαλάζω	λαλάζω	to babble, prattle	0
laleo	λαλέω	λαλέω	to talk, chat, prattle	0
lalageo	λαλαγέω	λαλαγέω	to babble, prattle	0
lalage	λαλαγή	λαλαγή	prattle	0
lalein	λαλεῖν	λαλέω	to talk, chat, prattle	0
lalia	λαλιά	λαλιά	talking, talk, chat	1
lambanei	λαμβάνει	λαμβάνω	to take	0
lambanoi	λαμβάνοι	λαμβάνω	to take	0
lambano	λαμβάνω	λαμβάνω	to take	0
lambane	λαμβάνῃ	λαμβάνω	to take	0
lambanes	λαμβάνῃς	λαμβάνω	to take	0
lampas	λαμπάς	λαμπάς	torch, wax-light	0
lampene	λαμπήνη	λαμπήνη	covered chariot	0
lampra	λαμπρά	λαμπρός	bright, radiant, brilliant	0
lampran	λαμπράν	λαμπρός	bright, radiant, brilliant	0
lampras	λαμπράς	λαμπρός	bright, radiant, brilliant	0
lampre	λαμπρέ	λαμπρός	bright, radiant, brilliant	0
lamprai	λαμπραί	λαμπρός	bright, radiant, brilliant	0
lamproi	λαμπροί	λαμπρός	bright, radiant, brilliant	0
lamprous	λαμπρούς	λαμπρός	bright, radiant, brilliant	0
lamprois	λαμπροῖς	λαμπρός	bright, radiant, brilliant	0
lamprou	λαμπροῦ	λαμπρός	bright, radiant, brilliant	0
lampron	λαμπρόν	λαμπρός	bright, radiant, brilliant	0
lampros	λαμπρός	λαμπρός	bright, radiant, brilliant	0
lampros	λαμπρῶς	λαμπρῶς	openly, clearly, without concealment or obfuscation	0
lampro	λαμπρῷ	λαμπρός	bright, radiant, brilliant	0
lampter	λαμπτήρ	λαμπτήρ	lighter	0
lampuris	λαμπυρίς	λαμπυρίς	glowworm (Lampyris noctiluca)	0
lamuros	λαμυρός	λαμυρός	full of abysses	0
lanthano	λανθάνω	λανθάνω	to escape notice	1
laxeuo	λαξεύω	λαξεύω	to hew	0
laossoos	λαοσσόος	λαοσσόος	rousing or stirring nations	0
lapara	λαπάρα	λαπάρα	flank (flesh between the last rib and the hip)	1
lapasso	λαπάσσω	λαπάσσω	to empty	0
lapatto	λαπάττω	λαπάσσω	to empty	0
laparos	λαπαρός	λαπαρός	slack, loose (of the bowels)	0
larinos	λαρινός	λαρινός	fatted, fat	0
laros	λαρός	λαρός	sweet	0
lasion	λασιών	λασιών	a thicket	0
latreia	λατρεία	λατρεία	service	1
latreias	λατρείας	λατρεία	service	1
latreio	λατρείω	λατρείω	to render as an offering	0
latreus	λατρεύς	λατρεύς	hired servant	0
latreuo	λατρεύω	λατρεύω	to work for hire or pay, to be in servitude, serve	0
latupe	λατύπη	λατύπη	chips of stone in hewing	0
laukanie	λαυκανίη	λαυκανίη	throat	0
laphusso	λαφύσσω	λαφύσσω	to gulp down, consume greedily or gluttonously	0
lakhaino	λαχαίνω	λαχαίνω	to dig	0
lapsane	λαψάνη	λαψάνη	charlock (Rhamphospermum arvense, syns	0
laikos	λαϊκός	λαϊκός	common (of or from the people)	0
laos	λαός	λαός	people	0
laura	λαύρα	λαύρα	alley	1
lailaps	λαῖλαψ	λαῖλαψ	whirlwind, tornado, vortex	0
laitma	λαῖτμα	λαῖτμα	depth or gulf of the sea	0
laiphos	λαῖφος	λαῖφος	shabby, tattered garment	0
lauros	λαῦρος	λάβρος	furious, boisterous	0
leia	λεία	λεία	booty	0
leibo	λείβω	λείβω	to pour, pour forth	0
leibon	λείβων	λείβω	to pour, pour forth	0
leiouros	λείουρος	αἴλουρος	cat	1
leipei	λείπει	λείπω	to leave, leave behind	0
leipein	λείπειν	λείπω	to leave, leave behind	0
leipeis	λείπεις	λείπω	to leave, leave behind	0
leipete	λείπετε	λείπω	to leave, leave behind	0
leipomen	λείπομεν	λείπω	to leave, leave behind	0
leipousi	λείπουσι	λείπω	to leave, leave behind	0
leipo	λείπω	λείπω	to leave, leave behind	0
leirinos	λείρινος	λείρινος	made of lilies	0
leirion	λείριον	λείριον	Madonna lily (Lilium candidum)	0
leitor	λείτωρ	λείτωρ	priest	0
leikho	λείχω	λείχω	to lick up	0
leipsei	λείψει	λείπω	to leave, leave behind	0
leipsein	λείψειν	λείπω	to leave, leave behind	0
leipseis	λείψεις	λείπω	to leave, leave behind	0
leipsete	λείψετε	λείπω	to leave, leave behind	0
leipso	λείψω	λείπω	to leave, leave behind	0
lebeton	λεβήτων	λέβης	kettle	0
leberis	λεβηρίς	λεβηρίς	skin or slough (of serpents and beans)	0
legestho	λεγέσθω	λέγω	to put in order, arrange, gather	0
legeto	λεγέτω	λέγω	to put in order, arrange, gather	0
legeon	λεγεών	λεγεών	legion	0
legeonon	λεγεώνων	λεγεών	legion	0
legeona	λεγεῶνα	λεγεών	legion	0
legeonas	λεγεῶνας	λεγεών	legion	0
legeones	λεγεῶνες	λεγεών	legion	0
legeonos	λεγεῶνος	λεγεών	legion	0
legeosi	λεγεῶσι	λεγεών	legion	0
legoiten	λεγοίτην	λέγω	to put in order, arrange, gather	0
legonton	λεγόντων	λέγω	to put in order, arrange, gather	0
legenai	λεγῆναι	λέγω	to put in order, arrange, gather	0
leimon	λειμών	λειμών	a meadow	0
leimonon	λειμώνων	λειμών	a meadow	0
leimona	λειμῶνα	λειμών	a meadow	0
leimonas	λειμῶνας	λειμών	a meadow	0
leimone	λειμῶνε	λειμών	a meadow	0
leimones	λειμῶνες	λειμών	a meadow	0
leimoni	λειμῶνι	λειμών	a meadow	0
leimonos	λειμῶνος	λειμών	a meadow	0
leimosi	λειμῶσι	λειμών	a meadow	0
leimosin	λειμῶσιν	λειμών	a meadow	0
leikhen	λειχήν	λειχήν	Liverwort	0
lekane	λεκάνη	λεκάνη	dish	0
lektikos	λεκτικός	λεκτικός	Good at speaking, able to speak	0
lexika	λεξικά	λεξικόν	lexicon, dictionary	1
lexikoin	λεξικοῖν	λεξικόν	lexicon, dictionary	1
lexikon	λεξικόν	λεξικόν	lexicon, dictionary	1
lexikos	λεξικός	λεξικός	of or pertaining to words	0
lexiko	λεξικώ	λεξικόν	lexicon, dictionary	1
lexoiten	λεξοίτην	λέγω	to put in order, arrange, gather	0
leontee	λεοντέη	λεοντέη	lionskin	0
leontike	λεοντική	λεοντική	kind of mercury (Mercurialis tomentosa)	0
leonte	λεοντῆ	λεοντέη	lionskin	0
lepas	λεπάς	λεπάς	limpet (gastropod of the family Patellidae)	0
lepida	λεπίδα	λεπίς	scale, flake, shell, husk	0
lepidion	λεπίδιον	λεπίδιον	small plate, capsule, used to close a tube	1
lepis	λεπίς	λεπίς	scale, flake, shell, husk	0
lepaste	λεπαστή	λεπαστή	limpet-shaped drinking-cup	0
lepros	λεπρός	λεπρός	peely, rough, scaly, scabby	0
lepta	λεπτά	λεπτός	peeled, husked (of grain)	0
leptas	λεπτάς	λεπτός	peeled, husked (of grain)	0
lepte	λεπτή	λεπτός	peeled, husked (of grain)	0
lepten	λεπτήν	λεπτός	peeled, husked (of grain)	0
leption	λεπτίον	λεπτίον	jar	0
leptai	λεπταί	λεπτός	peeled, husked (of grain)	0
leptais	λεπταῖς	λεπτός	peeled, husked (of grain)	0
leptoi	λεπτοί	λεπτός	peeled, husked (of grain)	0
leptous	λεπτούς	λεπτός	peeled, husked (of grain)	0
leptois	λεπτοῖς	λεπτός	peeled, husked (of grain)	0
leptou	λεπτοῦ	λεπτός	peeled, husked (of grain)	0
lepton	λεπτόν	λεπτόν	a small coin, lepton	0
leptos	λεπτός	λεπτός	peeled, husked (of grain)	0
leptuno	λεπτύνω	λεπτύνω	to make thin or meager	0
lepto	λεπτώ	λεπτός	peeled, husked (of grain)	0
leptes	λεπτῆς	λεπτός	peeled, husked (of grain)	0
lepton	λεπτῶν	λεπτός	peeled, husked (of grain)	0
lesbiazo	λεσβιάζω	λεσβιάζω	to act like a person from the island of Lesbos	0
leuka	λευκά	λευκός	bright, shining, gleaming	1
leukas	λευκάς	λευκός	bright, shining, gleaming	1
leuke	λευκέ	λευκός	bright, shining, gleaming	1
leuken	λευκήν	λευκός	bright, shining, gleaming	1
leukai	λευκαί	λευκός	bright, shining, gleaming	1
leukaino	λευκαίνω	λευκαίνω	to make, turn white	0
leukain	λευκαῖν	λευκός	bright, shining, gleaming	1
leukais	λευκαῖς	λευκός	bright, shining, gleaming	1
leukoi	λευκοί	λευκός	bright, shining, gleaming	1
leukous	λευκούς	λευκός	bright, shining, gleaming	1
leukoin	λευκοῖν	λευκός	bright, shining, gleaming	1
leukois	λευκοῖς	λευκός	bright, shining, gleaming	1
leukou	λευκοῦ	λευκός	bright, shining, gleaming	1
leukon	λευκόν	λευκός	bright, shining, gleaming	1
leukos	λευκός	λευκός	bright, shining, gleaming	1
leuko	λευκώ	λευκός	bright, shining, gleaming	1
leukes	λευκῆς	λευκός	bright, shining, gleaming	1
leuros	λευρός	λευρός	smooth, level, even	0
lekheon	λεχέων	λέχος	couch, bed	0
lekho	λεχώ	λεχώ	a woman in childbed, or one who has just given birth	0
leontoin	λεόντοιν	λέων	lion	0
leonton	λεόντων	λέων	lion	0
leuke	λεύκη	λεύκη	white poplar (Populus alba)	0
leukinos	λεύκινος	λεύκινος	of white poplar	0
leukoma	λεύκωμα	λεύκωμα	album (white tablet of gypsum used as public noticeboard)	0
leusso	λεύσσω	λεύσσω	to look, gaze	0
leibe	λεῖβε	λείβω	to pour, pour forth	0
leimax	λεῖμαξ	λεῖμαξ	limax, snail	0
leimma	λεῖμμα	λεῖμμα	A remnant, a residue	0
leios	λεῖος	λεῖος	smooth to the touch	0
leipe	λεῖπε	λείπω	to leave, leave behind	0
leizomai	ληΐζομαι	ληΐζομαι	to seize	0
leis	ληΐς	ληΐς	booty	0
lethano	ληθάνω	λανθάνω	to escape notice	1
lethon	ληθῶν	λήθη	oblivion	0
lekao	ληκάω	ληκάω	to dance	0
lekeo	ληκέω	ληκέω	to crack, crackle, burst asunder	0
lenaios	ληναῖος	ληναῖος	of or relating to the winepress	1
lenos	ληνός	ληνός	anything shaped like a tub or trough	0
leptikos	ληπτικός	ληπτικός	disposed to accept	0
leptos	ληπτός	ληπτός	apprehended	0
lephthe	ληφθῇ	λαμβάνω	to take	0
lephthes	ληφθῇς	λαμβάνω	to take	0
lephtho	ληφθῶ	λαμβάνω	to take	0
leistes	ληϊστής	λῃστής	robber	0
liazomai	λιάζομαι	λιάζομαι	to recoil, drop, collapse, sink, slip away, be turned aside	0
liaros	λιαρός	λιαρός	warm, balmy	0
liaro	λιαρῷ	λιαρός	warm, balmy	0
libadion	λιβάδιον	λιβάδιον	small spring, small stream	0
libas	λιβάς	λιβάς	anything that drips or trickles	0
ligeos	λιγέως	λιγέως	shrilly, loudly	0
lignus	λιγνύς	λιγνύς	thick smoke mixed with flame, murky fire (such as is made by	0
liguros	λιγυρός	λιγυρός	clear, whistling, shrill	0
ligure	λιγυρῇ	λιγυρός	clear, whistling, shrill	0
ligus	λιγύς	λιγύς	clear	0
lithizon	λιθίζων	λιθίζων	looking like a stone	0
likmao	λικμάω	λικμάω	to winnow	0
lilaieai	λιλαίεαι	λιλαίομαι	to desire, be eager or anxious, vehemently long for	0
limenion	λιμένιον	λιμήν	harbor	0
limen	λιμήν	λιμήν	harbor	0
limaino	λιμαίνω	λιμαίνω	to suffer from hunger, famine, starvation	0
limeros	λιμηρός	λιμηρός	hungry, causing hunger	0
limnazo	λιμνάζω	λιμνάζω	to be or become swampy, marshy	0
limpheuo	λιμφεύω	λιμφεύω	to deceive	0
limphos	λιμφός	λιμφός	informant	0
limos	λιμός	λιμός	famine, hunger, starvation	0
limodes	λιμώδης	λιμώδης	hungry	0
limosso	λιμώσσω	λιμώσσω	to be hungry, starving, famished	0
linous	λινοῦς	λίνεος	flaxen	0
lipestho	λιπέσθω	λείπω	to leave, leave behind	0
lipara	λιπαρά	λιπαρά	fatty poultice	0
lipares	λιπαρές	λιπαρές	persistence	0
lipareo	λιπαρέω	λιπαρέω	to persist, persevere, hold out	0
lipares	λιπαρής	λιπαρής	persistent	0
liparon	λιπαρόν	λιπαρόν	an oily or fatty substance	0
liparos	λιπαρός	λιπαρός	oily, shiny with oil, anointed	0
liparos	λιπαρῶς	λιπαρῶς	greasily (in or with grease)	0
lipernes	λιπερνής	λιπερνής	poor, forlorn, outcast	0
lipein	λιπεῖν	λείπω	to leave, leave behind	0
lipou	λιποῦ	λείπω	to leave, leave behind	0
liponton	λιπόντων	λείπω	to leave, leave behind	0
lissas	λισσάς	λισσάς	bare, smooth cliff	0
lissos	λισσός	λισσός	smooth	0
lite	λιτή	λιτή	prayer	0
litaneia	λιτανεία	λιτανεία	entreaty	1
litaneuo	λιτανεύω	λιτανεύω	to pray	0
litos	λιτός	λιτός	simple	0
litotes	λιτότης	λιτότης	plainness, simplicity	1
loeo	λοέω	λούω	to wash	0
loidora	λοίδορα	λοίδορος	railing, abusive, reviling	0
loidore	λοίδορε	λοίδορος	railing, abusive, reviling	0
loidoroi	λοίδοροι	λοίδορος	railing, abusive, reviling	0
loidoron	λοίδορον	λοίδορος	railing, abusive, reviling	0
loidoros	λοίδορος	λοίδορος	railing, abusive, reviling	0
lobos	λοβός	λοβός	lobe of the ear	0
logades	λογάδες	λογάς	gathered, picked, chosen	0
logas	λογάς	λογάς	gathered, picked, chosen	0
logia	λογία	λογία	Koine spelling of λογεία (logeía)	0
logeia	λογεία	λογεία	collection (of taxes or voluntary contributions)	0
logeion	λογεῖον	λογεῖον	a place for speaking	0
logika	λογικά	λογικός	Belonging to speech	1
logike	λογική	λογική	speech, prose	0
logikoi	λογικοί	λογικός	Belonging to speech	1
logikous	λογικούς	λογικός	Belonging to speech	1
logikos	λογικός	λογικός	Belonging to speech	1
logismos	λογισμός	λογισμός	calculation, computation	0
logkhion	λογχίον	λογχίον	small spear-head	0
logkheuo	λογχεύω	λογχεύω	to pierce with a spear	0
logkhoo	λογχόω	λογχόω	to provide or furnish with a point	0
logkhon	λογχῶν	λόγχη	spearhead	0
loibe	λοιβή	λοιβή	pouring, drink-offering, libation	0
loigon	λοιγόν	λοιγός	destruction, ruin	0
loigos	λοιγός	λοιγός	destruction, ruin	0
loidoreo	λοιδορέω	λοιδορέω	to abuse	0
loidorei	λοιδορεῖ	λοιδορέω	to abuse	0
loidore	λοιδορῇ	λοιδορέω	to abuse	0
loidores	λοιδορῇς	λοιδορέω	to abuse	0
loidoro	λοιδορῶ	λοιδορέω	to abuse	0
loidorou	λοιδόρου	λοίδορος	railing, abusive, reviling	0
loidoro	λοιδόρω	λοίδορος	railing, abusive, reviling	0
loime	λοιμέ	λοιμός	plague	0
loimoi	λοιμοί	λοιμός	plague	0
loimous	λοιμούς	λοιμός	plague	0
loimoin	λοιμοῖν	λοιμός	plague	0
loimois	λοιμοῖς	λοιμός	plague	0
loimou	λοιμοῦ	λοιμός	plague	0
loimon	λοιμόν	λοιμός	plague	0
loimos	λοιμός	λοιμός	plague	0
loimo	λοιμώ	λοιμός	plague	0
loimodes	λοιμώδης	λοιμώδης	pestilential, pertaining to plague	0
loipa	λοιπά	λοιπός	remaining, the rest	0
loipas	λοιπάς	λοιπός	remaining, the rest	0
loipe	λοιπέ	λοιπός	remaining, the rest	0
loipen	λοιπήν	λοιπός	remaining, the rest	0
loipai	λοιπαί	λοιπός	remaining, the rest	0
loipain	λοιπαῖν	λοιπός	remaining, the rest	0
loipais	λοιπαῖς	λοιπός	remaining, the rest	0
loipoi	λοιποί	λοιπός	remaining, the rest	0
loipous	λοιπούς	λοιπός	remaining, the rest	0
loipoin	λοιποῖν	λοιπός	remaining, the rest	0
loipois	λοιποῖς	λοιπός	remaining, the rest	0
loipou	λοιποῦ	λοιπός	remaining, the rest	0
loipon	λοιπόν	λοιπόν	further, besides	0
loipos	λοιπός	λοιπός	remaining, the rest	0
loipo	λοιπώ	λοιπός	remaining, the rest	0
loipes	λοιπῆς	λοιπός	remaining, the rest	0
loipon	λοιπῶν	λοιπός	remaining, the rest	0
loxos	λοξός	λοξός	Not straight	0
loxotes	λοξότης	λοξότης	obliquity	0
loxoo	λοξόω	λοξόω	to make slanting, oblique	0
lopas	λοπάς	λοπάς	flat dish, plate	0
lopizo	λοπίζω	λοπίζω	to peel off bark	0
lopos	λοπός	λοπός	peel	0
lordos	λορδός	λορδός	bent backward, so as to be convex in front	0
lordoo	λορδόω	λορδόω	to bend oneself backwards, supinely	0
louter	λουτήρ	λουτήρ	bathtub	0
loutiao	λουτιάω	λουτιάω	to wish to bathe	0
loutra	λουτρά	λουτρόν	bath, bathing-place	0
loutroin	λουτροῖν	λουτρόν	bath, bathing-place	0
loutrois	λουτροῖς	λουτρόν	bath, bathing-place	0
loutrou	λουτροῦ	λουτρόν	bath, bathing-place	0
loutron	λουτρόν	λουτρόν	bath, bathing-place	0
loutro	λουτρώ	λουτρόν	bath, bathing-place	0
lophnis	λοφνίς	λοφνίς	torch made of vine bark	0
lokhao	λοχάω	λοχάω	to lie in wait for, waylay, ambush	0
lokheos	λοχέος	λόχος	ambush	1
lokhesas	λοχήσας	λοχάω	to lie in wait for, waylay, ambush	0
lokhagos	λοχαγός	λοχαγός	leader of an armed band, especially the commander of a compa	1
loupes	λούπης	λούπης	kite (Milvus milvus)	0
louppis	λούππις	λούπης	kite (Milvus milvus)	0
lousanto	λούσαντο	λούω	to wash	0
lousas	λούσας	λούω	to wash	0
louo	λούω	λούω	to wash	0
loisthos	λοῖσθος	λοῖσθος	last, left behind, final	0
lousan	λοῦσαν	λούω	to wash	0
lousen	λοῦσεν	λούω	to wash	0
lousis	λοῦσις	λοῦσις	washing, bathing	0
lousson	λοῦσσον	λοῦσσον	white pith of the fir	0
lugra	λυγρά	λυγρός	sore, baneful, mournful	0
lugron	λυγρόν	λυγρός	sore, baneful, mournful	0
lugros	λυγρός	λυγρός	sore, baneful, mournful	0
lugres	λυγρῆς	λυγρός	sore, baneful, mournful	0
lugro	λυγρῷ	λυγρός	sore, baneful, mournful	0
ludion	λυδίων	λυδίων	ludio, a Roman stage performer or dancer	0
lukabas	λυκάβας	λυκάβας	year	0
lupeo	λυπέω	λυπέω	to give pain to, to pain, distress, grieve, vex	0
lupein	λυπεῖν	λυπέω	to give pain to, to pain, distress, grieve, vex	0
luperous	λυπηρούς	λυπηρός	painful, distressing	0
luperos	λυπηρός	λυπηρός	painful, distressing	0
lupou	λυποῦ	λυπέω	to give pain to, to pain, distress, grieve, vex	0
lupros	λυπρός	λυπρός	worthless	0
lurizo	λυρίζω	λυρίζω	to play the lyre	0
lurikos	λυρικός	λυρικός	Of or pertaining to the lyre	0
luristes	λυριστής	λυριστής	lyrist	0
lurtos	λυρτός	λυρτός	a cup or can	0
luseros	λυσέρως	λυσέρως	delivered from love	0
lusalges	λυσαλγής	λυσαλγής	that ends suffering	0
lusalgei	λυσαλγεῖ	λυσαλγής	that ends suffering	0
lusalge	λυσαλγῆ	λυσαλγής	that ends suffering	0
lusalgon	λυσαλγῶν	λυσαλγής	that ends suffering	0
lusanias	λυσανίας	λυσανίας	ending sorrow (Scholia Aristophanica, vol	0
luteain	λυτέαιν	λυτέος	one must loosen, solve, refute	0
luteos	λυτέος	λυτέος	one must loosen, solve, refute	0
luter	λυτήρ	λυτήρ	one who looses, deliverer	0
luterion	λυτήριον	λυτήριον	a remedy, cure	0
luterios	λυτήριος	λυτήριος	loosing, delivering, a symptom of healing	0
lutikos	λυτικός	λυτικός	able to loose, laxative	0
lutrota	λυτρωτά	λυτρωτής	ransomer, redeemer	0
lutrotas	λυτρωτάς	λυτρωτής	ransomer, redeemer	0
lutrote	λυτρωτέ	λυτρωτός	ransomable, redeemable	0
lutrotea	λυτρωτέα	λυτρωτέος	that must be ransomed	0
lutrotee	λυτρωτέε	λυτρωτέος	that must be ransomed	0
lutroteo	λυτρωτέω	λυτρωτέος	that must be ransomed	0
lutroten	λυτρωτήν	λυτρωτής	ransomer, redeemer	0
lutrotes	λυτρωτής	λυτρωτής	ransomer, redeemer	0
lutrotai	λυτρωταί	λυτρωτής	ransomer, redeemer	0
lutrotoi	λυτρωτοί	λυτρωτός	ransomable, redeemable	0
lutrotou	λυτρωτοῦ	λυτρωτής	ransomer, redeemer	0
lutroton	λυτρωτόν	λυτρωτός	ransomable, redeemable	0
lutrotos	λυτρωτός	λυτρωτός	ransomable, redeemable	0
lutroto	λυτρωτώ	λυτρωτός	ransomable, redeemable	0
lutrotes	λυτρωτῆς	λυτρωτός	ransomable, redeemable	0
lutrote	λυτρωτῇ	λυτρωτής	ransomer, redeemer	0
lutroton	λυτρωτῶν	λυτρωτής	ransomer, redeemer	0
lutroo	λυτρόω	λυτρόω	to release on receipt of a ransom, hold to ransom, for such	0
lutrosei	λυτρώσει	λύτρωσις	a ransoming, redemption of a pledge	0
lutoron	λυτόρων	λύτωρ	λυτήρ (lutḗr)	0
lutos	λυτός	λυτός	that may be untied, loosed or dissolved	0
lukhnis	λυχνίς	λυχνίς	rose campion (Silene coronaria, syn	0
loion	λωΐων	λωΐων	more desirable	0
lobon	λωβῶν	λώβη	disgrace, dishonor	0
loganion	λωγάνιον	λωγάνιον	dewlap of oxen	0
lorion	λωρίον	λωρίον	thong	0
lotos	λωτός	λωτός	name of various fodder plants	0
lobia	λόβια	λόβιον	fruit of the cowpea	1
lobion	λόβιον	λόβιον	fruit of the cowpea	1
loge	λόγε	λόγος	that which is said	1
logion	λόγιον	λόγιον	announcement	0
logios	λόγιος	λόγιος	versed in tales or stories	0
logoi	λόγοι	λόγος	that which is said	1
logoin	λόγοιν	λόγος	that which is said	1
logois	λόγοις	λόγος	that which is said	1
logon	λόγον	λόγος	that which is said	1
logos	λόγος	λόγος	that which is said	1
logou	λόγου	λόγος	that which is said	1
logous	λόγους	λόγος	that which is said	1
logkhai	λόγχαι	λόγχη	spearhead	0
logkhain	λόγχαιν	λόγχη	spearhead	0
logkhais	λόγχαις	λόγχη	spearhead	0
logkhas	λόγχας	λόγχη	spearhead	0
logkhe	λόγχη	λόγχη	spearhead	0
logkhen	λόγχην	λόγχη	spearhead	0
logkhes	λόγχης	λόγχη	spearhead	0
logo	λόγω	λόγος	that which is said	1
loxosis	λόξωσις	λόξωσις	obliquity	0
lopisma	λόπισμα	λόπισμα	bark	0
lophe	λόφε	λόφος	the back of the neck, the withers (of a horse), the nape (of	0
lophoi	λόφοι	λόφος	the back of the neck, the withers (of a horse), the nape (of	0
lophoin	λόφοιν	λόφος	the back of the neck, the withers (of a horse), the nape (of	0
lophois	λόφοις	λόφος	the back of the neck, the withers (of a horse), the nape (of	0
lophon	λόφον	λόφος	the back of the neck, the withers (of a horse), the nape (of	0
lophos	λόφος	λόφος	the back of the neck, the withers (of a horse), the nape (of	0
lophou	λόφου	λόφος	the back of the neck, the withers (of a horse), the nape (of	0
lophous	λόφους	λόφος	the back of the neck, the withers (of a horse), the nape (of	0
lopho	λόφω	λόφος	the back of the neck, the withers (of a horse), the nape (of	0
lokhoi	λόχοι	λόχος	ambush	1
lokhon	λόχον	λόχος	ambush	1
lokhos	λόχος	λόχος	ambush	1
lugde	λύγδη	λύγδη	white poplar (Populus alba)	0
lugdinos	λύγδινος	λύγδινος	of white marble	0
lugdos	λύγδος	λύγδος	white marble	0
luginos	λύγινος	λύγινος	of chaste tree	0
lugx	λύγξ	λύγξ	lynx	0
lugos	λύγος	λύγος	chaste tree (Vitex agnus-castus)	0
luzo	λύζω	λύζω	to hiccup	0
luthron	λύθρον	λύθρον	gore, defilement from blood	0
lukaina	λύκαινα	λύκαινα	she-wolf	0
lukapsos	λύκαψος	λύκαψος	viper's herb (Echium italicum)	0
lukion	λύκιον	λύκιον	dyer's buckthorn (Rhamnus saxatilis)	0
lukos	λύκος	λύκος	wolf	0
lume	λύμη	λύμη	brutal outrage	0
lumes	λύμης	λύμη	brutal outrage	0
lupe	λύπη	λύπη	grief, sadness	0
lura	λύρα	λύρα	lyre (string instrument with a sounding board, traditionally	1
lusas	λύσας	λύω	to loose	1
lusimos	λύσιμος	λύσιμος	able to loose or relieve	0
lusis	λύσις	λύσις	loosing, releasing, release, ransoming	1
lussa	λύσσα	λύσσα	rage	1
lutai	λύται	λύται	law-students who were in their fourth year of study	0
lutor	λύτωρ	λύτωρ	λυτήρ (lutḗr)	0
lutora	λύτορα	λύτωρ	λυτήρ (lutḗr)	0
lutoras	λύτορας	λύτωρ	λυτήρ (lutḗr)	0
lutores	λύτορες	λύτωρ	λυτήρ (lutḗr)	0
lutori	λύτορι	λύτωρ	λυτήρ (lutḗr)	0
lutoros	λύτορος	λύτωρ	λυτήρ (lutḗr)	0
lutorsi	λύτορσι	λύτωρ	λυτήρ (lutḗr)	0
lutorsin	λύτορσιν	λύτωρ	λυτήρ (lutḗr)	0
lutron	λύτρον	λύτρον	price of release, ransom	0
lutrosi	λύτρωσι	λύτρωσις	a ransoming, redemption of a pledge	0
lutrosin	λύτρωσιν	λύτρωσις	a ransoming, redemption of a pledge	0
lutrosis	λύτρωσις	λύτρωσις	a ransoming, redemption of a pledge	0
lukhnos	λύχνος	λύχνος	lamp	0
luo	λύω	λύω	to loose	1
loba	λώβα	λώβη	disgrace, dishonor	0
lobain	λώβαιν	λώβη	disgrace, dishonor	0
lobais	λώβαις	λώβη	disgrace, dishonor	0
lobas	λώβας	λώβη	disgrace, dishonor	0
lobe	λώβη	λώβη	disgrace, dishonor	0
loben	λώβην	λώβη	disgrace, dishonor	0
lobex	λώβηξ	λώβηξ	vulture	0
lobes	λώβης	λώβη	disgrace, dishonor	0
lope	λώπη	λώπη	covering, robe, mantle	0
lotinos	λώτινος	λώτινος	made of lotus wood	0
loion	λώϊον	λώϊον	more desirably	0
laas	λᾶας	λᾶας	stone	0
lesta	λῃστά	λῃστής	robber	0
lestas	λῃστάς	λῃστής	robber	0
lesten	λῃστήν	λῃστής	robber	0
lestes	λῃστής	λῃστής	robber	0
lestai	λῃσταί	λῃστής	robber	0
lestain	λῃσταῖν	λῃστής	robber	0
lestais	λῃσταῖς	λῃστής	robber	0
lesteia	λῃστεία	λῃστεία	robbery, piracy	0
lestikos	λῃστικός	λῃστικός	piratical	0
lestou	λῃστοῦ	λῃστής	robber	0
lestris	λῃστρίς	λῃστρίς	pirate vessel	0
leste	λῃστῇ	λῃστής	robber	0
leston	λῃστῶν	λῃστής	robber	0
lezomai	λῄζομαι	ληΐζομαι	to seize	0
ledon	λῆδον	λῆδον	gum rockrose (Cistus ladanifer), a shrub from which labdanum	0
ledos	λῆδος	λῆδος	light summer dress	0
lethai	λῆθαι	λήθη	oblivion	0
lethos	λῆθος	λῆθος	concealment	0
lemma	λῆμμα	λῆμμα	a thing received	1
lenos	λῆνος	λῆνος	wool	0
lexis	λῆξις	λῆξις	determination or appointment by lot	0
leros	λῆρος	λῆρος	trash, trumpery, trifle	0
lepsis	λῆψις	λῆψις	taking hold, seizing, catching	0
luma	λῦμα	λῦμα	wastewater	0
lusai	λῦσαι	λύω	to loose	1
luse	λῦσε	λύω	to loose	1
lobai	λῶβαι	λώβη	disgrace, dishonor	0
loma	λῶμα	λῶμα	hem, fringe, border of a robe	0
loros	λῶρος	λῶρος	lorum, thong	0
magadis	μάγαδις	μάγαδις	kind of instrument with twenty strings arranged in octaves	0
magganon	μάγγανον	μάγγανον	philtre, charm, means for bewitching others	0
magdolos	μάγδωλος	μάγδωλος	watchtower	0
mageiros	μάγειρος	μάγειρος	cook	1
magla	μάγλα	μάγλα	kind of spice mentioned in the Periplus of the Erythraean Se	0
magma	μάγμα	μάγμα	A kind of thick unguent	1
magnes	μάγνης	μάγνης	magnet	1
magos	μάγος	μάγος	magical	0
madara	μάδαρα	μάδαρα	kind of boat mentioned in the Periplus of the Erythraean Sea	0
madrua	μάδρυα	μάδρυα	plums	0
mathema	μάθημα	μάθημα	something that is learned	0
mathesis	μάθησις	μάθησις	the act of learning	1
mathos	μάθος	μάθος	learning	0
makar	μάκαρ	μάκαρ	blessed	1
makella	μάκελλα	μάκελλα	mattock, pick, used for digging or breaking up	0
makellon	μάκελλον	μάκελλον	enclosure	0
makir	μάκιρ	μάκιρ	macir, the fragrant resin of Ailanthus triphysa	0
maktra	μάκτρα	μάκτρα	kneading trough	0
mala	μάλα	μάλα	very, very much, exceedingly	0
malagma	μάλαγμα	μάλαγμα	an emollient	0
maldakon	μάλδακον	μάλδακον	bdellium	0
male	μάλη	μάλη	armpit, axilla	0
maltha	μάλθα	μάλθα	a mixture of wax and pitch used for caulking ships and on wr	1
malista	μάλιστα	μάλιστα	most, most of all, above all	0
malke	μάλκη	μάλκη	numbness from cold, especially in hands and feet	0
mamme	μάμμη	μάμμη	mamma	0
man	μάν	μήν	used to strengthen statements	0
mandalos	μάνδαλος	μάνδαλος	bolt of a door	0
mandra	μάνδρα	μάνδρα	enclosed space	0
manna	μάννα	μάννα	manna	1
mannos	μάννος	μάννος	necklace	0
mantis	μάντις	μάντις	prophet or seer	1
maragdos	μάραγδος	μάραγδος	apheretic form of σμᾰ́ρᾰγδος f or m (smắrăgdos, “emerald”)	0
maragna	μάραγνα	μάραγνα	lash, scourge	0
marathon	μάραθον	μάραθον	fennel	0
maransis	μάρανσις	μάρανσις	causing to die away	0
margos	μάργος	μάργος	mad, furious, rampant	0
mardos	μάρδος	μάρδος	A kind of flute	0
mare	μάρη	μάρη	hand	0
mares	μάρης	μάρη	hand	0
maris	μάρις	μάρις	measure for liquids, containing six cotyles	0
marmaros	μάρμαρος	μάρμαρος	crystalline rock	1
marnamai	μάρναμαι	μάρναμαι	to fight, battle	0
marnanto	μάρναντο	μάρναμαι	to fight, battle	0
marpto	μάρπτω	μάρπτω	to take hold of, catch, grasp	0
marron	μάρρον	μάρρον	iron spade	0
martus	μάρτυς	μάρτυς	witness	0
marpsas	μάρψας	μάρπτω	to take hold of, catch, grasp	0
masema	μάσημα	μάσημα	Something to chew, a quid	0
masesis	μάσησις	μάσησις	The act of chewing	0
masso	μάσσω	μάσσω	to handle	0
masson	μάσσων	μακρός	long	1
mastax	μάσταξ	μάσταξ	mouth, jaws, that with which one chews	1
mastix	μάστιξ	μάστιξ	horsewhip	0
mastixen	μάστιξεν	μαστίζω	to whip	0
mataia	μάταια	μάταια	frivolously	0
mataios	μάταιος	μάταιος	vain	0
mate	μάτη	μάτη	folly, fault	0
maten	μάτην	μάτην	in vain, fruitlessly	0
mater	μάτηρ	μήτηρ	mother	0
makhaira	μάχαιρα	μάχαιρα	large knife	0
makhe	μάχη	μάχη	battle, combat, fight	1
makhen	μάχην	μάχη	battle, combat, fight	1
makhimoi	μάχιμοι	μάχιμος	fit for battle, warlike	0
makhimos	μάχιμος	μάχιμος	fit for battle, warlike	0
makhlos	μάχλος	μάχλος	lewd, lustful (of women)	0
makhoito	μάχοιτο	μάχομαι	to make war, fight, battle	0
makhomai	μάχομαι	μάχομαι	to make war, fight, battle	0
makhonto	μάχοντο	μάχομαι	to make war, fight, battle	0
maps	μάψ	μάψ	in vain	0
mega	μέγα	μέγα	greatly	0
megathos	μέγαθος	μέγεθος	greatness, size	0
megaron	μέγαρον	μέγαρον	large room, hall	0
megas	μέγας	μέγας	big	0
megethos	μέγεθος	μέγεθος	greatness, size	0
megiston	μέγιστον	μέγιστον	most greatly	0
medimnos	μέδιμνος	μέδιμνος	corn measure, bushel	1
medomai	μέδομαι	μέδομαι	to provide for, think on, be mindful of, bethink one of	0
medontes	μέδοντες	μέδων	ruler	0
medos	μέδος	μέδος	mead	0
medo	μέδω	μέδω	to protect, rule over	0
medon	μέδων	μέδων	ruler	0
methexis	μέθεξις	μέθεξις	participation, partaking	0
methe	μέθη	μέθη	strong drink	0
methes	μέθης	μέθη	strong drink	0
methodos	μέθοδος	μέθοδος	following after, pursuit	0
methu	μέθυ	μέθυ	wine	0
melan	μέλαν	μέλαν	ink	0
melas	μέλας	μέλας	dark in color	1
melasma	μέλασμα	μέλασμα	A black or livid spot	0
meldomai	μέλδομαι	μέλδομαι	to melt	0
mele	μέλε	μέλε	friendly term of address for both sexes	0
melea	μέλεα	μέλος	part of a body, limb, member, part	0
melei	μέλει	μέλω	to be an object of care or interest	0
meleos	μέλεος	μέλεος	idle, useless, futile, vain	0
melesi	μέλεσι	μέλος	part of a body, limb, member, part	0
melesin	μέλεσιν	μέλος	part of a body, limb, member, part	0
melessi	μέλεσσι	μέλος	part of a body, limb, member, part	0
melessin	μέλεσσιν	μέλος	part of a body, limb, member, part	0
melei	μέλεϊ	μέλος	part of a body, limb, member, part	0
mele	μέλη	μέλος	part of a body, limb, member, part	0
melema	μέλημα	μέλημα	object of care, beloved object	0
meli	μέλι	μέλι	honey	0
melinos	μέλινος	μέλινος	ashen (made of ash-wood)	0
melissa	μέλισσα	μέλισσα	bee	0
melka	μέλκα	μέλκα	cooling food made from sour milk	0
melkion	μέλκιον	μέλκιον	spring, fountain	0
melle	μέλλε	μέλλω	to think of doing	0
mellei	μέλλει	μέλλω	to think of doing	0
mellein	μέλλειν	μέλλω	to think of doing	0
melleis	μέλλεις	μέλλω	to think of doing	0
mellen	μέλλεν	μέλλω	to think of doing	0
melletai	μέλλεται	μέλλω	to think of doing	0
melleton	μέλλετον	μέλλω	to think of doing	0
mellete	μέλλητε	μέλλω	to think of doing	0
melloi	μέλλοι	μέλλω	to think of doing	0
melloien	μέλλοιεν	μέλλω	to think of doing	0
melloimi	μέλλοιμι	μέλλω	to think of doing	0
mellois	μέλλοις	μέλλω	to think of doing	0
melloite	μέλλοιτε	μέλλω	to think of doing	0
melloito	μέλλοιτο	μέλλω	to think of doing	0
mellomen	μέλλομεν	μέλλω	to think of doing	0
mello	μέλλω	μέλλω	to think of doing	0
mellon	μέλλων	μέλλω	to think of doing	0
mellosi	μέλλωσι	μέλλω	to think of doing	0
mellosin	μέλλωσιν	μέλλω	to think of doing	0
melles	μέλλῃς	μέλλω	to think of doing	0
melos	μέλος	μέλος	part of a body, limb, member, part	0
melous	μέλους	μέλος	part of a body, limb, member, part	0
melpo	μέλπω	μέλπω	to celebrate with song and dance	0
melo	μέλω	μέλω	to be an object of care or interest	0
melon	μέλων	μέλω	to be an object of care or interest	0
memaa	μέμαα	μέμαα	to wish eagerly, strive, yearn, desire	0
memasan	μέμασαν	μέμονα	to be minded or inclined, intend	0
memelen	μέμηλεν	μέλω	to be an object of care or interest	0
memnemai	μέμνημαι	μιμνήσκω	to remind [with accusative ‘someone’ and genitive ‘of someth	0
memnetai	μέμνηται	μιμνήσκω	to remind [with accusative ‘someone’ and genitive ‘of someth	0
memne	μέμνῃ	μιμνήσκω	to remind [with accusative ‘someone’ and genitive ‘of someth	0
memona	μέμονα	μέμονα	to be minded or inclined, intend	0
memonas	μέμονας	μέμονα	to be minded or inclined, intend	0
men	μέν	μέν	on the one hand, while, whereas (often left untranslated)	0
mene	μένε	μένω	to stay, wait	0
menea	μένεα	μένος	mind	0
menei	μένει	μένω	to stay, wait	0
menein	μένειν	μένω	to stay, wait	0
meneis	μένεις	μένω	to stay, wait	0
menen	μένεν	μένω	to stay, wait	0
meneos	μένεος	μένος	mind	0
meneske	μένεσκε	μένω	to stay, wait	0
meneskon	μένεσκον	μένω	to stay, wait	0
menei	μένεϊ	μένος	mind	0
menete	μένητε	μένω	to stay, wait	0
menoi	μένοι	μένω	to stay, wait	0
menoien	μένοιεν	μένω	to stay, wait	0
menoimi	μένοιμι	μένω	to stay, wait	0
menois	μένοις	μένω	to stay, wait	0
menomen	μένομεν	μένω	to stay, wait	0
menon	μένον	μένω	to stay, wait	0
menos	μένος	μένος	mind	0
mentoi	μέντοι	μέντοι	yet, however, nevertheless	0
meno	μένω	μένω	to stay, wait	0
menosin	μένωσιν	μένω	to stay, wait	0
menes	μένῃς	μένω	to stay, wait	0
merea	μέρεα	μέρος	part, component, region	0
merei	μέρει	μέρος	part, component, region	0
meresi	μέρεσι	μέρος	part, component, region	0
meresin	μέρεσιν	μέρος	part, component, region	0
mereus	μέρευς	μέρος	part, component, region	0
merimna	μέριμνα	μέριμνα	care, thought, solicitude	0
merisma	μέρισμα	μέρισμα	part	0
mermera	μέρμερα	μέρμερος	mischievous, baneful	0
mermeron	μέρμερον	μέρμερος	mischievous, baneful	0
mermeros	μέρμερος	μέρμερος	mischievous, baneful	0
mermis	μέρμις	μέρμις	cord, string, rope	0
mermnos	μέρμνος	μέρμνος	sort of hawk	0
meros	μέρος	μέρος	part, component, region	0
merous	μέρους	μέρος	part, component, region	0
merops	μέροψ	μέροψ	epithet of men	0
mesa	μέσα	μέσος	middle of, between, amidst	0
mesai	μέσαι	μέσος	middle of, between, amidst	0
mesain	μέσαιν	μέσος	middle of, between, amidst	0
mesais	μέσαις	μέσος	middle of, between, amidst	0
mesaiin	μέσαιϊν	μέσος	middle of, between, amidst	0
mesaklon	μέσακλον	μέσακλον	weaver's beam	0
mesas	μέσας	μέσος	middle of, between, amidst	0
mese	μέσε	μέσος	middle of, between, amidst	0
meseo	μέσεω	μέσης	a north-northeasterly wind	0
mesen	μέσην	μέσος	middle of, between, amidst	0
meses	μέσης	μέσης	a north-northeasterly wind	0
meskos	μέσκος	μέσκος	sheepskin, fleece	0
mesoi	μέσοι	μέσος	middle of, between, amidst	0
mesoin	μέσοιν	μέσος	middle of, between, amidst	0
mesoio	μέσοιο	μέσος	middle of, between, amidst	0
mesois	μέσοις	μέσος	middle of, between, amidst	0
mesoisi	μέσοισι	μέσος	middle of, between, amidst	0
mesoisin	μέσοισιν	μέσος	middle of, between, amidst	0
mesoiin	μέσοιϊν	μέσος	middle of, between, amidst	0
meson	μέσον	μέσος	middle of, between, amidst	0
mesos	μέσος	μέσος	middle of, between, amidst	0
mesou	μέσου	μέσος	middle of, between, amidst	0
mesous	μέσους	μέσος	middle of, between, amidst	0
mespilon	μέσπιλον	μέσπιλον	medlar (Mespilus germanica)	0
messos	μέσσος	μέσος	middle of, between, amidst	0
meso	μέσω	μέσος	middle of, between, amidst	0
meses	μέσῃς	μέσος	middle of, between, amidst	0
mesesi	μέσῃσι	μέσος	middle of, between, amidst	0
mesesin	μέσῃσιν	μέσος	middle of, between, amidst	0
meta	μέτα	μέτα	paroxytone form of μετᾰ́ (metắ)	0
metallon	μέταλλον	μέταλλον	a mine, quarry, or salt pit	0
metaxa	μέταξα	μέταξα	raw silk	0
meteimi	μέτειμι	μέτειμι	to be among	0
metoike	μέτοικε	μέτοικος	metic	1
metoikos	μέτοικος	μέτοικος	metic	1
metokhos	μέτοχος	μέτοχος	sharing in, partaking of	0
metra	μέτρα	μέτρον	something used to measure	1
metrios	μέτριος	μέτριος	moderate, average, mean	0
metroin	μέτροιν	μέτρον	something used to measure	1
metrois	μέτροις	μέτρον	something used to measure	1
metron	μέτρον	μέτρον	something used to measure	1
metrou	μέτρου	μέτρον	something used to measure	1
metro	μέτρω	μέτρον	something used to measure	1
metopon	μέτωπον	μέτωπον	brow, forehead	0
mekhri	μέχρι	μέχρι	until	0
mekhris	μέχρις	μέχρι	until	0
medea	μήδεα	μήδεα	counsel, plan, art, prudence, cunning	0
medeto	μήδετο	μήδομαι	to contrive, devise, plot	0
medomai	μήδομαι	μήδομαι	to contrive, devise, plot	0
mekea	μήκεα	μῆκος	length (spatial measurement)	0
mekei	μήκει	μῆκος	length (spatial measurement)	0
mekeos	μήκεος	μῆκος	length (spatial measurement)	0
mekesi	μήκεσι	μῆκος	length (spatial measurement)	0
mekesin	μήκεσιν	μῆκος	length (spatial measurement)	0
mekous	μήκους	μῆκος	length (spatial measurement)	0
mekon	μήκων	μήκων	opium poppy (Papaver somniferum)	1
mele	μήλη	μήλη	surgical probe	0
melinos	μήλινος	μήλινος	of or made of apples	0
meloin	μήλοιν	μῆλον	apple	0
melois	μήλοις	μῆλον	apple	0
melou	μήλου	μῆλον	apple	0
melo	μήλω	μῆλον	apple	0
melon	μῆλον	μῆλον	apple	0
men	μήν	μήν	used to strengthen statements	0
mene	μήνη	μήνη	moon	0
menion	μήνιον	μήνιον	common peony (Paeonia officinalis)	0
mepote	μήποτε	μήποτε	never, on no account	0
mepo	μήπω	μήπω	not yet	0
merux	μήρυξ	μήρυξ	A ruminant	0
mesato	μήσατο	μήδομαι	to contrive, devise, plot	0
mestor	μήστωρ	μήστωρ	counselor, adviser	0
mestora	μήστωρα	μήστωρ	counselor, adviser	0
mete	μήτε	μήτε	and not, neither	0
meter	μήτηρ	μήτηρ	mother	0
meti	μήτι	μήτι	so that nothing, lest anything	0
metis	μήτις	μήτις	so that no one, lest anyone	0
metra	μήτρα	μήτρα	womb	0
metroos	μήτρωος	μήτρως	maternal uncle	0
metros	μήτρως	μήτρως	maternal uncle	0
mia	μία	εἷς	one	0
mian	μίαν	εἷς	one	0
miasma	μίασμα	μίασμα	pollution, defilement	1
migma	μίγμα	μίγμα	a mixture	0
migmatos	μίγματος	μίγμα	a mixture	0
mignumi	μίγνυμι	μίγνυμι	to mix	0
midas	μίδας	μίδας	A destructive insect in grains	0
mien	μίην	εἷς	one	0
milion	μίλιον	μίλιον	Roman mile (1,535 metres)	0
miltinos	μίλτινος	μίλτινος	made of ruddle	0
miltos	μίλτος	μίλτος	ruddle, red ochre	0
mimarkus	μίμαρκυς	μίμαρκυς	hare-soup or jugged hare, with the blood of the animal in it	0
mimesis	μίμησις	μίμησις	simulation	0
mimnein	μίμνειν	μίμνω	to stay	0
mimnete	μίμνετε	μίμνω	to stay	0
mimneto	μίμνετο	μίμνω	to stay	0
mimnon	μίμνον	μίμνω	to stay	0
mimno	μίμνω	μίμνω	to stay	0
minthe	μίνθη	μίνθη	mint (Mentha viridis)	0
minthos	μίνθος	μίνθος	shit, especially of humans	0
minion	μίνιον	μίνιον	minium, a substance similar to cinnabar	0
minuntha	μίνυνθα	μίνυνθα	for a little while	0
mixis	μίξις	μίξις	a mixing	0
misei	μίσει	μῖσος	hatred	0
mise	μίση	μῖσος	hatred	0
misema	μίσημα	μίσημα	object of hate	0
misthios	μίσθιος	μίσθιος	salaried, hired	0
misous	μίσους	μῖσος	hatred	0
misu	μίσυ	μίσυ	copper ore found in Cyprus	0
miskhos	μίσχος	μίσχος	stalk of leaves or fruit, petiole	0
mitos	μίτος	μίτος	thread of the warp	0
mitra	μίτρα	μίτρα	A metal guard worn round the waist	0
mainetai	μαίνεται	μαίνομαι	to rage	0
maine	μαίνη	μαίνη	blotched picarel (Spicara maena)	0
mainomai	μαίνομαι	μαίνομαι	to rage	0
maiomai	μαίομαι	μαίομαι	to seek	0
magis	μαγίς	μαγίς	any kneaded mass, cake	0
magazion	μαγαζίον	μαγαζίον	warehouse	0
mageia	μαγεία	μαγεία	theology of the Magians	0
magika	μαγικά	μαγικός	magical	0
magike	μαγική	μαγικός	magical	0
magikoi	μαγικοί	μαγικός	magical	0
magikous	μαγικούς	μαγικός	magical	0
magikos	μαγικός	μαγικός	magical	0
magnesia	μαγνησία	μαγνησία	name of several ores and metallic amalgams	1
madao	μαδάω	μαδάω	to be moist	0
madara	μαδαρά	μαδαρός	moist, wet	0
madaran	μαδαράν	μαδαρός	moist, wet	0
madaras	μαδαράς	μαδαρός	moist, wet	0
madare	μαδαρέ	μαδαρός	moist, wet	0
madarai	μαδαραί	μαδαρός	moist, wet	0
madarain	μαδαραῖν	μαδαρός	moist, wet	0
madarais	μαδαραῖς	μαδαρός	moist, wet	0
madaroi	μαδαροί	μαδαρός	moist, wet	0
madarous	μαδαρούς	μαδαρός	moist, wet	0
madaroin	μαδαροῖν	μαδαρός	moist, wet	0
madarois	μαδαροῖς	μαδαρός	moist, wet	0
madarou	μαδαροῦ	μαδαρός	moist, wet	0
madaron	μαδαρόν	μαδαρός	moist, wet	0
madaros	μαδαρός	μαδαρός	moist, wet	0
madaro	μαδαρώ	μαδαρός	moist, wet	0
mathalis	μαθαλίς	μαθαλίς	kind of cup, used as a unit of measure	0
mathetes	μαθητής	μαθητής	learner	0
mathon	μαθών	μανθάνω	to learn	0
makarios	μακάριος	μακάριος	blessed, happy	0
makaron	μακάρων	μάκαρ	blessed	1
makelas	μακέλας	μακέλας	kind of priest in Lydia	0
makaria	μακαρία	μακαρία	happiness	0
makarizo	μακαρίζω	μακαρίζω	to bless, deem or pronounce happy	0
makednos	μακεδνός	μακεδνός	tall, taper	0
makran	μακράν	μακράν	far	0
makren	μακρήν	μακρός	long	1
makrois	μακροῖς	μακρός	long	1
makros	μακρός	μακρός	long	1
makron	μακρῶν	μακρός	long	1
makuno	μακύνω	μηκύνω	to lengthen	0
makon	μακών	μηκάομαι	to bleat	0
malasso	μαλάσσω	μαλάσσω	to soften (especially a material like leather or metal)	1
malakhe	μαλάχη	μαλάχη	mallow	0
malakia	μαλακία	μαλακία	softness	1
malakos	μαλακός	μαλακός	soft	1
maleros	μαλερός	μαλερός	fierce, raging	0
mallos	μαλλός	μαλλός	flock of wool	0
mammia	μαμμία	μαμμία	mommy	0
mamonas	μαμωνᾶς	μαμωνᾶς	wealth	1
manasios	μανάσιος	μανάσιος	kind of corn-measure	0
mania	μανία	μανία	madness	0
mandele	μανδήλη	μανδήλη	towel	0
mandua	μανδύα	μανδύα	woollen cloak	0
manduas	μανδύας	μανδύας	cloak, cape, mantle	0
manthano	μανθάνω	μανθάνω	to learn	0
maniakes	μανιάκης	μανιάκης	necklace	0
maniakou	μανιάκου	μανιάκης	necklace	0
maniakos	μανιακός	μανιακός	causing insanity	0
manikos	μανικός	μανικός	of or relating to madness	1
manteia	μαντεία	μαντεία	prophecy, divination, oracle	1
manteio	μαντείῳ	μαντεῖος	oracular, prophetic	0
manteia	μαντεῖα	μαντεῖον	oracle	0
manteion	μαντεῖον	μαντεῖον	oracle	0
manteios	μαντεῖος	μαντεῖος	oracular, prophetic	0
manteie	μαντηΐη	μαντεία	prophecy, divination, oracle	1
mantike	μαντική	μαντικός	prophetic, oracular	0
mantikon	μαντικόν	μαντικός	prophetic, oracular	0
mantikos	μαντικός	μαντικός	prophetic, oracular	0
manos	μανός	μανός	porous	0
manuo	μανύω	μηνύω	to show	0
marile	μαρίλη	μαρίλη	embers of charcoal, coaldust	0
mariskos	μαρίσκος	μαρίσκος	swamp sawgrass (Cladium mariscus)	0
maraino	μαραίνω	μαραίνω	to quench (fire)	0
maraugeo	μαραυγέω	μαραυγέω	to contract the pupil when exposed to light	0
marieus	μαριεύς	μαριεύς	stone that takes fire when water is poured on it	0
marikas	μαρικᾶς	μαρικᾶς	catamite (a passive male sexual partner)	0
marmairo	μαρμαίρω	μαρμαίρω	to flash, sparkle, glisten, gleam	0
martureo	μαρτυρέω	μαρτυρέω	to bear witness, testify, give evidence	0
marturia	μαρτυρία	μαρτυρία	testimony	0
marinos	μαρῖνος	μαρῖνος	unknown kind of fish, perhaps a barbel or a flatfish	0
masaomai	μασάομαι	μασάομαι	to chew	0
maseter	μασητήρ	μασητήρ	A chewer	1
mastizo	μαστίζω	μαστίζω	to whip	0
mastikhe	μαστίχη	μαστίχη	mastic	1
mastigoo	μαστιγόω	μαστιγόω	to whip	0
mastos	μαστός	μαστός	a breast (organ containing mammary glands)	1
maskhale	μασχάλη	μασχάλη	armpit, axilla	0
mattue	ματτύη	ματτύη	Macedonian or Thessalian dish made of hashed meat, poultry a	0
mauros	μαυρός	μαυρός	dark, dusky	0
makhetes	μαχητής	μαχητής	fighter, warrior	0
maia	μαῖα	μαῖα	midwife	0
meidesen	μείδησεν	μειδάω	to smile	0
meizona	μείζονα	μείζων	village elder	0
meizonas	μείζονας	μείζων	village elder	0
meizone	μείζονε	μείζων	village elder	0
meizones	μείζονες	μείζων	village elder	0
meizoni	μείζονι	μείζων	village elder	0
meizonos	μείζονος	μείζων	village elder	0
meizosi	μείζοσι	μείζων	village elder	0
meizosin	μείζοσιν	μείζων	village elder	0
meizous	μείζους	μείζων	village elder	0
meizo	μείζω	μείζων	village elder	0
meizon	μείζων	μείζων	village elder	0
meiligma	μείλιγμα	μείλιγμα	that which soothes	0
meilinos	μείλινος	μείλινος	metrically lengthened form of μέλινος (mélinos)	0
meinas	μείνας	μένω	to stay, wait	0
meiromai	μείρομαι	μείρομαι	to receive as one's portion	0
meis	μείς	μείς	month	0
meion	μείων	μείων	less	0
meiosis	μείωσις	μείωσις	diminution	1
megalos	μεγάλος	μέγας	big	0
megaroio	μεγάροιο	μέγαρον	large room, hall	0
megarois	μεγάροις	μέγαρον	large room, hall	0
megaro	μεγάρῳ	μέγαρον	large room, hall	0
megethea	μεγέθεα	μέγεθος	greatness, size	0
megethei	μεγέθει	μέγεθος	greatness, size	0
megethe	μεγέθη	μέγεθος	greatness, size	0
megairo	μεγαίρω	μεγαίρω	to grudge, begrudge	0
megethon	μεγεθῶν	μέγεθος	greatness, size	0
medeon	μεδέων	μεδέων	guardian	0
methusko	μεθύσκω	μεθύσκω	to intoxicate, make drunk	0
methuo	μεθύω	μεθύω	to get drunk, to be drunk	0
meidao	μειδάω	μειδάω	to smile	0
meidiao	μειδιάω	μειδιάω	to smile	0
meizonon	μειζόνων	μείζων	village elder	0
meilisso	μειλίσσω	μειλίσσω	to make mild, soothe, treat kindly	0
meilikhe	μειλίχη	μειλίχη	boxing glove which left the fingers bare	0
meioo	μειόω	μειόω	to lessen, diminish, subtract, temper	0
melanion	μελάνιον	μελάνιον	ink	0
meledema	μελέδημα	μελέδημα	care	0
meleessi	μελέεσσι	μέλος	part of a body, limb, member, part	0
meletas	μελέτας	μελέτη	care, attention	0
melete	μελέτη	μελέτη	care, attention	0
meletema	μελέτημα	μελέτημα	exercise, particularly a learning exercise	0
meleto	μελέτω	μέλω	to be an object of care or interest	0
meleon	μελέων	μέλος	part of a body, limb, member, part	0
melesei	μελήσει	μέλω	to be an object of care or interest	0
melia	μελία	μελία	manna ash (Fraxinus ornus)	0
meline	μελίνη	μελίνη	foxtail millet (Setaria italica)	0
melaino	μελαίνω	μελαίνω	to blacken, render black	0
melainas	μελαινάς	μελαινάς	kind of blackish fish	0
meletao	μελετάω	μελετάω	to care for, attend to	0
meliedes	μελιηδής	μελιηδής	honey-sweet	0
melikos	μελικός	μελικός	lyric, lyrical	0
melleto	μελλέτω	μέλλω	to think of doing	0
mellesei	μελλήσει	μέλλω	to think of doing	0
mellesoi	μελλήσοι	μέλλω	to think of doing	0
melleso	μελλήσω	μέλλω	to think of doing	0
melletas	μελλητάς	μελλητής	one who delays, dawdler, procrastinator	0
melletes	μελλητής	μελλητής	one who delays, dawdler, procrastinator	0
melonton	μελόντων	μέλω	to be an object of care or interest	0
melugion	μελύγιον	μελύγιον	A kind of alcoholic beverage, perhaps mead, among the Scythi	0
melodia	μελῳδία	μελῳδία	song, singing	0
melon	μελῶν	μέλος	part of a body, limb, member, part	0
memaasin	μεμάασιν	μέμαα	to wish eagerly, strive, yearn, desire	0
memaos	μεμαώς	μέμονα	to be minded or inclined, intend	0
membrana	μεμβράνα	μεμβράνα	membrana, parchment	0
membras	μεμβράς	μεμβράς	small kind of sprat or anchovy	0
meneei	μενέει	μενέει	uncontracted third-person singular future active indicative	0
meneein	μενέειν	μενέειν	uncontracted future active infinitive of μένω (ménō)	0
meneeis	μενέεις	μενέεις	uncontracted second-person singular future active indicative	0
meneomen	μενέομεν	μενέομεν	uncontracted first-person plural future active indicative of	0
meneousi	μενέουσι	μενέουσι	uncontracted third-person plural future active indicative of	0
meneten	μενέτην	μένω	to stay, wait	0
meneto	μενέτω	μένω	to stay, wait	0
meneaino	μενεαίνω	μενεαίνω	to desire eagerly	0
meneite	μενεῖτε	μένω	to stay, wait	0
meneiton	μενεῖτον	μένω	to stay, wait	0
menthere	μενθήρη	μενθήρη	thought, care, attention	0
menoinao	μενοινάω	μενοινάω	to desire eagerly	0
menoina	μενοινᾷ	μενοινάω	to desire eagerly	0
menoinas	μενοινᾷς	μενοινάω	to desire eagerly	0
menoumen	μενοῦμεν	μένω	to stay, wait	0
mentan	μεντἄν	μέντοι	yet, however, nevertheless	0
mereon	μερέων	μέρος	part, component, region	0
merida	μερίδα	μερίς	part, portion, share, parcel	1
meridas	μερίδας	μερίς	part, portion, share, parcel	1
merides	μερίδες	μερίς	part, portion, share, parcel	1
meridon	μερίδων	μερίς	part, portion, share, parcel	1
merizo	μερίζω	μερίζω	to sever, cut off, divide	0
meris	μερίς	μερίς	part, portion, share, parcel	1
merika	μερικά	μερικός	partial	0
merike	μερικέ	μερικός	partial	0
merikoi	μερικοί	μερικός	partial	0
merikous	μερικούς	μερικός	partial	0
merikos	μερικός	μερικός	partial	0
merimnao	μεριμνάω	μεριμνάω	to be worried, preoccupied	0
merismos	μερισμός	μερισμός	dividing, division	1
meristos	μεριστός	μεριστός	separate, divided	0
meropon	μερόπων	μέροψ	epithet of men	0
meron	μερῶν	μέρος	part, component, region	0
mesaon	μεσάων	μέσος	middle of, between, amidst	0
meseon	μεσέων	μέσος	middle of, between, amidst	0
mesites	μεσίτης	μεσίτης	mediator, umpire, arbitrator	0
mesegu	μεσηγύ	μεσηγύ	in the middle	0
messegus	μεσσηγύς	μεσηγύ	in the middle	0
mestos	μεστός	μεστός	full	0
mestoo	μεστόω	μεστόω	to fill	0
mesodmai	μεσόδμαι	μεσόδμη	mast-block, cross-beam with a hole to hold the mast	0
mesodme	μεσόδμη	μεσόδμη	mast-block, cross-beam with a hole to hold the mast	0
mesodmen	μεσόδμην	μεσόδμη	mast-block, cross-beam with a hole to hold the mast	0
mesodmes	μεσόδμης	μεσόδμη	mast-block, cross-beam with a hole to hold the mast	0
meta	μετά	μετά	[with genitive]	0
metanoia	μετάνοια	μετάνοια	afterthought, repentance	1
meteeipe	μετέειπε	μεταφωνέω	to address, speak among (with the dative plural)	0
metephe	μετέφη	μετάφημι	to speak among or to	0
metekhei	μετέχει	μετέχω	to partake of	0
metekho	μετέχω	μετέχω	to partake of	0
meteoron	μετέωρον	μετέωρος	lifted up, on high, in air	0
meteoros	μετέωρος	μετέωρος	lifted up, on high, in air	0
metabole	μεταβολή	μεταβολή	change	0
metallao	μεταλλάω	μεταλλάω	to seek after	0
metanoeo	μετανοέω	μετανοέω	to perceive afterwards or too late	0
metaxu	μεταξύ	μεταξύ	between	0
metastas	μεταστάς	μεθίστημι	to alter, change (transitive)	0
metaudao	μεταυδάω	μεταυδάω	to speak among, address	0
meteuda	μετηύδα	μεταυδάω	to speak among, address	0
metoikia	μετοικία	μετοικία	change of abode, migration	0
metokhe	μετοχή	μετοχή	participation	0
metreo	μετρέω	μετρέω	to measure, mete	0
metriois	μετρίοις	μέτριος	moderate, average, mean	0
metretos	μετρητός	μετρητός	measurable	0
metriazo	μετριάζω	μετριάζω	to be moderate	0
metrikos	μετρικός	μετρικός	metrical	0
meton	μετόν	μετόν	a share (in something)	0
metope	μετόπη	μετόπη	metope	1
meton	μετών	μέτειμι	to be among	0
metopo	μετώπῳ	μέτωπον	brow, forehead	0
meu	μευ	μου	"of me", "than me", etc	0
meinai	μεῖναι	μένω	to stay, wait	0
meine	μεῖνε	μένω	to stay, wait	0
meirax	μεῖραξ	μεῖραξ	young girl	0
mede	μηδέ	μηδέ	but not, and not, nor	0
meden	μηδέν	μηδείς	and not one	0
medena	μηδένα	μηδείς	and not one	0
medepote	μηδέποτε	μηδέποτε	never	0
medepo	μηδέπω	μηδέπω	nor as yet, not as yet	0
medizo	μηδίζω	μηδίζω	to Medize, ally with the Medians or adopt the Median culture	1
medamoi	μηδαμοί	μηδαμοί	not even one, none at all	0
medamou	μηδαμοῦ	μηδαμοῦ	nowhere	0
medamos	μηδαμῶς	μηδαμῶς	By no means, in no way, not at all	0
medeis	μηδείς	μηδείς	and not one	0
medemia	μηδεμία	μηδείς	and not one	0
medemian	μηδεμίαν	μηδείς	and not one	0
medemias	μηδεμιᾶς	μηδείς	and not one	0
medeni	μηδενί	μηδείς	and not one	0
medenos	μηδενός	μηδείς	and not one	0
medismos	μηδισμός	μηδισμός	Medism (adoption of Persian interests by a Greek)	1
mekaomai	μηκάομαι	μηκάομαι	to bleat	0
meketi	μηκέτι	μηκέτι	no more, no longer, no further	0
mekoin	μηκοῖν	μῆκος	length (spatial measurement)	0
mekuno	μηκύνω	μηκύνω	to lengthen	0
mekonion	μηκώνιον	μηκώνιον	opium	1
mekon	μηκῶν	μῆκος	length (spatial measurement)	0
melates	μηλάτης	μηλάτης	shepherd	0
melea	μηλέα	μηλέα	apple tree	1
melote	μηλωτή	μηλωτή	sheepskin	0
melotris	μηλωτρίς	μηλωτρίς	instrument for probing, especially for cleaning the ears	0
meni	μηνί	μήν	used to strengthen statements	0
meniskos	μηνίσκος	μηνίσκος	crescent	1
menio	μηνίω	μηνίω	to be wroth against somebody	0
menoin	μηνοῖν	μείς	month	0
menos	μηνός	μείς	month	0
menuo	μηνύω	μηνύω	to show	0
menon	μηνῶν	μήν	used to strengthen statements	0
merion	μηρίον	μηρίον	femur, thighbone	0
merous	μηρούς	μηρός	a thigh	0
merou	μηροῦ	μηρός	a thigh	0
meron	μηρόν	μηρός	a thigh	0
meros	μηρός	μηρός	a thigh	0
mero	μηρώ	μηρός	a thigh	0
mesi	μησί	μήν	used to strengthen statements	0
mesin	μησίν	μήν	used to strengthen statements	0
metera	μητέρα	μήτηρ	mother	0
meteras	μητέρας	μήτηρ	mother	0
meteres	μητέρες	μήτηρ	mother	0
meteri	μητέρι	μήτηρ	mother	0
meteros	μητέρος	μήτηρ	mother	0
meteron	μητέρων	μήτηρ	mother	0
metieta	μητίετα	μητίετα	counselor	0
metrasi	μητράσι	μήτηρ	mother	0
metrasin	μητράσιν	μήτηρ	mother	0
metri	μητρί	μήτηρ	mother	0
metruia	μητρυιά	μητρυιά	stepmother	0
metros	μητρός	μήτηρ	mother	0
metroos	μητρῷος	μητρῷος	maternal	0
mekhanao	μηχανάω	μηχανάω	to contrive, set at work, perpetrate	0
mekhane	μηχανή	μηχανή	contrivance, machine, device, gear	0
miaino	μιαίνω	μιαίνω	to paint	0
miaros	μιαρός	μιαρός	stained with blood, unclean, dirty, polluted	0
mikra	μικρά	μικρός	little, small	0
mikron	μικρόν	μικρός	little, small	0
mikros	μικρός	μικρός	little, small	0
milteion	μιλτεῖον	μιλτεῖον	vessel for storing ruddle	0
milphos	μιλφός	μιλφός	one who suffers from the falling of the eyelashes	0
mimeomai	μιμέομαι	μιμέομαι	to mimic	0
mimikos	μιμικός	μιμικός	of or pertaining to mimes or actors	0
mimnazo	μιμνάζω	μίμνω	to stay	0
mimnesko	μιμνήσκω	μιμνήσκω	to remind [with accusative ‘someone’ and genitive ‘of someth	0
mimou	μιμοῦ	μῖμος	mime	1
min	μιν	οὗ	"of him/her/it", "than him/her/it", etc	0
minurizo	μινυρίζω	μινυρίζω	to complain in a low tone, whimper, whine	0
minuros	μινυρός	μινυρός	complaining in a low tone, whining, whimpering	0
minuthei	μινύθει	μινύθω	to decrease, reduce	0
minutho	μινύθω	μινύθω	to decrease, reduce	0
mixother	μιξόθηρ	μιξόθηρ	half-beast	0
miseo	μισέω	μισέω	to hate	0
misetia	μισητία	μισητία	odious lasciviousness	0
misetos	μισητός	μισητός	repugnant	0
misthois	μισθοῖς	μισθός	wages, pay, hire	0
misthou	μισθοῦ	μισθός	wages, pay, hire	0
misthota	μισθωτά	μισθωτός	hired, to be hired	0
misthote	μισθωτέ	μισθωτός	hired, to be hired	0
misthon	μισθόν	μισθός	wages, pay, hire	0
misthos	μισθός	μισθός	wages, pay, hire	0
misthoo	μισθόω	μισθόω	to hire	0
mistho	μισθῷ	μισθός	wages, pay, hire	0
mistullo	μιστύλλω	μιστύλλω	to cut up (meat)	0
mias	μιᾶς	εἷς	one	0
mie	μιῇ	εἷς	one	0
mnaomai	μνάομαι	μνάομαι	to be mindful, remember, come (have) in remembrance	0
mnasion	μνάσιον	μνάσιον	earth almond (Cyperus esculentus), nutgrass	0
mnema	μνήμα	μνήμη	memory, remembrance	0
mneme	μνήμη	μνήμη	memory, remembrance	0
mnemen	μνήμην	μνήμη	memory, remembrance	0
mnemes	μνήμης	μνήμη	memory, remembrance	0
mnemon	μνήμων	μνήμων	mindful	0
mnesanto	μνήσαντο	μιμνήσκω	to remind [with accusative ‘someone’ and genitive ‘of someth	0
mnasteuo	μναστεύω	μνηστεύω	to espouse, betroth	0
mnai	μναῖ	μνᾶ	sum of money equivalent to a hundred drachmas	0
mnemeiou	μνημείου	μνημεῖον	any memorial, remembrance, record of a person or thing	0
mnemeion	μνημεῖον	μνημεῖον	any memorial, remembrance, record of a person or thing	0
mnemeio	μνημείῳ	μνημεῖον	any memorial, remembrance, record of a person or thing	0
mnemeia	μνημεῖα	μνημεῖον	any memorial, remembrance, record of a person or thing	0
mnemon	μνημῶν	μνήμη	memory, remembrance	0
mnester	μνηστήρ	μνηστήρ	suitor, wooer	0
mnesteuo	μνηστεύω	μνηστεύω	to espouse, betroth	0
mnestos	μνηστός	μνηστός	wedded	0
mnoos	μνόος	μνόος	fine, soft down, as of young birds	0
mna	μνᾶ	μνᾶ	sum of money equivalent to a hundred drachmas	0
mnas	μνᾶς	μνᾶ	sum of money equivalent to a hundred drachmas	0
mnasthai	μνᾶσθαι	μνάομαι	to be mindful, remember, come (have) in remembrance	0
mnema	μνῆμα	μνῆμα	memorial	0
mnesai	μνῆσαι	μιμνήσκω	to remind [with accusative ‘someone’ and genitive ‘of someth	0
mnestis	μνῆστις	μνῆστις	remembrance, recollection	0
mnontai	μνῶνται	μνάομαι	to be mindful, remember, come (have) in remembrance	0
mogeo	μογέω	μογέω	to toil, labor	0
mogesas	μογήσας	μογέω	to toil, labor	0
mogeros	μογερός	μογερός	toiling, distressed, wretched	0
moikhos	μοιχός	μοιχός	adulterer, paramour	0
mokrotou	μοκρότου	μοκρότου	kind of frankincense mentioned in the Periplus of the Erythr	0
molgos	μολγός	μολγός	bag made of cow hide	0
molobron	μολοβρόν	μολοβρός	term of abuse or depreciation applied to a beggar, of uncert	0
molobros	μολοβρός	μολοβρός	term of abuse or depreciation applied to a beggar, of uncert	0
molpe	μολπή	μολπή	dance	0
molpes	μολπῆς	μολπή	dance	0
molokhe	μολόχη	μαλάχη	mallow	0
molubdo	μολύβδῳ	μόλυβδος	lead (metal)	0
moluno	μολύνω	μολύνω	to stain	0
molon	μολών	βλώσκω	come, go	0
momphe	μομφή	μομφή	blame, reproof, cause of complaint	0
monazo	μονάζω	μονάζω	to be alone	1
monas	μονάς	μονάς	alone, solitary, isolated	1
mone	μονή	μονή	a staying, abiding, tarrying, stay	0
monakhe	μοναχή	μοναχή	kind of linen cloth mentioned in the Periplus of the Erythra	0
monakhos	μοναχός	μοναχός	solitary, single	0
morea	μορέα	μορέα	mulberry tree	0
morio	μορίῳ	μόριον	piece, portion	0
mormuros	μορμύρος	μορμύρος	steenbras (Lithognathus mormyrus)	0
mortos	μορτός	μορτός	mortal, liable to death	0
morphe	μορφή	μορφή	shape, form	0
morphoo	μορφόω	μορφόω	to shape, form	0
morusso	μορύσσω	μορύσσω	to soil, defile, stain	0
motarion	μοτάριον	μοτάριον	a tampon made of rolled fiber for soaking up blood from woun	0
moto	μοτώ	μοτώ	variety of cinnamon mentioned in the Periplus of the Erythra	0
mou	μου	μου	"of me", "than me", etc	0
mouseion	μουσεῖον	μουσεῖον	a home of music or poetry	0
mousike	μουσικέ	μουσικός	of or for music, musical	0
mousike	μουσική	μουσική	any of the Muses' arts, especially music and lyrical poetry	0
mousikoi	μουσικοί	μουσικός	of or for music, musical	0
mousikos	μουσικός	μουσικός	of or for music, musical	0
mokhtheo	μοχθέω	μοχθέω	to be weary with toil, be sore distressed	0
mokhthon	μοχθῶν	μοχθέω	to be weary with toil, be sore distressed	0
mokhloin	μοχλοῖν	μοχλός	lever, bar, crowbar	0
mokhlois	μοχλοῖς	μοχλός	lever, bar, crowbar	0
mokhlou	μοχλοῦ	μοχλός	lever, bar, crowbar	0
mokhlon	μοχλόν	μοχλός	lever, bar, crowbar	0
mokhlos	μοχλός	μοχλός	lever, bar, crowbar	0
mokhlo	μοχλώ	μοχλός	lever, bar, crowbar	0
mousmon	μούσμων	μούσμων	mouflon (Ovis orientalis musimon)	0
moira	μοῖρα	μοῖρα	part	1
moitos	μοῖτος	μοῖτος	thanks, favour	0
mounos	μοῦνος	μόνος	alone, forsaken, solitary	0
moustos	μοῦστος	μοῦστος	must, new wine	0
mui	μυΐ	μῦς	mouse	0
muagra	μυάγρα	μυάγρα	trap for mice, mousetrap	0
muelinos	μυέλινος	μυέλινος	soft as marrow	0
mueo	μυέω	μυέω	to initiate (confer membership on)	0
muias	μυίας	μυῖα	a fly (the insect)	1
mugalee	μυγαλέη	μυγαλέη	shrew (mammal of the family Soricidae)	0
muelos	μυελός	μυελός	marrow	1
muzao	μυζάω	μυζάω	to suck	0
muthikos	μυθικός	μυθικός	mythic, legendary	1
muthodes	μυθώδης	μυθώδης	fabulous, legendary, mythical	0
mukaomai	μυκάομαι	μυκάομαι	to moo	0
mukter	μυκτήρ	μυκτήρ	nostril	0
mulon	μυλών	μυλών	millhouse	0
mundos	μυνδός	μυνδός	mute, dumb	0
muxinos	μυξῖνος	μυξῖνος	kind of mullet	0
muosotis	μυοσωτίς	μυοσωτίς	German madwort (Asperugo procumbens)	0
muoin	μυοῖν	μῦς	mouse	0
muoiin	μυοῖϊν	μῦς	mouse	0
murizein	μυρίζειν	μυρίζω	to rub with ointment or unguent, anoint	0
murizo	μυρίζω	μυρίζω	to rub with ointment or unguent, anoint	0
murike	μυρίκη	μυρίκη	tamarisk (plant of the genus Tamarix)	0
murios	μυρίος	μυρίος	numberless, countless, infinite	0
mureros	μυρηρός	μυρηρός	of sweet oil	0
murias	μυριάς	μυριάς	a number of ten thousand, a myriad	1
murmedon	μυρμηδών	μυρμηδών	ant-nest	0
mursine	μυρσίνη	μυρσίνη	myrtle (Myrtus communis)	0
murodia	μυρωδία	μυρωδία	fragrance	0
murodes	μυρώδης	μυρώδης	like unguent	0
musi	μυσί	μῦς	mouse	0
musin	μυσίν	μῦς	mouse	0
musaros	μυσαρός	μυσαρός	foul, dirty, loathsome, abominable	0
mussi	μυσσί	μῦς	mouse	0
mussin	μυσσίν	μῦς	mouse	0
mustile	μυστίλη	μυστίλη	piece of bread scooped out as a spoon (for soup or gravy)	0
mustikos	μυστικός	μυστικός	secret, mystic	0
mukhmos	μυχμός	μυχμός	moaning, groaning	0
mukhon	μυχόν	μυχός	the inmost or furthest part of a place	0
mukhos	μυχός	μυχός	the inmost or furthest part of a place	0
mukho	μυχῷ	μυχῷ	in the farthest corner of	0
muopia	μυωπία	μυωπία	shortsightedness	1
muos	μυός	μῦς	mouse	0
muon	μυών	μυών	a cluster of muscles	0
muia	μυῖα	μυῖα	a fly (the insect)	1
muon	μυῶν	μῦς	mouse	0
mokaomai	μωκάομαι	μωκάομαι	to mimic, and so, ridicule, mock	0
moleo	μωλέω	μωλέω	to content, bring an action at law (in a courtroom)	0
momaomai	μωμάομαι	μωμάομαι	to find fault with	0
mora	μωρά	μωρός	slow, sluggish	1
moran	μωράν	μωρός	slow, sluggish	1
moras	μωράς	μωρός	slow, sluggish	1
more	μωρέ	μωρός	slow, sluggish	1
morai	μωραί	μωρός	slow, sluggish	1
moraino	μωραίνω	μωραίνω	to be silly, foolish, play the fool	0
morain	μωραῖν	μωρός	slow, sluggish	1
morais	μωραῖς	μωρός	slow, sluggish	1
moroi	μωροί	μωρός	slow, sluggish	1
morous	μωρούς	μωρός	slow, sluggish	1
moroin	μωροῖν	μωρός	slow, sluggish	1
morois	μωροῖς	μωρός	slow, sluggish	1
morou	μωροῦ	μωρός	slow, sluggish	1
moron	μωρόν	μωρόν	foolishness	0
moros	μωρός	μωρός	slow, sluggish	1
moro	μωρώ	μωρός	slow, sluggish	1
moron	μωρῶν	μωρός	slow, sluggish	1
moros	μωρῶς	μωρῶς	foolishly	0
mogesa	μόγησα	μογέω	to toil, labor	0
mogis	μόγις	μόγις	with difficulty, hardly, scarcely	1
modios	μόδιος	μόδιος	modius, a dry measure equivalent to a sixth of a medimnus	0
mothe	μόθε	μόθος	the din of battle	0
mothoi	μόθοι	μόθος	the din of battle	0
mothoin	μόθοιν	μόθος	the din of battle	0
mothoio	μόθοιο	μόθος	the din of battle	0
mothois	μόθοις	μόθος	the din of battle	0
mothoisi	μόθοισι	μόθος	the din of battle	0
mothoiin	μόθοιϊν	μόθος	the din of battle	0
mothon	μόθον	μόθος	the din of battle	0
mothos	μόθος	μόθος	the din of battle	0
mothou	μόθου	μόθος	the din of battle	0
mothous	μόθους	μόθος	the din of battle	0
motho	μόθω	μόθος	the din of battle	0
mothon	μόθων	μόθων	presumptuous or impudent person	0
mothona	μόθωνα	μόθων	presumptuous or impudent person	0
mothoni	μόθωνι	μόθων	presumptuous or impudent person	0
mothonos	μόθωνος	μόθων	presumptuous or impudent person	0
molginos	μόλγινος	μόλγινος	made of ox hide	0
molis	μόλις	μόλις	only just	0
molouros	μόλουρος	μόλουρος	kind of serpent	0
molubdos	μόλυβδος	μόλυβδος	lead (metal)	0
mona	μόνα	μόνος	alone, forsaken, solitary	0
monai	μόναι	μόνος	alone, forsaken, solitary	0
monain	μόναιν	μόνος	alone, forsaken, solitary	0
monais	μόναις	μόνος	alone, forsaken, solitary	0
monas	μόνας	μόνος	alone, forsaken, solitary	0
monaulos	μόναυλος	μόναυλος	single flute	0
mone	μόνη	μόνος	alone, forsaken, solitary	0
monen	μόνην	μόνος	alone, forsaken, solitary	0
mones	μόνης	μόνος	alone, forsaken, solitary	0
monimos	μόνιμος	μόνιμος	staying in one's place, stable, stationary, fixed	0
monoi	μόνοι	μόνος	alone, forsaken, solitary	0
monoin	μόνοιν	μόνος	alone, forsaken, solitary	0
monois	μόνοις	μόνος	alone, forsaken, solitary	0
monon	μόνον	μόνον	only	0
monos	μόνος	μόνος	alone, forsaken, solitary	0
monou	μόνου	μόνος	alone, forsaken, solitary	0
monous	μόνους	μόνος	alone, forsaken, solitary	0
mono	μόνω	μόνος	alone, forsaken, solitary	0
monon	μόνων	μόνος	alone, forsaken, solitary	0
monos	μόνως	μόνως	adverb of μόνος (mónos) alone, only, solitarily	0
monops	μόνωψ	μόνωψ	European bison (Bison bonasus)	0
mora	μόρα	μόρα	mora (a division of the Spartan army, varying in strength, a	1
morgos	μόργος	μόργος	wicker basket of a cart, used for carrying straw and chaff	0
morinos	μόρινος	μόρινος	mulberry coloured	0
morion	μόριον	μόριον	piece, portion	0
moron	μόρον	μόρον	black mulberry	0
moros	μόρος	μόρος	fate, destiny	0
morou	μόρου	μόρον	black mulberry	0
morria	μόρρια	μόρρια	name of an Oriental material, perhaps agate	0
morrinos	μόρρινος	μόρρινος	made of μόρρῐᾰ (mórrhĭă)	0
morphnos	μόρφνος	μόρφνος	kind of eagle	0
mossun	μόσσυν	μόσσυν	wooden house or tower	0
mosulon	μόσυλον	μόσυλον	kind of cinnamon	0
moskhos	μόσχος	μόσχος	young shoot or twig	0
mokhthos	μόχθος	μόχθος	toil, trouble, hardship, distress, exertion	0
muax	μύαξ	μύαξ	sea-mussel	0
muas	μύας	μῦς	mouse	0
mudros	μύδρος	μύδρος	metal or iron mass roasted in fire	0
mue	μύε	μῦς	mouse	0
mues	μύες	μῦς	mouse	0
muessi	μύεσσι	μῦς	mouse	0
muessin	μύεσσιν	μῦς	mouse	0
muthoin	μύθοιν	μῦθος	something said	1
muthoio	μύθοιο	μῦθος	something said	1
muthois	μύθοις	μῦθος	something said	1
muthoisi	μύθοισι	μῦθος	something said	1
muthou	μύθου	μῦθος	something said	1
muthous	μύθους	μῦθος	something said	1
mutho	μύθω	μῦθος	something said	1
muthon	μύθων	μῦθος	something said	1
mukes	μύκης	μύκης	mushroom or other fungus	0
muklos	μύκλος	μύκλος	lewd, lustful person	0
mukon	μύκων	μύκων	heap	0
mule	μύλη	μύλη	mill (a hand-mill turned by women)	1
mulinos	μύλινος	μύλινος	made of millstone	0
mullos	μύλλος	μύλλος	A kind of fish brought salted from the Black Sea	1
muloikos	μύλοικος	μύλοικος	kind of beetle or cockroach which breeds in mills	0
mules	μύλῃς	μύλη	mill (a hand-mill turned by women)	1
mune	μύνη	μύνη	excuse, pretence, pretext	0
muxa	μύξα	μύξα	mucus (discharge from the nose)	0
muxon	μύξων	μύξων	kind of grey mullet (Liza saliens)	0
muraina	μύραινα	μύραινα	moray eel	0
murioi	μύριοι	μύριοι	ten thousand, myriad	0
murkos	μύρκος	μύρκος	mute, dumb	0
murmex	μύρμηξ	μύρμηξ	ant	1
muron	μύρον	μύρον	any sweet juice distilled from plants and used for unguents	1
murra	μύρρα	μύρρα	myrrh	0
mursos	μύρσος	μύρσος	basket with two handles	0
murtinos	μύρτινος	μύρτινος	made of myrtle	0
murtos	μύρτος	μύρτος	myrtle (Myrtus communis)	0
musos	μύσος	μύσος	uncleanness, defilement, pollution	0
mussomai	μύσσομαι	μύσσομαι	to blow one's nose	0
mustax	μύσταξ	μύσταξ	upper lip or moustache	1
mustes	μύστης	μύστης	one who has been initiated	0
mustis	μύστις	μύστις	one who has been initiated, initiate	0
mustron	μύστρον	μύστρον	spoon	0
mutis	μύτις	μύτις	that part of molluscs that answers to the liver	0
muo	μύω	μύω	to close, to shut	0
muops	μύωψ	μύωψ	closing the eyes	0
molou	μώλου	μῶλος	toil and moil of war, turmoil	0
molops	μώλωψ	μώλωψ	mark of a stripe, weal, bruise	0
morios	μώριος	μώριος	mandrake (Mandragora officinarum)	0
maza	μᾶζα	μᾶζα	barley-bread or cake	0
makos	μᾶκος	μῆκος	length (spatial measurement)	0
mallon	μᾶλλον	μᾶλλον	more, more strongly, rather	0
malon	μᾶλον	μῆλον	apple	0
medos	μῆδος	μήδεα	counsel, plan, art, prudence, cunning	0
mekos	μῆκος	μῆκος	length (spatial measurement)	0
mela	μῆλα	μῆλον	apple	0
mena	μῆνα	μείς	month	0
menas	μῆνας	μήν	used to strengthen statements	0
menes	μῆνες	μήν	used to strengthen statements	0
menigx	μῆνιγξ	μῆνιγξ	membrane	1
menis	μῆνις	μῆνις	rage	0
meon	μῆον	μῆον	baldmoney, spignel (Meum athamanticum)	1
mera	μῆρα	μῆρα	thigh-bones (femora) wrapped in two folds of fat for votive	0
merigx	μῆριγξ	μῆριγξ	bristle	0
metin	μῆτιν	μῆτις	skill	1
metis	μῆτις	μῆτις	skill	1
mekhar	μῆχαρ	μῆχαρ	means, way	0
mekhos	μῆχος	μῆχος	means, expedient, remedy	0
mimos	μῖμος	μῖμος	mime	1
misos	μῖσος	μῖσος	hatred	0
mua	μῦα	μυῖα	a fly (the insect)	1
muthe	μῦθε	μῦθος	something said	1
muthoi	μῦθοι	μῦθος	something said	1
muthos	μῦθος	μῦθος	something said	1
mun	μῦν	μῦς	mouse	0
mus	μῦς	μῦς	mouse	0
molax	μῶλαξ	μῶλαξ	a type of wine drunk by the Lydians when swearing oaths	0
molon	μῶλον	μῶλος	toil and moil of war, turmoil	0
molos	μῶλος	μῶλος	toil and moil of war, turmoil	0
molu	μῶλυ	μῶλυ	moly, a magic herb mentioned by Homer	1
molus	μῶλυς	μῶλυς	soft	0
momos	μῶμος	μῶμος	blame	0
mon	μῶν	μῶν	but surely not? is it really so?	0
monux	μῶνυξ	μῶνυξ	having an uncloven hoof	0
nabla	νάβλα	νάβλα	nabla, a musical instrument of ten or twelve strings	0
nake	νάκη	νάκη	woolen skin, fleece	0
nanoin	νάνοιν	νᾶνος	dwarf	1
nanois	νάνοις	νᾶνος	dwarf	1
nanou	νάνου	νᾶνος	dwarf	1
nanous	νάνους	νᾶνος	dwarf	1
nano	νάνω	νᾶνος	dwarf	1
nanon	νάνων	νᾶνος	dwarf	1
nape	νάπη	νάπη	woodland vale, dell, glen	0
nardinos	νάρδινος	νάρδινος	of nard	0
nardos	νάρδος	νάρδος	nard plant, spikenard, nardin, muskroot	1
narthex	νάρθηξ	νάρθηξ	giant fennel (Ferula communis)	1
narke	νάρκη	νάρκη	numbness, torpor	0
narkosis	νάρκωσις	νάρκωσις	benumbing	1
narnax	νάρναξ	λάρναξ	coffer, box, chest	1
narte	νάρτη	νάρτη	plant used in perfumery	0
narphe	νάρφη	νάρφη	prepared bread, which is also called μασητρίς (masētrís)	0
nasso	νάσσω	νάσσω	to press, squeeze close, stamp down	0
naphtha	νάφθα	νάφθα	naphtha, naturally occurring liquid petroleum	0
napho	νάφω	νήφω	to drink no wine	0
nao	νάω	νάω	to flow (over)	0
nea	νέα	νέος	young	1
neai	νέαι	νέος	young	1
neain	νέαιν	νέος	young	1
neais	νέαις	νέος	young	1
nean	νέαν	νέος	young	1
neax	νέαξ	νέαξ	young man	0
neas	νέας	ναῦς	a ship	0
neatos	νέατος	νέατος	uttermost	0
nebrinos	νέβρινος	νέβρινος	of a fawn	0
nee	νέε	νέος	young	1
neeai	νέηαι	νέομαι	to make one's way, go, come, depart	0
neelus	νέηλυς	νέηλυς	newcomer	0
nekrosis	νέκρωσις	νέκρωσις	a state of death, deadness	1
nektar	νέκταρ	νέκταρ	nectar (the drink of the gods)	1
nekur	νέκυρ	νέκυς	corpse	0
nekus	νέκυς	νέκυς	corpse	0
nemesis	νέμεσις	νέμεσις	distribution of what is due	0
nemetai	νέμεται	νέμω	to deal out, distribute, dispense, to count, to divide by nu	0
nemontai	νέμονται	νέμω	to deal out, distribute, dispense, to count, to divide by nu	0
nemos	νέμος	νέμος	wooded pasture, glade	0
nemo	νέμω	νέμω	to deal out, distribute, dispense, to count, to divide by nu	0
nennos	νέννος	νέννος	maternal or paternal brother	0
nenugmai	νένυγμαι	νύσσω	to touch with a sharp point, prick, stab, pierce	0
neoi	νέοι	νέος	young	1
neoin	νέοιν	νέος	young	1
neois	νέοις	νέος	young	1
neomai	νέομαι	νέομαι	to make one's way, go, come, depart	0
neon	νέον	νέος	young	1
neos	νέος	νέος	young	1
neou	νέου	νέος	young	1
neous	νέους	νέος	young	1
nepetos	νέπετος	νέπετος	catmint (Nepeta cataria)	0
nepous	νέπους	νέπους	descendant	0
nerthe	νέρθε	νέρθεν	up from below	0
nerthen	νέρθεν	νέρθεν	up from below	0
netopon	νέτωπον	νέτωπον	oil of bitter almonds	0
nephea	νέφεα	νέφος	cloud	1
nephee	νέφεε	νέφος	cloud	1
nephei	νέφει	νέφος	cloud	1
nepheos	νέφεος	νέφος	cloud	1
nephesi	νέφεσι	νέφος	cloud	1
nephesin	νέφεσιν	νέφος	cloud	1
nephessi	νέφεσσι	νέφος	cloud	1
nepheus	νέφευς	νέφος	cloud	1
nephe	νέφη	νέφος	cloud	1
nephos	νέφος	νέφος	cloud	1
nephous	νέφους	νέφος	cloud	1
neo	νέω	νέω	to swim	0
neon	νέων	νέω	to swim	0
neo	νέῳ	νέος	young	1
nedumos	νήδυμος	νήδυμος	sweet, pleasant, delightful (epithet of sleep in Homer	0
nethousa	νήθουσα	νήθουσα	unknown kind of plant	0
netho	νήθω	νήθω	to spin	0
neios	νήϊος	νήϊος	of or for ships	0
nektes	νήκτης	νήκτης	swimmer	0
nematos	νήματος	νῆμα	That which is spun	1
nepie	νήπιε	νήπιος	childish, infantile, juvenile, young	0
nepios	νήπιος	νήπιος	childish, infantile, juvenile, young	0
nepoinon	νήποινον	νήποινον	without compensation or recompense	0
nepoinos	νήποινος	νήποινος	unavenged	0
nerion	νήριον	νήριον	oleander (Nerium oleander)	0
nesoi	νήσοι	νέω	to swim	0
nesois	νήσοις	νῆσος	island	1
nesoisi	νήσοισι	νῆσος	island	1
nesoisin	νήσοισιν	νῆσος	island	1
nesou	νήσου	νῆσος	island	1
nesous	νήσους	νῆσος	island	1
neso	νήσω	νῆσος	island	1
neson	νήσων	νῆσος	island	1
nettes	νήττης	νῆττα	a duck	0
nepho	νήφω	νήφω	to drink no wine	0
neion	νήϊον	νήϊος	of or for ships	0
nizo	νίζω	νίζω	to wash the hands or feet of another	0
nikas	νίκας	νίκη	victory	0
nike	νίκη	νίκη	victory	0
niken	νίκην	νίκη	victory	0
nikes	νίκης	νίκη	victory	0
nimma	νίμμα	νίμμα	water for washing	0
nin	νίν	οὗ	"of him/her/it", "than him/her/it", etc	0
ninne	νίννη	νίννη	grandmother or mother-in-law	0
ninon	νίνον	νίνον	another name of the plant ἑλένιον (helénion)	0
niptron	νίπτρον	νίπτρον	water for washing	0
nisomai	νίσομαι	νίσσομαι	to go, go away	0
nissomai	νίσσομαι	νίσσομαι	to go, go away	0
nitron	νίτρον	νίτρον	sodium carbonate or sodium nitrate (or perhaps mineral potas	1
nipho	νίφω	νίφω	to snow	0
nips	νίψ	νίψ	snow	0
nipsis	νίψις	νίψις	washing (of hands or feet)	0
nai	ναί	ναί	yea, verily	0
naiei	ναίει	ναίω	to dwell, abide	0
naiousi	ναίουσι	ναίω	to dwell, abide	0
naio	ναίω	ναίω	to dwell, abide	0
naion	ναίων	ναίω	to dwell, abide	0
nageus	ναγεύς	ναγεύς	pestle	0
naietao	ναιετάω	ναιετάω	to dwell, inhabit	0
naietaon	ναιετάων	ναιετάω	to dwell, inhabit	0
nari	ναρί	ναρί	bearded iris (Iris × germanica)	0
narkion	ναρκίον	ναρκίον	skin, wineskin	0
narkoo	ναρκόω	ναρκόω	to benumb	0
nastos	ναστός	ναστός	close-pressed	1
nauagion	ναυάγιον	ναυάγιον	a piece of wreck	0
nauageo	ναυαγέω	ναυαγέω	to suffer shipwreck	0
naupegeo	ναυπηγέω	ναυπηγέω	to build ships	0
naupegos	ναυπηγός	ναυπηγός	shipwright, shipbuilder	0
nausi	ναυσί	ναῦς	a ship	0
nausia	ναυσία	ναυσία	nausea, seasickness	1
nausin	ναυσίν	ναῦς	a ship	0
nautilos	ναυτίλος	ναυτίλος	seaman	1
nautikoi	ναυτικοί	ναυτικός	seafaring, naval, on the sea	1
nautikos	ναυτικός	ναυτικός	seafaring, naval, on the sea	1
nautikes	ναυτικῆς	ναυτικός	seafaring, naval, on the sea	1
nauton	ναυτῶν	ναύτης	sailor	0
naos	ναός	ναός	a temple	1
nautais	ναύταις	ναύτης	sailor	0
nauten	ναύτην	ναύτης	sailor	0
nautes	ναύτης	ναύτης	sailor	0
nautou	ναύτου	ναύτης	sailor	0
naute	ναύτῃ	ναύτης	sailor	0
naie	ναῖε	ναίω	to dwell, abide	0
naien	ναῖεν	ναίω	to dwell, abide	0
naulos	ναῦλος	ναῦλος	passage-money, fare, freight	0
naun	ναῦν	ναῦς	a ship	0
naus	ναῦς	ναῦς	a ship	0
nautai	ναῦται	ναύτης	sailor	0
neate	νεάτη	νεάτη	the lowest of the three strings which formed the framework o	0
neao	νεάω	νεάω	to plough up anew	0
neiatos	νείατος	νέατος	uttermost	0
neikea	νείκεα	νεῖκος	quarrel	0
neanias	νεανίας	νεανίας	young man, youth, young adult, younger adult (ranges from ag	0
nearos	νεαρός	νεαρός	young, youthful	0
nebros	νεβρός	νεβρός	fawn, young deer	0
neikeo	νεικέω	νεικέω	to argue	0
neikeio	νεικείω	νεικέω	to argue	0
neiou	νειοῦ	νειός	fallow-land	0
neiothen	νειόθεν	νειόθεν	from the bottom	0
neiothi	νειόθι	νειόθι	at the bottom	0
neios	νειός	νειός	fallow-land	0
nekas	νεκάς	νεκάς	A pile of corpses	0
nekra	νεκρά	νεκρός	dead	0
nekran	νεκράν	νεκρός	dead	0
nekras	νεκράς	νεκρός	dead	0
nekrai	νεκραί	νεκρός	dead	0
nekrais	νεκραῖς	νεκρός	dead	0
nekroi	νεκροί	νεκρός	dead	0
nekrous	νεκρούς	νεκρός	dead	0
nekrois	νεκροῖς	νεκρός	dead	0
nekrou	νεκροῦ	νεκρός	dead	0
nekron	νεκρόν	νεκρός	dead	0
nekros	νεκρός	νεκρός	dead	0
nekro	νεκρώ	νεκρός	dead	0
nekuikos	νεκυϊκός	νεκυϊκός	of the dead	0
nemesao	νεμεσάω	νεμεσάω	to feel just resentment, be angry at undeserved fortune, be	0
nemesese	νεμεσήσῃ	νεμεσάω	to feel just resentment, be angry at undeserved fortune, be	0
nenielos	νενίηλος	νενίηλος	foolish, silly, unwise	0
nenomika	νενόμικα	νομίζω	to use customarily, practise, hold to a custom, customarily	0
neossos	νεοσσός	νεοσσός	young bird, nestling, chick	0
neokhmoo	νεοχμόω	νεοχμόω	to innovate	0
neura	νευρά	νευρά	bowstring	0
neustazo	νευστάζω	νευστάζω	to nod	0
nephele	νεφέλη	νεφέλη	cloud, mass of clouds	0
nephelen	νεφέλην	νεφέλη	cloud, mass of clouds	0
nepheles	νεφέλης	νεφέλη	cloud, mass of clouds	0
nepheoin	νεφέοιν	νέφος	cloud	1
nepheon	νεφέων	νέφος	cloud	1
nephoin	νεφοῖν	νέφος	cloud	1
nephros	νεφρός	νεφρός	kidney	1
nephon	νεφῶν	νέφος	cloud	1
neosti	νεωστί	νεωστί	lately, just now	0
neotas	νεότας	νεότας	youth	0
neotes	νεότης	νεότης	youth	0
neotesin	νεότησιν	νεότης	youth	0
neoteta	νεότητα	νεότης	youth	0
neotetas	νεότητας	νεότης	youth	0
neoteti	νεότητι	νεότης	youth	0
neotetos	νεότητος	νεότης	youth	0
neurinos	νεύρινος	νεύρινος	made of sinew	0
neurois	νεύροις	νεῦρον	sinew, tendon	1
neurou	νεύρου	νεῦρον	sinew, tendon	1
neuron	νεῦρον	νεῦρον	sinew, tendon	1
neuro	νεύρῳ	νεῦρον	sinew, tendon	1
neuo	νεύω	νεύω	to nod, beckon, as a sign	0
neo	νεώ	νεώς	Attic prose form of νᾱός (nāós)	0
neometha	νεώμεθα	νέομαι	to make one's way, go, come, depart	0
neon	νεών	νεώς	Attic prose form of νᾱός (nāós)	0
neos	νεώς	νεώς	Attic prose form of νᾱός (nāós)	0
neotatos	νεώτατος	νέος	young	1
neoteros	νεώτερος	νέος	young	1
neanis	νεᾶνις	νεᾶνις	young maiden	0
neikos	νεῖκος	νεῖκος	quarrel	0
neuma	νεῦμα	νεῦμα	nod, sign	0
neura	νεῦρα	νεῦρον	sinew, tendon	1
neuse	νεῦσε	νεύω	to nod, beckon, as a sign	0
neon	νεῶν	ναῦς	a ship	0
nei	νηΐ	ναῦς	a ship	0
neas	νηάς	νηάς	gigantic, mythological animal from Samos called Neades in En	0
nedus	νηδύς	νηδύς	any of the cavities in the body	0
nekton	νηκτόν	νηκτός	swimming	1
nektos	νηκτός	νηκτός	swimming	1
nelei	νηλέϊ	νηλής	hyphaeretic form of νηλεής (nēleḗs, “merciless	0
neles	νηλής	νηλής	hyphaeretic form of νηλεής (nēleḗs, “merciless	0
nelees	νηλεής	νηλεής	merciless, pitiless, relentless, ruthless	0
nemertea	νημερτέα	νημερτέα	clearly	0
nemertes	νημερτές	νημερτές	clearly	0
nemertes	νημερτής	νημερτής	unerring	0
nenia	νηνία	νηνία	public eulogy on great men, sometimes accompanied by the flu	0
nerites	νηρίτης	νηρίτης	sea snail	1
neron	νηρόν	νηρόν	water	0
neros	νηρός	νηρός	wet, damp	1
nesis	νησίς	νησίς	islet, small island	0
nesiotes	νησιώτης	νησιώτης	islander (person who lives on an island)	0
nesteia	νηστεία	νηστεία	fast (period of eating no food, little food or avoiding cert	0
nesteuo	νηστεύω	νηστεύω	to fast, abstain from food	0
neus	νηῦς	ναῦς	a ship	0
nikao	νικάω	νικάω	to win, be the winner, conquer	0
niketes	νικητής	νικητής	winner (in games, etc	0
nikuleon	νικύλεον	νικύλεον	A kind of fig found in Crete	0
nikon	νικῶν	νικάω	to win, be the winner, conquer	0
nipter	νιπτήρ	νιπτήρ	washbasin	0
niphas	νιφάς	νιφάς	snowflake	0
noi	νοΐ	νόος	mind	1
noeo	νοέω	νοέω	to perceive	0
noeon	νοέων	νοέω	to perceive	0
noemata	νοήματα	νόημα	perception	0
noematos	νοήματος	νόημα	perception	0
noesas	νοήσας	νοέω	to perceive	0
noeso	νοήσω	νοέω	to perceive	0
noese	νοήσῃ	νοέω	to perceive	0
noein	νοεῖν	νοέω	to perceive	0
noetikos	νοητικός	νοητικός	intellectual	1
noetos	νοητός	νοητός	perceptible to the mind, thinkable, imaginable	0
notheuo	νοθεύω	νοθεύω	to corrupt, adulterate	0
nomas	νομάς	νομάς	roaming for pasture	0
nome	νομέ	νομός	pasture	1
nome	νομή	νομή	pasturage	1
nomizei	νομίζει	νομίζω	to use customarily, practise, hold to a custom, customarily	0
nomizeis	νομίζεις	νομίζω	to use customarily, practise, hold to a custom, customarily	0
nomizo	νομίζω	νομίζω	to use customarily, practise, hold to a custom, customarily	0
nomisete	νομίσητε	νομίζω	to use customarily, practise, hold to a custom, customarily	0
nomise	νομίσῃ	νομίζω	to use customarily, practise, hold to a custom, customarily	0
nomeus	νομεύς	νομεύς	herdsman, herder	0
nomikos	νομικός	νομικός	relating to laws, legal	1
nomoi	νομοί	νομός	pasture	1
nomous	νομούς	νομός	pasture	1
nomoin	νομοῖν	νομός	pasture	1
nomoio	νομοῖο	νομός	pasture	1
nomois	νομοῖς	νομός	pasture	1
nomoisi	νομοῖσι	νομός	pasture	1
nomoisin	νομοῖσιν	νομός	pasture	1
nomoiin	νομοῖϊν	νομός	pasture	1
nomou	νομοῦ	νομός	pasture	1
nomon	νομόν	νομός	pasture	1
nomos	νομός	νομός	pasture	1
nomo	νομώ	νομός	pasture	1
nomeas	νομῆας	νομεύς	herdsman, herder	0
nomees	νομῆες	νομεύς	herdsman, herder	0
noseo	νοσέω	νοσέω	to be sick, to ail	0
noseros	νοσηρός	νοσηρός	unhealthy, unwholesome	0
nosteo	νοστέω	νοστέω	to go home, come home, return	0
nostesas	νοστήσας	νοστέω	to go home, come home, return	0
nostesai	νοστῆσαι	νοστέω	to go home, come home, return	0
noteros	νοτερός	νοτερός	wet, damp, moist	0
noos	νόος	νόος	mind	1
noesai	νοῆσαι	νοέω	to perceive	0
nouthos	νοῦθος	νοῦθος	tramp of feet	0
noummos	νοῦμμος	νοῦμμος	Doric spelling of νόμος (nómos)	0
nous	νοῦς	νόος	mind	1
nousos	νοῦσος	νοῦσος	illness, sickness, disease	0
noo	νοῶ	νοέω	to perceive	0
nugeie	νυγείη	νύσσω	to touch with a sharp point, prick, stab, pierce	0
nugmos	νυγμός	νυγμός	pricking sensation, irritation	0
nukteris	νυκτερίς	νυκτερίς	bat (small flying mammal)	0
numphios	νυμφίος	νυμφίος	a bridegroom	0
numphaia	νυμφαία	νυμφαία	yellow water-lily (Nuphar lutea)	0
numphon	νυμφών	νυμφών	a bridechamber	0
nuni	νυνί	νυνί	now, at this moment	0
nustazo	νυστάζω	νυστάζω	to be half asleep, doze, drowse	0
nuos	νυός	νυός	daughter-in-law	0
noiteros	νωΐτερος	νωΐτερος	of us two	0
nodos	νωδός	νωδός	toothless	0
nothes	νωθής	νωθής	slothful, sluggish	0
nothros	νωθρός	νωθρός	sluggish, slothful	0
nolemes	νωλεμές	νωλεμέως	without pause, unceasingly	0
nolemeos	νωλεμέως	νωλεμέως	without pause, unceasingly	0
nomao	νωμάω	νωμάω	to deal out, distribute	0
nonai	νωναί	νωναί	The nones, used in reckoning Roman dates	0
nokheles	νωχελής	νωχελής	slow, sluggish, dull, languid	0
noa	νόα	νόα	spring	0
noas	νόας	νόος	mind	1
noe	νόε	νόος	mind	1
noes	νόες	νόος	mind	1
noema	νόημα	νόημα	perception	0
noesis	νόησις	νόησις	intelligence	1
nothon	νόθον	νόθος	bastard, baseborn (born of a slave or concubine)	1
nothos	νόθος	νόθος	bastard, baseborn (born of a slave or concubine)	1
nome	νόμε	νόμος	usage	1
nomima	νόμιμα	νόμιμος	conformable to custom, usage, or law	0
nomime	νόμιμε	νόμιμος	conformable to custom, usage, or law	0
nomimoi	νόμιμοι	νόμιμος	conformable to custom, usage, or law	0
nomimon	νόμιμον	νόμιμος	conformable to custom, usage, or law	0
nomimos	νόμιμος	νόμιμος	conformable to custom, usage, or law	0
nomisma	νόμισμα	νόμισμα	that which is sanctioned by usage	0
nomoi	νόμοι	νόμος	usage	1
nomoin	νόμοιν	νόμος	usage	1
nomoio	νόμοιο	νόμος	usage	1
nomois	νόμοις	νόμος	usage	1
nomoisi	νόμοισι	νόμος	usage	1
nomoisin	νόμοισιν	νόμος	usage	1
nomoiin	νόμοιϊν	νόμος	usage	1
nomon	νόμον	νόμος	usage	1
nomos	νόμος	νόμος	usage	1
nomou	νόμου	νόμος	usage	1
nomous	νόμους	νόμος	usage	1
nomo	νόμω	νόμος	usage	1
nonnos	νόννος	νόννος	father	0
nooi	νόοι	νόος	mind	1
nooin	νόοιν	νόος	mind	1
nooio	νόοιο	νόος	mind	1
noois	νόοις	νόος	mind	1
nooisi	νόοισι	νόος	mind	1
nooisin	νόοισιν	νόος	mind	1
nooiin	νόοιϊν	νόος	mind	1
noon	νόον	νόος	mind	1
noou	νόου	νόος	mind	1
noous	νόους	νόος	mind	1
nose	νόσε	νόσος	sickness, disease, illness	1
nosema	νόσημα	νόσημα	sickness, disease, plague, affliction	0
nosi	νόσι	νόος	mind	1
nosin	νόσιν	νόος	mind	1
nosoi	νόσοι	νόσος	sickness, disease, illness	1
nosois	νόσοις	νόσος	sickness, disease, illness	1
noson	νόσον	νόσος	sickness, disease, illness	1
nosos	νόσος	νόσος	sickness, disease, illness	1
nosou	νόσου	νόσος	sickness, disease, illness	1
nosous	νόσους	νόσος	sickness, disease, illness	1
nostimon	νόστιμον	νόστιμον	resin from galbanum, starch from wheat	0
nostimos	νόστιμος	νόστιμος	of or relating to homecoming	0
nostoio	νόστοιο	νόστος	the act of reaching a place	0
noston	νόστον	νόστος	the act of reaching a place	0
nostos	νόστος	νόστος	the act of reaching a place	0
nostou	νόστου	νόστος	the act of reaching a place	0
nosto	νόστῳ	νόστος	the act of reaching a place	0
nosphi	νόσφι	νόσφι	away, far away, at a distance, absent	0
nosphin	νόσφιν	νόσφι	away, far away, at a distance, absent	0
noso	νόσω	νόσος	sickness, disease, illness	1
notinos	νότινος	νότινος	moist, damp, rainy	0
notion	νότιον	νότιος	wet, moist, damp	0
notios	νότιος	νότιος	wet, moist, damp	0
notos	νότος	νότος	the south(west) wind (which brings mist and wetness)	0
noo	νόω	νόος	mind	1
nuktor	νύκτωρ	νύκτωρ	at night	0
numphe	νύμφη	νύμφη	bride, young wife	0
nux	νύξ	νύξ	night	0
nuxas	νύξας	νύσσω	to touch with a sharp point, prick, stab, pierce	0
nuxe	νύξε	νύσσω	to touch with a sharp point, prick, stab, pierce	0
nussa	νύσσα	νύσσα	turning post in a racecourse	0
nusso	νύσσω	νύσσω	to touch with a sharp point, prick, stab, pierce	0
nusson	νύσσων	νύσσω	to touch with a sharp point, prick, stab, pierce	0
nutto	νύττω	νύσσω	to touch with a sharp point, prick, stab, pierce	0
nomesan	νώμησαν	νωμάω	to deal out, distribute	0
nonumos	νώνυμος	νώνυμος	inglorious	0
noropa	νώροπα	νῶροψ	flashing, shining, bright (epithet of copper)	0
notou	νώτου	νῶτον	back (the rear part of the body)	1
nama	νᾶμα	νᾶμα	running water	0
nane	νᾶνε	νᾶνος	dwarf	1
nanoi	νᾶνοι	νᾶνος	dwarf	1
nanos	νᾶνος	νᾶνος	dwarf	1
napu	νᾶπυ	νᾶπυ	mustard	0
nees	νῆες	ναῦς	a ship	0
nema	νῆμα	νῆμα	That which is spun	1
nesoi	νῆσοι	νῆσος	island	1
nesos	νῆσος	νῆσος	island	1
nestis	νῆστις	νῆστις	fasting (not eating)	1
netron	νῆτρον	νῆτρον	spindle, used for spinning fibres	0
netta	νῆττα	νῆττα	a duck	0
nepsis	νῆψις	νῆψις	sobriety, soberness, temperance	0
nun	νῦν	νῦν	now, at this time	0
noe	νῶε	νώ	we two	0
nokar	νῶκαρ	νῶκαρ	lethargy, deep sleep	0
norops	νῶροψ	νῶροψ	flashing, shining, bright (epithet of copper)	0
nota	νῶτα	νῶτον	back (the rear part of the body)	1
noton	νῶτον	νῶτον	back (the rear part of the body)	1
noi	νῶϊ	νώ	we two	0
noin	νῶϊν	νώ	we two	0
non	νῷν	νώ	we two	0
xandaros	ξάνδαρος	ξάνδαρος	fabulous sea monster of the Atlantic	0
xanthe	ξάνθη	ξάνθη	kind of pale-coloured stone	0
xanthion	ξάνθιον	ξάνθιον	cocklebur, rough cocklebur (Xanthium strumarium)	0
xanion	ξάνιον	ξάνιον	card for combing wool	0
xena	ξένα	ξένος	foreign	1
xenai	ξέναι	ξένος	foreign	1
xenain	ξέναιν	ξένος	foreign	1
xenais	ξέναις	ξένος	foreign	1
xenas	ξένας	ξένος	foreign	1
xene	ξένε	ξένος	foreign	1
xene	ξένη	ξένη	female stranger, foreigner	0
xenen	ξένην	ξένος	foreign	1
xenes	ξένης	ξένος	foreign	1
xenion	ξένιον	ξένιον	a gift or food given to a guest by a host	0
xenios	ξένιος	ξένιος	pertaining to hospitality	0
xennos	ξέννος	ξένος	foreign	1
xenoi	ξένοι	ξένος	foreign	1
xenoin	ξένοιν	ξένος	foreign	1
xenois	ξένοις	ξένος	foreign	1
xenon	ξένον	ξένος	foreign	1
xenos	ξένος	ξένος	foreign	1
xenou	ξένου	ξένος	foreign	1
xenous	ξένους	ξένος	foreign	1
xeno	ξένω	ξένος	foreign	1
xenwos	ξένϝος	ξένος	foreign	1
xesis	ξέσις	ξέσις	planing	0
xeo	ξέω	ξέω	to smooth or polish by scraping, planing, filing etc	0
xeriggoi	ξήριγγοι	ξήριγγοι	rivers that go on forever	0
xiphos	ξίφος	ξίφος	sword (the short, straight, double-edged sword of the Iron A	1
xaino	ξαίνω	ξαίνω	to comb or card (wool)	0
xanthos	ξανθός	ξανθός	yellow (of various shades), tawny, golden	0
xeinios	ξείνιος	ξένιος	pertaining to hospitality	0
xeinizo	ξεινίζω	ξενίζω	to receive or entertain strangers, to receive as a guest	0
xenia	ξενία	ξενία	hospitality, hospitable reception, entertainment	0
xenizo	ξενίζω	ξενίζω	to receive or entertain strangers, to receive as a guest	0
xenon	ξενῶν	ξένη	female stranger, foreigner	0
xesten	ξεστήν	ξεστός	smoothed, polished, wrought	0
xestoisi	ξεστοῖσι	ξεστός	smoothed, polished, wrought	0
xestos	ξεστός	ξεστός	smoothed, polished, wrought	0
xei	ξεῖ	ξεῖ	xi, the name for the fourteenth letter Ξ (X), ξ (x) of the A	0
xeinos	ξεῖνος	ξένος	foreign	1
xenos	ξηνός	ξηνός	squared trunk of a tree, block	0
xera	ξηρά	ξηρά	dry land	0
xeran	ξηράν	ξηρός	dry	0
xeras	ξηράς	ξηρός	dry	0
xerion	ξηρίον	ξηρίον	a desiccative powder for wounds	1
xerai	ξηραί	ξηρός	dry	0
xeraino	ξηραίνω	ξηραίνω	to parch, dry up	0
xerais	ξηραῖς	ξηρός	dry	0
xeroi	ξηροί	ξηρός	dry	0
xerous	ξηρούς	ξηρός	dry	0
xerou	ξηροῦ	ξηρός	dry	0
xeron	ξηρόν	ξηρός	dry	0
xeros	ξηρός	ξηρός	dry	0
xera	ξηρᾷ	ξηρός	dry	0
xero	ξηρῷ	ξηρός	dry	0
xiphias	ξιφίας	ξιφίας	swordfish (Xiphias gladius)	1
xouthou	ξουθοῦ	ξουθός	nimble, rapid	0
xouthon	ξουθόν	ξουθός	nimble, rapid	0
xouthos	ξουθός	ξουθός	nimble, rapid	0
xuele	ξυήλη	ξυήλη	whittle, used in shaping a javelin	0
xuggenes	ξυγγενής	συγγενής	born with, congenital, innate, natural, inborn	0
xugkrouo	ξυγκρούω	συγκρούω	to strike together	0
xulaloe	ξυλαλόη	ξυλαλόη	agalloch (Aquilaria malaccensis)	0
xulame	ξυλαμή	ξυλαμή	sowing, planting (of green crops or fodder)	0
xuleia	ξυλεία	ξυλεία	felling and carrying of wood	0
xulike	ξυλική	ξυλική	a timber monopoly	0
xulikos	ξυλικός	ξυλικός	of wood, wooden	1
xummeno	ξυμμένω	συμμένω	to hold together, keep together	0
xumpleo	ξυμπλέω	συμπλέω	to sail in company with [with dative] (also used figurativel	0
xumphero	ξυμφέρω	συμφέρω	to bring together, gather, collect	0
xunarkho	ξυνάρχω	συνάρχω	to rule or govern jointly	0
xuniemi	ξυνίημι	συνίημι	to send together, to bring together or set together	0
xunaireo	ξυναιρέω	συναιρέω	to grasp or seize together, to seize at once	0
xuneidos	ξυνειδώς	ξυνειδώς	accomplice	0
xunetos	ξυνετός	συνετός	having understanding, intelligent, sagacious, wise, learned	0
xuntheke	ξυνθήκη	συνθήκη	a compounding, especially of words and sentences	0
xunos	ξυνός	κοινός	common	0
xureo	ξυρέω	ξυρέω	to shave	0
xuris	ξυρίς	ξυρίς	gladen (Iris foetidissima)	0
xuron	ξυρόν	ξυρόν	razor	0
xustis	ξυστίς	ξυστίς	robe of rich and soft material reaching to the feet	0
xuston	ξυστόν	ξυστόν	xyston	1
xustos	ξυστός	ξυστός	shaved, whittled with a knife or plane	0
xoanon	ξόανον	ξόανον	an image of carved wood, an image, statue, especially of a g	1
xulinos	ξύλινος	ξύλινος	made of wood, wooden	0
xulon	ξύλον	ξύλον	cut wood, timber	1
xunesis	ξύνεσις	σύνεσις	a conflux	0
xunodos	ξύνοδος	σύνοδος	assembly, meeting	1
xunoida	ξύνοιδα	σύνοιδα	to share in knowledge of, be privy to	0
xustra	ξύστρα	ξύστρα	scraper (used after bathing)	0
xuo	ξύω	ξύω	to scrape	0
oudemian	ουδεμίαν	οὐδείς	no one, nobody, none, nothing, no	0
oii	οἰΐ	οἶς	sheep (either a ram or ewe)	0
oiestho	οἰέσθω	οἴομαι	to anticipate or to conclude likely with less than complete	0
oiesei	οἰήσει	οἴομαι	to anticipate or to conclude likely with less than complete	0
oiesetai	οἰήσεται	οἴομαι	to anticipate or to conclude likely with less than complete	0
oiesomai	οἰήσομαι	οἴομαι	to anticipate or to conclude likely with less than complete	0
oiese	οἰήσῃ	οἴομαι	to anticipate or to conclude likely with less than complete	0
oidano	οἰδάνω	οἰδάνω	to cause to swell, make swell	0
oideo	οἰδέω	οἰδέω	to swell, become swollen	0
oizuros	οἰζυρός	οἰζυρός	miserable	0
oizus	οἰζύς	οἰζύς	woe	0
oiethete	οἰηθῆτε	οἴομαι	to anticipate or to conclude likely with less than complete	0
oiethe	οἰηθῇ	οἴομαι	to anticipate or to conclude likely with less than complete	0
oiethes	οἰηθῇς	οἴομαι	to anticipate or to conclude likely with less than complete	0
oiketa	οἰκέτα	οἰκέτης	household slave	0
oiketai	οἰκέται	οἰκέτης	household slave	0
oiketais	οἰκέταις	οἰκέτης	household slave	0
oiketas	οἰκέτας	οἰκέτης	household slave	0
oiketen	οἰκέτην	οἰκέτης	household slave	0
oiketes	οἰκέτης	οἰκέτης	household slave	0
oiketou	οἰκέτου	οἰκέτης	household slave	0
oikete	οἰκέτῃ	οἰκέτης	household slave	0
oikeo	οἰκέω	οἰκέω	to inhabit	0
oiketora	οἰκήτορα	οἰκήτωρ	inhabitant	0
oiketor	οἰκήτωρ	οἰκήτωρ	inhabitant	0
oikeios	οἰκεῖος	οἰκεῖος	in the house, at home	0
oikia	οἰκία	οἰκία	house, dwelling, lair	0
oikidios	οἰκίδιος	οἰκίδιος	intimate, familiar	0
oikizo	οἰκίζω	οἰκίζω	to settle (a colony), colonize	0
oikizon	οἰκίζων	οἰκίζω	to settle (a colony), colonize	0
oikion	οἰκίον	οἰκίον	habitation, abode	0
oikiskos	οἰκίσκος	οἰκίσκος	small room or chamber	0
oikeia	οἰκεία	οἰκεῖος	in the house, at home	0
oikeiais	οἰκείαις	οἰκεῖος	in the house, at home	0
oikeian	οἰκείαν	οἰκεῖος	in the house, at home	0
oikeias	οἰκείας	οἰκεῖος	in the house, at home	0
oikeiois	οἰκείοις	οἰκεῖος	in the house, at home	0
oikeiou	οἰκείου	οἰκεῖος	in the house, at home	0
oikeious	οἰκείους	οἰκεῖος	in the house, at home	0
oikeion	οἰκείων	οἰκέω	to inhabit	0
oikeio	οἰκείῳ	οἰκεῖος	in the house, at home	0
oikeioo	οἰκειόω	οἰκειόω	to make one's own, claim as one's own, appropriate	0
oiketeuo	οἰκετεύω	οἰκετεύω	inhabit	0
oiketon	οἰκετῶν	οἰκέτης	household slave	0
oikei	οἰκεῖ	οἰκέω	to inhabit	0
oikeiai	οἰκεῖαι	οἰκεῖος	in the house, at home	0
oikein	οἰκεῖν	οἰκέω	to inhabit	0
oikeioi	οἰκεῖοι	οἰκεῖος	in the house, at home	0
oikeion	οἰκεῖον	οἰκεῖος	in the house, at home	0
oiketos	οἰκητός	οἰκητός	inhabited, habitable	0
oikisten	οἰκιστήν	οἰκιστής	founder of a colony, colonizer, settler	1
oikistes	οἰκιστής	οἰκιστής	founder of a colony, colonizer, settler	1
oikodome	οἰκοδόμε	οἰκοδόμος	builder, architect	0
oikodomo	οἰκοδόμω	οἰκοδόμος	builder, architect	0
oikonomo	οἰκονόμῳ	οἰκονόμος	one who manages a household, the master of the house	0
oikousi	οἰκοῦσι	οἰκέω	to inhabit	0
oikousin	οἰκοῦσιν	οἰκέω	to inhabit	0
oiktra	οἰκτρά	οἰκτρά	pitifully	0
oiktre	οἰκτρέ	οἰκτρός	pitiable, pitiful, lamentable, miserable	0
oiktros	οἰκτρός	οἰκτρός	pitiable, pitiful, lamentable, miserable	0
oikon	οἰκῶν	οἰκέω	to inhabit	0
oimoge	οἰμωγή	οἰμωγή	wailing, lamentation, cry of grief	0
oimozo	οἰμώζω	οἰμώζω	to wail aloud, lament	0
oimoxas	οἰμώξας	οἰμώζω	to wail aloud, lament	0
oinanthe	οἰνάνθη	οἰνάνθη	inflorescence of the grapevine	0
oinas	οἰνάς	οἰνάς	of wine, vinous	0
oineros	οἰνηρός	οἰνηρός	of or belonging to wine	0
oinokhoe	οἰνοχόη	οἰνοχόη	vessel for taking wine from the krater and pouring it into t	0
oinopoin	οἰνόποιν	οἶνοψ	an epithet traditionally rendered as "wine-dark" and taken t	0
oinopon	οἰνόπων	οἶνοψ	an epithet traditionally rendered as "wine-dark" and taken t	0
oinon	οἰνών	οἰνών	wine cellar	0
oioimen	οἰοίμην	οἴομαι	to anticipate or to conclude likely with less than complete	0
oioin	οἰοῖν	οἶς	sheep (either a ram or ewe)	0
oioiin	οἰοῖϊν	οἶς	sheep (either a ram or ewe)	0
oiron	οἰρών	οἰρών	furrow of a plough	0
oisi	οἰσί	οἶς	sheep (either a ram or ewe)	0
oisin	οἰσίν	οἶς	sheep (either a ram or ewe)	0
oisupe	οἰσύπη	οἰσύπη	lanolin	0
oisuinos	οἰσύϊνος	οἰσύϊνος	made of withy	0
oionoi	οἰωνοί	οἰωνός	large bird, bird of prey	0
oionoisi	οἰωνοῖσί	οἰωνός	large bird, bird of prey	0
oionon	οἰωνόν	οἰωνός	large bird, bird of prey	0
oionos	οἰωνός	οἰωνός	large bird, bird of prey	0
oiometha	οἰόμεθα	οἴομαι	to anticipate or to conclude likely with less than complete	0
oiomenos	οἰόμενος	οἴομαι	to anticipate or to conclude likely with less than complete	0
oios	οἰός	οἶς	sheep (either a ram or ewe)	0
oion	οἰῶν	οἶος	only	0
hoi	οἱ	ὁ	the	0
oia	οἴα	οἶος	only	0
oiax	οἴαξ	οἴαξ	tiller, the handle of the rudder	0
oigo	οἴγω	οἴγω	to open	0
oidema	οἴδημα	οἴδημα	swelling, tumour	1
oieai	οἴεαι	οἴομαι	to anticipate or to conclude likely with less than complete	0
oiei	οἴει	οἴομαι	to anticipate or to conclude likely with less than complete	0
oiesthai	οἴεσθαι	οἴομαι	to anticipate or to conclude likely with less than complete	0
oiesi	οἴεσι	οἶς	sheep (either a ram or ewe)	0
oiesin	οἴεσιν	οἶς	sheep (either a ram or ewe)	0
oiessi	οἴεσσι	οἶς	sheep (either a ram or ewe)	0
oiessin	οἴεσσιν	οἶς	sheep (either a ram or ewe)	0
oietai	οἴεται	οἴομαι	to anticipate or to conclude likely with less than complete	0
oizuos	οἴζυος	οἴζυος	wretched	0
oie	οἴη	οἶος	only	0
oiesthe	οἴησθε	οἴομαι	to anticipate or to conclude likely with less than complete	0
oikade	οἴκαδε	οἴκαδε	home (homewards)	0
oikema	οἴκημα	οἴκημα	dwelling-place, home, building	0
oikesis	οἴκησις	οἴκησις	the act of dwelling or inhabiting	0
oikothen	οἴκοθεν	οἴκοθεν	from home	0
oikoi	οἴκοι	οἴκοι	at home	0
oikoin	οἴκοιν	οἶκος	dwelling place, settlement, house	0
oikoio	οἴκοιο	οἶκος	dwelling place, settlement, house	0
oikois	οἴκοις	οἶκος	dwelling place, settlement, house	0
oikoisi	οἴκοισι	οἶκος	dwelling place, settlement, house	0
oikoisin	οἴκοισιν	οἶκος	dwelling place, settlement, house	0
oikou	οἴκου	οἶκος	dwelling place, settlement, house	0
oikous	οἴκους	οἶκος	dwelling place, settlement, house	0
oiko	οἴκω	οἶκος	dwelling place, settlement, house	0
oikon	οἴκων	οἶκος	dwelling place, settlement, house	0
oimoi	οἴμοι	οἴμοι	woe is me	0
oinaron	οἴναρον	οἴναρον	A vine leaf or tendril	0
oine	οἴνη	οἴνη	old name for the vine	0
oininos	οἴνινος	οἴνινος	of wine	0
oinoin	οἴνοιν	οἶνος	wine (alcoholic beverage)	1
oinoio	οἴνοιο	οἶνος	wine (alcoholic beverage)	1
oinois	οἴνοις	οἶνος	wine (alcoholic beverage)	1
oinoisi	οἴνοισι	οἶνος	wine (alcoholic beverage)	1
oinoisin	οἴνοισιν	οἶνος	wine (alcoholic beverage)	1
oinoiin	οἴνοιϊν	οἶνος	wine (alcoholic beverage)	1
oinopa	οἴνοπα	οἶνοψ	an epithet traditionally rendered as "wine-dark" and taken t	0
oinopas	οἴνοπας	οἶνοψ	an epithet traditionally rendered as "wine-dark" and taken t	0
oinope	οἴνοπε	οἶνοψ	an epithet traditionally rendered as "wine-dark" and taken t	0
oinopes	οἴνοπες	οἶνοψ	an epithet traditionally rendered as "wine-dark" and taken t	0
oinopi	οἴνοπι	οἶνοψ	an epithet traditionally rendered as "wine-dark" and taken t	0
oinopos	οἴνοπος	οἶνοψ	an epithet traditionally rendered as "wine-dark" and taken t	0
oinou	οἴνου	οἶνος	wine (alcoholic beverage)	1
oinous	οἴνους	οἶνος	wine (alcoholic beverage)	1
oinopsi	οἴνοψι	οἶνοψ	an epithet traditionally rendered as "wine-dark" and taken t	0
oinopsin	οἴνοψιν	οἶνοψ	an epithet traditionally rendered as "wine-dark" and taken t	0
oino	οἴνω	οἶνος	wine (alcoholic beverage)	1
oinon	οἴνων	οἶνος	wine (alcoholic beverage)	1
oioio	οἴοιο	οἴομαι	to anticipate or to conclude likely with less than complete	0
oioito	οἴοιτο	οἴομαι	to anticipate or to conclude likely with less than complete	0
oiomai	οἴομαι	οἴομαι	to anticipate or to conclude likely with less than complete	0
oiontai	οἴονται	οἴομαι	to anticipate or to conclude likely with less than complete	0
oiou	οἴου	οἶος	only	0
oisei	οἴσει	φέρω	to bring, bear, carry	0
oisein	οἴσειν	φέρω	to bring, bear, carry	0
oiseis	οἴσεις	φέρω	to bring, bear, carry	0
oisesthe	οἴσεσθε	φέρω	to bring, bear, carry	0
oisetai	οἴσεται	φέρω	to bring, bear, carry	0
oisete	οἴσετε	φέρω	to bring, bear, carry	0
oiseton	οἴσετον	φέρω	to bring, bear, carry	0
oisoi	οἴσοι	φέρω	to bring, bear, carry	0
oisomai	οἴσομαι	φέρω	to bring, bear, carry	0
oisomen	οἴσομεν	φέρω	to bring, bear, carry	0
oisontai	οἴσονται	φέρω	to bring, bear, carry	0
oisousi	οἴσουσι	φέρω	to bring, bear, carry	0
oisousin	οἴσουσιν	φέρω	to bring, bear, carry	0
oispe	οἴσπη	οἴσπη	sheep dung, especially the dirt that collects about the hind	0
oistro	οἴστρῳ	οἶστρος	gadfly, breese	1
oisupos	οἴσυπος	οἰσύπη	lanolin	0
oiso	οἴσω	φέρω	to bring, bear, carry	0
oipho	οἴφω	οἴφω	to fuck (someone) (to have sex with (someone))	0
oikhetai	οἴχεται	οἴχομαι	to have or be gone, absent, vanished	0
oikhomai	οἴχομαι	οἴχομαι	to have or be gone, absent, vanished	0
oio	οἴω	οἴω	active of οἴομαι (oíomai, “I think”)	0
oie	οἴῃ	οἴομαι	to anticipate or to conclude likely with less than complete	0
oio	οἴῳ	οἶος	only	0
hoi	οἵ	ὅ	who	0
oia	οἵα	οἷος	relative adjective of quality such as	0
oiais	οἵαις	οἷος	relative adjective of quality such as	0
oian	οἵαν	οἷος	relative adjective of quality such as	0
oias	οἵας	οἷος	relative adjective of quality such as	0
oide	οἵδε	ὅδε	this	0
oie	οἵη	οἷος	relative adjective of quality such as	0
oiois	οἵοις	οἷος	relative adjective of quality such as	0
oiou	οἵου	οἷος	relative adjective of quality such as	0
oious	οἵους	οἷος	relative adjective of quality such as	0
oiper	οἵπερ	ὅσπερ	the very man who, the very thing which	0
oion	οἵων	οἷος	relative adjective of quality such as	0
oios	οἵως	οἵως	in this manner, thus, so	0
oio	οἵῳ	οἷος	relative adjective of quality such as	0
oias	οἶας	οἶς	sheep (either a ram or ewe)	0
oida	οἶδα	οἶδα	to know	0
oidax	οἶδαξ	οἶδαξ	wild fig	0
oidos	οἶδος	οἶδος	swelling, tumor	0
oies	οἶες	οἶς	sheep (either a ram or ewe)	0
oike	οἶκε	οἶκος	dwelling place, settlement, house	0
oikoi	οἶκοι	οἶκος	dwelling place, settlement, house	0
oikos	οἶκος	οἶκος	dwelling place, settlement, house	0
oiktos	οἶκτος	οἶκτος	pity, compassion	0
oikonde	οἶκόνδε	οἶκόνδε	to one's house, homewards	0
oimai	οἶμαι	οἴομαι	to anticipate or to conclude likely with less than complete	0
oimos	οἶμος	οἶμος	way, road, path	0
oin	οἶν	οἶς	sheep (either a ram or ewe)	0
oine	οἶνε	οἶνος	wine (alcoholic beverage)	1
oinoi	οἶνοι	οἶνος	wine (alcoholic beverage)	1
oinos	οἶνος	οἶνος	wine (alcoholic beverage)	1
oinops	οἶνοψ	οἶνοψ	an epithet traditionally rendered as "wine-dark" and taken t	0
oioi	οἶοι	οἶος	only	0
oios	οἶος	οἶος	only	0
ois	οἶς	οἶς	sheep (either a ram or ewe)	0
oisos	οἶσος	οἶσος	the withy or the chaste tree	0
oistros	οἶστρος	οἶστρος	gadfly, breese	1
oiton	οἶτον	οἶτος	fate, doom (in negative sense)	0
oitos	οἶτος	οἶτος	fate, doom (in negative sense)	0
hoi	οἷ	οἷ	to where, whither	0
oiai	οἷαι	οἷος	relative adjective of quality such as	0
oin	οἷν	ὅς	this	0
oio	οἷο	ὅς	this	0
oioi	οἷοι	οἷος	relative adjective of quality such as	0
oion	οἷον	οἷον	in poets and Ionic Prose also neuter plural, to add force, l	0
oios	οἷος	οἷος	relative adjective of quality such as	0
ois	οἷς	ὅς	this	0
oisi	οἷσι	ὅς	this	0
oisin	οἷσιν	ὅς	this	0
oiin	οἷϊν	ὅς	this	0
ouatoiin	οὐάτοιϊν	οὖς	ear	1
ouaton	οὐάτων	οὖς	ear	1
ouai	οὐαί	οὐαί	ah, woe, alas	0
oude	οὐδέ	οὐδέ	but not	0
ouden	οὐδέν	οὐδέν	in no way, not at all	0
oudena	οὐδένα	οὐδείς	no one, nobody, none, nothing, no	0
oudenas	οὐδένας	οὐδείς	no one, nobody, none, nothing, no	0
oudenes	οὐδένες	οὐδείς	no one, nobody, none, nothing, no	0
oudenon	οὐδένων	οὐδείς	no one, nobody, none, nothing, no	0
oudepote	οὐδέποτε	οὐδέποτε	never	0
oudesi	οὐδέσι	οὐδείς	no one, nobody, none, nothing, no	0
oudesin	οὐδέσιν	οὐδείς	no one, nobody, none, nothing, no	0
oudamou	οὐδαμοῦ	οὐδαμοῦ	nowhere	0
oudamos	οὐδαμῶς	οὐδαμῶς	not at all	0
oudeis	οὐδείς	οὐδείς	no one, nobody, none, nothing, no	0
oudemia	οὐδεμία	οὐδείς	no one, nobody, none, nothing, no	0
oudemiai	οὐδεμίαι	οὐδείς	no one, nobody, none, nothing, no	0
oudemias	οὐδεμίας	οὐδείς	no one, nobody, none, nothing, no	0
oudemion	οὐδεμιῶν	οὐδείς	no one, nobody, none, nothing, no	0
oudeni	οὐδενί	οὐδείς	no one, nobody, none, nothing, no	0
oudenos	οὐδενός	οὐδείς	no one, nobody, none, nothing, no	0
oudou	οὐδοῦ	οὐδός	threshold	0
oudon	οὐδόν	οὐδός	threshold	0
oudos	οὐδός	οὐδός	threshold	0
oudo	οὐδῷ	οὐδός	threshold	0
ouk	οὐκ	οὐ	not (indicates negation)	0
ouketi	οὐκέτι	οὐκέτι	no more, no longer, no further, not now	0
ouki	οὐκί	οὐ	not (indicates negation)	0
oukoun	οὐκοῦν	οὐκοῦν	therefore	0
oule	οὐλή	οὐλή	scar, wound scarred over	0
oulen	οὐλήν	οὐλή	scar, wound scarred over	0
oulamon	οὐλαμόν	οὐλαμός	throng of warriors	0
oulamos	οὐλαμός	οὐλαμός	throng of warriors	0
oura	οὐρά	οὐρά	the tail (of an animal)	1
ouran	οὐράν	οὐρά	the tail (of an animal)	1
ourane	οὐράνη	οὐράνη	chamber pot	0
ourania	οὐράνια	οὐράνια	celestial phenomena	0
ouraniai	οὐράνιαι	οὐράνιαι	the goddesses	0
ouranioi	οὐράνιοι	οὐράνιοι	the gods	0
ouranion	οὐράνιον	οὐράνιον	the name of an eye ointment	0
ouranios	οὐράνιος	οὐράνιος	heavenly	1
ouras	οὐράς	οὐρά	the tail (of an animal)	1
oureessi	οὐρέεσσι	οὖρος	fair wind	0
oureoiin	οὐρέοιϊν	οὖρος	fair wind	0
oureo	οὐρέω	οὐρέω	to make water, urinate	0
oureon	οὐρέων	οὖρος	fair wind	0
ourethra	οὐρήθρα	οὐρήθρα	urethra	1
ourai	οὐραί	οὐρά	the tail (of an animal)	1
ouranios	οὐρανίως	οὐρανίως	from the perspective of the gods	0
ouranos	οὐρανός	οὐρανός	the vaulted sky, on which the stars were attached and the su	0
ourakhos	οὐραχός	οὐραχός	urachus, a foetal organ connected with the bladder	1
ourain	οὐραῖν	οὐρά	the tail (of an animal)	1
ouraios	οὐραῖος	οὐραῖος	of the tail	0
ourais	οὐραῖς	οὐρά	the tail (of an animal)	1
oureus	οὐρεύς	ὀρεύς	mule, beast of burden	0
oureter	οὐρητήρ	οὐρητήρ	= οὐρήθρα (ourḗthra, “urethra”)	1
ouros	οὐρός	οὐρός	trench or channel for hauling up and launching ships	0
ouron	οὐρῶν	οὐρά	the tail (of an animal)	1
ousia	οὐσία	οὐσία	that which is one's own, one's substance, property	0
ouson	οὐσῶν	ὤν	actual	0
outao	οὐτάω	οὐτάω	to stab, hit, wound	0
outa	οὐτᾷ	οὐτάω	to stab, hit, wound	0
oukh	οὐχ	οὐ	not (indicates negation)	0
ouk	οὑκ	οὑκ	crasis of ὁ ἐκ (ho ek)	0
ouasi	οὔασι	οὖς	ear	1
ouasin	οὔασιν	οὖς	ear	1
ouata	οὔατα	οὖς	ear	1
ouate	οὔατε	οὖς	ear	1
ouati	οὔατι	οὖς	ear	1
ouatos	οὔατος	οὖς	ear	1
outha	οὔθα	οὔθα	dust (?)	0
oukoun	οὔκουν	οὔκουν	certainly not	0
oulas	οὔλας	οὖλος	baneful, destructive	0
oupote	οὔποτε	οὔποτε	never	0
oupo	οὔπω	οὔπω	not yet	0
ourea	οὔρεα	οὖρος	fair wind	0
ouree	οὔρεε	οὖρος	fair wind	0
ourei	οὔρει	οὖρος	fair wind	0
oureos	οὔρεος	οὖρος	fair wind	0
ouresi	οὔρεσι	οὖρος	fair wind	0
ouresin	οὔρεσιν	οὖρος	fair wind	0
ouressi	οὔρεσσι	οὖρος	fair wind	0
ouressin	οὔρεσσιν	οὖρος	fair wind	0
ouresphi	οὔρεσφι	οὖρος	fair wind	0
oureus	οὔρευς	οὖρος	fair wind	0
ouresis	οὔρησις	οὔρησις	A urination	1
ourios	οὔριος	οὔριος	with a fair wind	0
ousa	οὔσα	ὤν	actual	0
ousain	οὔσαιν	ὤν	actual	0
ousais	οὔσαις	ὤν	actual	0
ousas	οὔσας	ὤν	actual	0
ouses	οὔσης	ὤν	actual	0
ouse	οὔσῃ	ὤν	actual	0
outase	οὔτασε	οὐτάω	to stab, hit, wound	0
outasen	οὔτασεν	οὐτάω	to stab, hit, wound	0
oute	οὔτε	οὔτε	and not	0
outese	οὔτησε	οὐτάω	to stab, hit, wound	0
outis	οὔτις	οὔτις	no one, nobody, none, nothing, no	0
ouneka	οὕνεκα	οὕνεκα	because	0
ous	οὕς	ὅς	this	0
outo	οὕτω	οὕτως	in this manner, thus, so	0
outos	οὕτως	οὕτως	in this manner, thus, so	0
oudas	οὖδας	οὖδας	ground, earth	0
outhar	οὖθαρ	οὖθαρ	udder	0
oulon	οὖλον	οὖλον	gum (flesh around the teeth)	0
oulos	οὖλος	οὖλος	baneful, destructive	0
oun	οὖν	οὖν	then (implying temporal sequence)	0
ourax	οὖραξ	οὖραξ	pipit (bird of the genus Anthus)	0
ouron	οὖρον	οὖρον	urine	0
ouros	οὖρος	οὖρος	fair wind	0
ous	οὖς	οὖς	ear	1
ousai	οὖσαι	ὤν	actual	0
ousan	οὖσαν	ὤν	actual	0
ousi	οὖσι	ὤν	actual	0
ousin	οὖσιν	ὤν	actual	0
ouson	οὖσον	οὖσον	ship's tackle, ropes	0
hou	οὗ	οὗ	"of him/her/it", "than him/her/it", etc	0
outoi	οὗτοι	οὗτος	this	0
outos	οὗτος	οὗτος	this	0
page	πάγη	πάγη	snare, noose, anything that fixes or fastens	0
pagios	πάγιος	πάγιος	solid	0
pagkreas	πάγκρεας	πάγκρεας	pancreas	0
pagos	πάγος	πάγος	mountain peak, rocky hill	1
pagouros	πάγουρος	πάγουρος	crab	0
pados	πάδος	πάδος	mahaleb cherry (Prunus mahaleb)	0
pathes	πάθες	πάσχω	to undergo, experience (as opposed to acting)	0
pathe	πάθη	πάθη	what is done or what happens to a person	0
pathema	πάθημα	πάθημα	that which befalls someone, suffering, misfortune	0
pathomen	πάθομεν	πάσχω	to undergo, experience (as opposed to acting)	0
pathon	πάθον	πάσχω	to undergo, experience (as opposed to acting)	0
pathos	πάθος	πάθος	pain, suffering, death	1
pathomi	πάθωμι	πάσχω	to undergo, experience (as opposed to acting)	0
pathesi	πάθῃσι	πάσχω	to undergo, experience (as opposed to acting)	0
pakton	πάκτων	πάκτων	light boat of wickerwork, used on the Nile	0
palai	πάλαι	πάλαι	long ago, in days past	0
palaxis	πάλαξις	πάλαξις	laying on of a preliminary coat of paint, priming	0
pale	πάλη	πάλη	wrestling, fight	0
pales	πάλης	πάλη	wrestling, fight	0
palin	πάλιν	πάλιν	back	0
pallax	πάλλαξ	πάλλαξ	youth (young boy or girl)	0
pallo	πάλλω	πάλλω	to poise or sway a missile before it is thrown	0
pallon	πάλλων	πάλλω	to poise or sway a missile before it is thrown	0
palmus	πάλμυς	πάλμυς	king	0
pampan	πάμπαν	πάμπαν	wholly	0
pandemos	πάνδημος	πάνδημος	of or belonging to all the people, public	1
panther	πάνθηρ	πάνθηρ	panther	0
panoptos	πάνοπτος	πάνοπτος	seen by all, visible to all	0
panta	πάντα	πᾶς	all	1
pantas	πάντας	πᾶς	all	1
pante	πάντε	πᾶς	all	1
pantes	πάντες	πᾶς	all	1
pantesi	πάντεσι	πᾶς	all	1
pantessi	πάντεσσι	πᾶς	all	1
pantimos	πάντιμος	πάντιμος	all-honourable	0
pantoin	πάντοιν	πᾶς	all	1
pantose	πάντοσε	πάντοσε	every way	0
panton	πάντων	πᾶς	all	1
pante	πάντῃ	πάντῃ	everywhere, in every direction, on every side, all around	0
panu	πάνυ	πάνυ	altogether	0
panussa	πάνυσσα	πάνυσσα	twisted band, snood	0
pax	πάξ	πάξ	enough!, oh!, bah!, good!	0
pappas	πάππας	πάππας	papa	0
pappos	πάππος	πάππος	grandfather (both maternal or paternal)	1
pappou	πάππου	πάππας	papa	0
paprax	πάπραξ	πάπραξ	Thracian lake-fish	0
paptenen	πάπτηνεν	παπταίνω	to peer around, look about cautiously	0
papuros	πάπυρος	πάπυρος	the plant papyrus	0
par	πάρ	πάρ	Epic and Lyric form of πᾰρᾰ́ (părắ)	0
para	πάρα	πάρα	initial-stress form of of πᾰρᾰ́ (părắ)	0
pardalis	πάρδαλις	πάρδαλις	leopard	0
pareggus	πάρεγγυς	πάρεγγυς	near at hand, close by	0
paredros	πάρεδρος	πάρεδρος	sitting beside (as at a table)	0
parei	πάρει	πάρειμι	to be by or present	0
pareimi	πάρειμι	πάρειμι	to be by or present	0
pareis	πάρεις	πάρειμι	to be by or present	0
pareisin	πάρεισιν	πάρειμι	to be by or present	0
paresis	πάρεσις	πάρεσις	letting go, remission	1
paresti	πάρεστι	πάρειμι	to be by or present	0
parestin	πάρεστιν	πάρειμι	to be by or present	0
pareunos	πάρευνος	πάρευνος	lying beside or with, bedfellow	1
parme	πάρμη	πάρμη	light shield, buckler	0
parnops	πάρνοψ	πάρνοψ	a kind of locust	0
parodos	πάροδος	πάροδος	a way by or past, byway, passage	1
paroithe	πάροιθε	πάροιθεν	in front	0
paroikos	πάροικος	πάροικος	dwelling beside or near, neighbouring	1
paros	πάρος	πάρος	formerly, up to now	0
pasa	πάσα	πᾶς	all	1
pasain	πάσαιν	πᾶς	all	1
pasais	πάσαις	πᾶς	all	1
pasanto	πάσαντο	πατέομαι	to eat	0
pasas	πάσας	πᾶς	all	1
pases	πάσης	πᾶς	all	1
paspalos	πάσπαλος	πάσπαλος	millet (Panicum miliaceum)	0
passalos	πάσσαλος	πάσσαλος	peg on which to hang clothes	0
passo	πάσσω	πάσσω	to sprinkle	0
paskha	πάσχα	πάσχα	Passover	1
paskhein	πάσχειν	πάσχω	to undergo, experience (as opposed to acting)	0
paskho	πάσχω	πάσχω	to undergo, experience (as opposed to acting)	0
paskhon	πάσχων	πάσχω	to undergo, experience (as opposed to acting)	0
pase	πάσῃ	πᾶς	all	1
pasesi	πάσῃσι	πᾶς	all	1
patagos	πάταγος	πάταγος	clatter, crash (of trees falling)	0
patella	πάτελλα	πάτελλα	dish, patella	0
pater	πατήρ	πατήρ	father	0
patos	πάτος	πάτος	path (trodden or beaten way)	0
patra	πάτρα	πάτρα	fatherland, native land	0
patria	πάτρια	πάτρια	ancestral customs	0
patrios	πάτριος	πάτριος	of one's father	0
patros	πάτρως	πάτρως	paternal uncle	0
pakhei	πάχει	πάχος	thickness	0
pakhne	πάχνη	πάχνη	hoarfrost, rime	0
pakhos	πάχος	πάχος	thickness	0
pais	παῖς	παῖς	child	0
pede	πέδη	πέδη	fetter, shackle	0
pedese	πέδησε	πεδάω	to fetter, shackle	0
pedilon	πέδιλον	πέδιλον	sandal (type of footwear)	0
pedon	πέδον	πέδον	ground, earth	0
pedou	πέδου	πέδον	ground, earth	0
pedo	πέδῳ	πέδον	ground, earth	0
peea	πέεα	πέος	penis	0
peee	πέεε	πέος	penis	0
peei	πέει	πέος	penis	0
peeos	πέεος	πέος	penis	0
peesi	πέεσι	πέος	penis	0
peesin	πέεσιν	πέος	penis	0
pezis	πέζις	πέζις	paltry puffball (Bovista plumbea)	0
pee	πέη	πέος	penis	0
peko	πέκω	πέκω	to comb, card	0
pelagos	πέλαγος	πέλαγος	sea	0
pelanos	πέλανος	πέλανος	any thick liquid substance, of various consistency	0
pelas	πέλας	πέλας	nearby, hard by, close by	0
pelasan	πέλασαν	πελάζω	to approach	0
pelei	πέλει	πέλω	to be	0
peleia	πέλεια	πέλεια	rock pigeon	0
peleian	πέλειαν	πέλεια	rock pigeon	0
pelekkon	πέλεκκον	πέλεκκον	handle of an axe	0
pelekun	πέλεκυν	πέλεκυς	two-edged axe for felling trees	0
pelekus	πέλεκυς	πέλεκυς	two-edged axe for felling trees	0
pelen	πέλεν	πέλω	to be	0
peletai	πέλεται	πέλω	to be	0
pella	πέλλα	πέλλα	wooden bowl, milk pail	0
pellutra	πέλλυτρα	πέλλυτρα	sock or bandage worn by runners on the ankle	0
pelma	πέλμα	πέλμα	sole of the foot	0
pelomai	πέλομαι	πέλω	to be	0
pelontai	πέλονται	πέλω	to be	0
pelousi	πέλουσι	πέλω	to be	0
pelte	πέλτη	πέλτη	A small light shield of leather without a rim, used by Thrac	0
peltes	πέλτης	πέλτης	the Nile-fish coracinus after being pickled	0
pelo	πέλω	πέλω	to be	0
pelor	πέλωρ	πέλωρ	a monster or monstrous creature	1
peloron	πέλωρον	πέλωρον	monster	0
pemma	πέμμα	πέμμα	Any kind of dressed food	0
pempe	πέμπε	πέντε	five	0
pempei	πέμπει	πέμπω	to send, dispatch	0
pempein	πέμπειν	πέμπω	to send, dispatch	0
pempeis	πέμπεις	πέμπω	to send, dispatch	0
pempelos	πέμπελος	πέμπελος	old, aged	0
pempeske	πέμπεσκε	πέμπω	to send, dispatch	0
pempetai	πέμπεται	πέμπω	to send, dispatch	0
pempete	πέμπητε	πέμπω	to send, dispatch	0
pempoi	πέμποι	πέμπω	to send, dispatch	0
pempoien	πέμποιεν	πέμπω	to send, dispatch	0
pempoimi	πέμποιμι	πέμπω	to send, dispatch	0
pempois	πέμποις	πέμπω	to send, dispatch	0
pempoite	πέμποιτε	πέμπω	to send, dispatch	0
pempoito	πέμποιτο	πέμπω	to send, dispatch	0
pempomai	πέμπομαι	πέμπω	to send, dispatch	0
pempomen	πέμπομεν	πέμπω	to send, dispatch	0
pempousi	πέμπουσι	πέμπω	to send, dispatch	0
pempta	πέμπτα	πέμπτος	fifth	0
pemptai	πέμπται	πέμπτος	fifth	0
pemptais	πέμπταις	πέμπτος	fifth	0
pemptas	πέμπτας	πέμπτος	fifth	0
pempte	πέμπτη	πέμπτος	fifth	0
pempten	πέμπτην	πέμπτος	fifth	0
pemptes	πέμπτης	πέμπτος	fifth	0
pemptoi	πέμπτοι	πέμπτος	fifth	0
pemptois	πέμπτοις	πέμπτος	fifth	0
pempton	πέμπτον	πέμπτος	fifth	0
pemptos	πέμπτος	πέμπτος	fifth	0
pemptou	πέμπτου	πέμπτος	fifth	0
pemptous	πέμπτους	πέμπτος	fifth	0
pempto	πέμπτῳ	πέμπτος	fifth	0
pempo	πέμπω	πέμπω	to send, dispatch	0
pempon	πέμπων	πέμπω	to send, dispatch	0
pemposi	πέμπωσι	πέμπω	to send, dispatch	0
pemposin	πέμπωσιν	πέμπω	to send, dispatch	0
pempe	πέμπῃ	πέμπω	to send, dispatch	0
pempes	πέμπῃς	πέμπω	to send, dispatch	0
pemphix	πέμφιξ	πέμφιξ	breath	1
pempsai	πέμψαι	πέμπω	to send, dispatch	0
pempsas	πέμψας	πέμπω	to send, dispatch	0
pempsei	πέμψει	πέμπω	to send, dispatch	0
pempseis	πέμψεις	πέμπω	to send, dispatch	0
pempsete	πέμψετε	πέμπω	to send, dispatch	0
pempsoi	πέμψοι	πέμπω	to send, dispatch	0
pempson	πέμψον	πέμπω	to send, dispatch	0
pempso	πέμψω	πέμπω	to send, dispatch	0
penes	πένης	πένης	labourer, workman	0
penthei	πένθει	πένθος	grief, sorrow	0
penthos	πένθος	πένθος	grief, sorrow	0
penomai	πένομαι	πένομαι	to toil, labor, exert oneself	0
penonto	πένοντο	πένομαι	to toil, labor, exert oneself	0
pente	πέντε	πέντε	five	0
peos	πέος	πέος	penis	0
peous	πέους	πέος	penis	0
pepauka	πέπαυκα	παύω	to make cease	0
pepaukas	πέπαυκας	παύω	to make cease	0
pepauke	πέπαυκε	παύω	to make cease	0
pepaumai	πέπαυμαι	παύω	to make cease	0
pepautai	πέπαυται	παύω	to make cease	0
pepeisai	πέπεισαι	πείθω	to convince, persuade	0
peperi	πέπερι	πέπερι	pepper (plant of the family Piperaceae)	0
peperis	πέπερις	πέπερις	black pepper	0
pepithon	πέπιθον	πείθω	to convince, persuade	0
peploi	πέπλοι	πέπλος	any woven cloth used for a covering, sheet, carpet, curtain	1
peplon	πέπλον	πέπλος	any woven cloth used for a covering, sheet, carpet, curtain	1
peplos	πέπλος	πέπλος	any woven cloth used for a covering, sheet, carpet, curtain	1
peplou	πέπλου	πέπλος	any woven cloth used for a covering, sheet, carpet, curtain	1
pepnumai	πέπνυμαι	πέπνυμαι	to be conscious	0
pepoitha	πέποιθα	πείθω	to convince, persuade	0
pepon	πέπων	πέπων	ripe, softened (of fruit)	0
peponthe	πέπονθε	πάσχω	to undergo, experience (as opposed to acting)	0
peposkha	πέποσχα	πάσχω	to undergo, experience (as opposed to acting)	0
peposkhe	πέποσχε	πάσχω	to undergo, experience (as opposed to acting)	0
peptria	πέπτρια	πέπτρια	baker	0
pepto	πέπτω	πέσσω	to soften, ripen	0
per	περ	περ	Enclitic particle that follows the word it modifies and adds	0
pera	πέρα	πέρα	beyond	0
perama	πέραμα	πέραμα	ferry	0
peran	πέραν	πέραν	on the other side, across	0
peras	πέρας	πέρας	end	0
perdetai	πέρδεται	πέρδομαι	to fart	0
perdix	πέρδιξ	πέρδιξ	partridge	0
perdomai	πέρδομαι	πέρδομαι	to fart	0
peren	πέρην	πέραν	on the other side, across	0
pertho	πέρθω	πέρθω	to sack, ravage, destroy (a city)	0
peri	πέρι	πέρι	initial-stressed form of περῐ́ (perĭ́)	0
perke	πέρκη	πέρκη	perch (Perca fluviatilis)	1
perkos	πέρκος	πέρκος	A kind of hawk	0
perna	πέρνα	πέρνα	ham	0
pernemi	πέρνημι	πέρνημι	to sell	0
pernes	πέρνης	πέρνης	a bird of prey, a kind of hawk	0
perramos	πέρραμος	πέρραμος	king, chief	0
persis	πέρσις	πέρσις	sack, destruction	0
perusi	πέρυσι	πέρυσι	a year ago	0
peskos	πέσκος	πέσκος	skin, hide, rind	0
pesso	πέσσω	πέσσω	to soften, ripen	0
petalon	πέταλον	πέταλον	leaf of plant, flower, or tree	1
petalos	πέταλος	πέταλος	broad, flat	0
petasos	πέτασος	πέτασος	broad-brimmed hat, commonly worn by young men	1
petauron	πέταυρον	πέτευρον	roosting perch for fowls	0
peteto	πέτετο	πέτομαι	to fly	0
peteuron	πέτευρον	πέτευρον	roosting perch for fowls	0
petelos	πέτηλος	πέτηλος	outspread, stretched	0
petomai	πέτομαι	πέτομαι	to fly	0
petra	πέτρα	πέτρα	rock formation	0
petrinos	πέτρινος	πέτρινος	rocky, made of stone	0
petros	πέτρος	πέτρος	rock, stone, boulder	0
petto	πέττω	πέσσω	to soften, ripen	0
pephamai	πέφαμαι	φημί	to speak	0
pephatai	πέφαται	φημί	to speak	0
pephrade	πέφραδε	φράζω	to make known, point out, intimate, show	0
pepsis	πέψις	πέψις	softening, ripening, or changing by means of heat	0
peganon	πήγανον	πήγανον	rue, a plant from the genus Ruta	0
pegnumi	πήγνυμι	πήγνυμι	to secure, stick in, fix on	0
pedema	πήδημα	πήδημα	leap, bound	0
pedinos	πήδινος	πήδινος	made of πηδός (pēdós)	0
pelex	πήληξ	πήληξ	helm	0
pelinos	πήλινος	πήλινος	of clay	0
pemate	πήματε	πῆμα	misery	0
pemati	πήματι	πῆμα	misery	0
pene	πήνη	πήνη	thread on the bobbin in the shuttle	0
pexeos	πήξεως	πῆξις	fixing, putting together	1
pera	πήρα	πήρα	bag, haversack, pouch, wallet	0
piggalos	πίγγαλος	πίγγαλος	kind of lizard	0
pitheai	πίθηαι	πείθω	to convince, persuade	0
pithekos	πίθηκος	πίθηκος	ape	1
pithemi	πίθημι	πείθω	to convince, persuade	0
pithoio	πίθοιο	πείθω	to convince, persuade	0
pithonto	πίθοντο	πείθω	to convince, persuade	0
pithos	πίθος	πίθος	large wine jar, cask	0
pilinos	πίλινος	πίλινος	made of felt	0
pimplemi	πίμπλημι	πίμπλημι	to fill	0
pimpremi	πίμπρημι	πίμπρημι	to kindle, burn, burn down	0
pinax	πίναξ	πίναξ	board	1
pine	πίνη	πίνη	pen shell (bivalve of the family Pinnidae)	0
pininos	πίνινος	πίνινος	regarding the pearl shell	0
pinomai	πίνομαι	πίνω	to drink	0
pino	πίνω	πίνω	to drink	0
pipra	πίπρα	πίπρα	great spotted woodpecker (Dendrocopos major)	0
pipto	πίπτω	πίπτω	to fall, throw oneself down	0
pisinos	πίσινος	πίσινος	made of peas	0
pison	πίσον	πίσον	pea, pease, seed of the plant Pisum sativum	0
pisos	πίσος	πίσος	pea, pease, seed of Pisum sativum	0
pissa	πίσσα	πίσσα	pitch	0
pissinos	πίσσινος	πίσσινος	of or from pitch	0
pistis	πίστις	πίστις	trust in others	0
pisuggos	πίσυγγος	πίσυγγος	shoemaker	0
pisunos	πίσυνος	πίσυνος	trusting, relying, depending	0
pisures	πίσυρες	τέσσαρες	four	1
piso	πίσῳ	πίσον	pea, pease, seed of the plant Pisum sativum	0
pita	πίτα	πίτα	pie	1
pitta	πίττα	πίσσα	pitch	0
pitulos	πίτυλος	πίτυλος	sweep, stroke of oars	0
pituron	πίτυρον	πίτυρον	husks of corn, bran	0
pitus	πίτυς	πίτυς	pine	0
piphigx	πίφιγξ	πίφιγξ	unknown kind of bird	0
pion	πίων	πίων	fat	0
paignion	παίγνιον	παίγνιον	toy, plaything	0
paidesi	παίδεσι	παῖς	child	0
paidesin	παίδεσιν	παῖς	child	0
paidessi	παίδεσσι	παῖς	child	0
paideue	παίδευε	παιδεύω	to raise, bring up a child	0
paidoin	παίδοιν	παῖς	child	0
paidoiin	παίδοιϊν	παῖς	child	0
paidon	παίδων	παῖς	child	0
paiein	παίειν	παίω	to strike, hit	0
paizo	παίζω	παίζω	to play (like a child), sport	0
paiktes	παίκτης	παίκτης	player	0
paio	παίω	παίω	to strike, hit	0
paga	παγά	πηγή	spring	0
pagis	παγίς	παγίς	a trap, snare	0
pagideuo	παγιδεύω	παγιδεύω	to lay a snare for, entrap, ensnare, entangle	0
patheein	παθέειν	παθέειν	aorist active infinitive uncontracted of πᾰ́σχω (pắskhō)	0
pathikos	παθικός	παθικός	Remaining passive	1
paian	παιάν	παιάν	paean	0
paianizo	παιανίζω	παιανίζω	to sing a paean, sing in triumph	0
paidi	παιδί	παῖς	child	0
paidion	παιδίον	παιδίον	little child, young child	1
paideia	παιδεία	παιδεία	upbringing	1
paideuei	παιδεύει	παιδεύω	to raise, bring up a child	0
paideuoi	παιδεύοι	παιδεύω	to raise, bring up a child	0
paideuou	παιδεύου	παιδεύω	to raise, bring up a child	0
paideuso	παιδεύσω	παιδεύω	to raise, bring up a child	0
paideuse	παιδεύσῃ	παιδεύω	to raise, bring up a child	0
paideuo	παιδεύω	παιδεύω	to raise, bring up a child	0
paideuon	παιδεύων	παιδεύω	to raise, bring up a child	0
paideues	παιδεύῃς	παιδεύω	to raise, bring up a child	0
paidia	παιδιά	παιδιά	childish play, fun, sport, game	0
paidika	παιδικά	παιδικός	Belonging to a child	0
paidikon	παιδικόν	παιδικός	Belonging to a child	0
paidikos	παιδικός	παιδικός	Belonging to a child	0
paidnos	παιδνός	παιδνός	young (or possibly a noun, young man, as used by Homer)	0
paidos	παιδός	παῖς	child	0
paipale	παιπάλη	παιπάλη	finest flour or meal	0
paisi	παισί	παῖς	child	0
paisin	παισίν	παῖς	child	0
paionia	παιωνία	παιωνία	peony (Paeonia officinalis, Paeonia mascula)	0
paion	παιών	παιών	physician, healer	1
palathe	παλάθη	παλάθη	cake of preserved fruit, fruitcake	0
palame	παλάμη	παλάμη	palm, hand	0
palasso	παλάσσω	παλάσσω	to besprinkle, defile, bespatter	0
palaio	παλαίω	παλαίω	to wrestle	0
palabos	παλαβός	παλαβός	crazy, foolish	0
palaioi	παλαιοί	παλαιοί	the ancients (those who lived long ago)	0
palaios	παλαιός	παλαιός	old	1
pallake	παλλακή	παλλακή	concubine, young girl	0
palmos	παλμός	παλμός	quivering motion, pulsation, throbbing, twitching	1
palton	παλτόν	παλτόν	missile, dart	0
paltos	παλτός	παλτός	brandished, hurled	0
paluno	παλύνω	παλύνω	to strew	1
panakeia	πανάκεια	πανάκεια	panacea, universal remedy	0
panakes	πανακής	πανακής	all-healing	0
pandemia	πανδημία	πανδημία	the whole people	1
pandemei	πανδημεί	πανδημεί	with the whole people, en masse	0
pandoura	πανδοῦρα	πανδοῦρα	pandura, a three-stringed lute	1
panthera	πανθήρα	πανθήρα	the entire catch or capture by a hunter, especially of wildf	0
panikos	πανικός	πανικός	panic, groundless	1
panoplia	πανοπλία	πανοπλία	suit of armour	1
pansudie	πανσυδίῃ	πανσυδίῃ	with all speed	0
panti	παντί	πᾶς	all	1
pantakhe	πανταχῇ	πανταχῇ	everywhere	0
pantelos	παντελῶς	παντελῶς	completely, entirely, absolutely, outright	0
pantoios	παντοῖος	παντοῖος	all kinds of	0
pantos	παντός	πᾶς	all	1
panos	πανός	πανός	torch	0
paxamas	παξαμᾶς	παξαμᾶς	sort of biscuit	0
papias	παπίας	παπίας	janitor or keeper of the palace	0
papagas	παπαγᾶς	παπαγᾶς	parrot	1
paptenas	παπτήνας	παπταίνω	to peer around, look about cautiously	0
paptaino	παπταίνω	παπταίνω	to peer around, look about cautiously	0
papas	παπᾶς	παπᾶς	accent perispomene for παπάς (papás)	0
para	παρά	παρά	[with genitive]	0
parago	παράγω	παράγω	to lead by or past a place	0
paralia	παράλια	παράλιος	by the sea	1
paralios	παράλιος	παράλιος	by the sea	1
paramene	παράμενε	παραμένω	to stay near, stand beside	0
paranoia	παράνοια	παράνοια	derangement	1
paranoos	παράνοος	παράνοος	deranged	0
parek	παρέκ	παρέκ	along past	0
parelabe	παρέλαβε	παραλαμβάνω	to receive from another	0
paremene	παρέμενε	παραμένω	to stay near, stand beside	0
parex	παρέξ	παρέκ	along past	0
pareste	παρέστη	παρίστημι	to cause to stand by, to place beside	0
pareskhe	παρέσχε	παρέχω	to hold beside, hold in readiness, to furnish, provide, supp	0
parekhei	παρέχει	παρέχω	to hold beside, hold in readiness, to furnish, provide, supp	0
parekho	παρέχω	παρέχω	to hold beside, hold in readiness, to furnish, provide, supp	0
parekhon	παρέχων	παρέχω	to hold beside, hold in readiness, to furnish, provide, supp	0
pareko	παρήκω	παρήκω	to have come alongside	0
pareion	παρήϊον	παρήϊον	cheek	0
parabole	παραβολή	παραβολή	a placing of two things side by side, juxtaposition	1
paragoge	παραγωγή	παραγωγή	transport, conveyance	0
paraineo	παραινέω	παραινέω	to exhort, recommend, advise	0
parakalo	παρακαλῶ	παρακαλέω	to call in, summon, send for	0
paralego	παραλήγω	παραλήγω	to be next to the end, to be penultimate	0
paralias	παραλίας	παράλιος	by the sea	1
paraluo	παραλύω	παραλύω	take off, detach	0
parameno	παραμένω	παραμένω	to stay near, stand beside	0
parapaio	παραπαίω	παραπαίω	to strike on the side, strike falsely	0
parapleo	παραπλέω	παραπλέω	to sail by, close	0
parastas	παραστάς	παραστάς	anything standing beside	0
pardakos	παρδακός	παρδακός	wet, moist, damp	0
pareias	παρείας	παρείας	reddish-brown snake sacred to Asclepius	0
pareia	παρειά	παρειά	cheek	0
pareipon	παρεῖπον	παρεῖπον	to persuade by indirect means, talk around, win over	0
pareinai	παρεῖναι	πάρειμι	to be by or present	0
parthene	παρθένε	παρθένος	young, unmarried woman	1
partheno	παρθένῳ	παρθένος	young, unmarried woman	1
parienai	παριέναι	πάρειμι	to be by or present	0
parion	παριών	πάρειμι	to be by or present	0
paroikeo	παροικέω	παροικέω	to dwell beside	0
paroikia	παροικία	παροικία	temporary residency in a foreign land	0
paroikon	παροικῶν	παροικέω	to dwell beside	0
paroimia	παροιμία	παροιμία	a byword, saying, proverb, maxim	1
paroxuno	παροξύνω	παροξύνω	to urge, prick, spur on, stimulate	0
parorao	παροράω	παροράω	to look at by the way, notice, remark	0
parousia	παρουσία	παρουσία	presence	1
parouson	παρουσῶν	παρών	a kind of light boat	0
parresia	παρρησία	παρρησία	openness, frankness	0
parresia	παρρησίᾳ	παρρησίᾳ	openly, frankly	0
paron	παρών	παρών	a kind of light boat	0
parenei	παρῄνει	παραινέω	to exhort, recommend, advise	0
parelthe	παρῆλθε	παρέρχομαι	to go by, beside, or past	0
paren	παρῆν	πάρειμι	to be by or present	0
parodia	παρῳδία	παρῳδία	parody	0
parodias	παρῳδίας	παρῳδία	parody	0
paromen	παρῶμεν	πάρειμι	to be by or present	0
pasaon	πασάων	πᾶς	all	1
paseon	πασέων	πᾶς	all	1
paspale	πασπάλη	πασπάλη	finest flour or meal	0
pasta	παστά	παστά	barley porridge	0
pastas	παστάς	παστάς	porch in front of house	0
pastos	παστός	παστός	sprinkled with salt, salted	0
pastoo	παστόω	παστόω	to build a bridal chamber	0
pason	πασῶν	πᾶς	all	1
patane	πατάνη	πατάνη	kind of flat dish	0
patasso	πατάσσω	πατάσσω	to knock, beat	0
pateomai	πατέομαι	πατέομαι	to eat	0
patera	πατέρα	πατήρ	father	0
pateras	πατέρας	πατήρ	father	0
pateres	πατέρες	πατήρ	father	0
pateri	πατέρι	πατήρ	father	0
pateron	πατέρων	πατήρ	father	0
pateo	πατέω	πατέω	to walk, to tread	0
patageo	παταγέω	παταγέω	clatter, clash	0
paterizo	πατερίζω	πατερίζω	to call father	0
patri	πατρί	πατήρ	father	0
patridi	πατρίδι	πατρίς	The place of one's father/ancestors	0
patridos	πατρίδος	πατρίς	The place of one's father/ancestors	0
patris	πατρίς	πατρίς	The place of one's father/ancestors	0
patria	πατριά	πατριά	lineage, descent	0
patriazo	πατριάζω	πατριάζω	to take after one's father	0
patrika	πατρικά	πατρικός	hereditary, inherited	0
patrike	πατρικέ	πατρικός	hereditary, inherited	0
patrikai	πατρικαί	πατρικός	hereditary, inherited	0
patrikoi	πατρικοί	πατρικός	hereditary, inherited	0
patrikos	πατρικός	πατρικός	hereditary, inherited	0
patroios	πατρώϊος	πατρῷος	of or from one's father, hereditary	0
patroos	πατρῷος	πατρῷος	of or from one's father, hereditary	0
pauestho	παυέσθω	παύω	to make cease	0
paueto	παυέτω	παύω	to make cease	0
paueton	παυέτων	παύω	to make cease	0
pauthen	παυθέν	παύω	to make cease	0
pauthese	παυθήσῃ	παύω	to make cease	0
pautheis	παυθείς	παύω	to make cease	0
pauoimen	παυοίμην	παύω	to make cease	0
pauoiten	παυοίτην	παύω	to make cease	0
pauomene	παυομένη	παύω	to make cease	0
pausamen	παυσάμην	παύω	to make cease	0
pausato	παυσάτω	παύω	to make cease	0
pausthen	παυσθέν	παύω	to make cease	0
pausthe	παυσθῇ	παύω	to make cease	0
pausthes	παυσθῇς	παύω	to make cease	0
paustho	παυσθῶ	παύω	to make cease	0
pakhuno	παχύνω	παχύνω	to thicken, fatten	0
pakhus	παχύς	παχύς	thick	1
pauei	παύει	παύω	to make cease	0
pauein	παύειν	παύω	to make cease	0
paueis	παύεις	παύω	to make cease	0
pauesthe	παύεσθε	παύω	to make cease	0
pauetai	παύεται	παύω	to make cease	0
pauete	παύετε	παύω	to make cease	0
pauoi	παύοι	παύω	to make cease	0
pauoien	παύοιεν	παύω	to make cease	0
pauoimi	παύοιμι	παύω	to make cease	0
pauointo	παύοιντο	παύω	to make cease	0
pauoio	παύοιο	παύω	to make cease	0
pauois	παύοις	παύω	to make cease	0
pauoite	παύοιτε	παύω	to make cease	0
pauoito	παύοιτο	παύω	to make cease	0
pauoiton	παύοιτον	παύω	to make cease	0
pauomai	παύομαι	παύω	to make cease	0
pauomen	παύομεν	παύω	to make cease	0
pauontai	παύονται	παύω	to make cease	0
pauou	παύου	παύω	to make cease	0
pauousa	παύουσα	παύω	to make cease	0
pauousi	παύουσι	παύω	to make cease	0
pauousin	παύουσιν	παύω	to make cease	0
pausai	παύσαι	παύω	to make cease	0
pausaien	παύσαιεν	παύω	to make cease	0
pausaimi	παύσαιμι	παύω	to make cease	0
pausaio	παύσαιο	παύω	to make cease	0
pausais	παύσαις	παύω	to make cease	0
pausaite	παύσαιτε	παύω	to make cease	0
pausaito	παύσαιτο	παύω	to make cease	0
pausanto	παύσαντο	παύω	to make cease	0
pausate	παύσατε	παύω	to make cease	0
pausei	παύσει	παύω	to make cease	0
pauseian	παύσειαν	παύω	to make cease	0
pauseias	παύσειας	παύω	to make cease	0
pauseie	παύσειε	παύω	to make cease	0
pausein	παύσειν	παύω	to make cease	0
pauseis	παύσεις	παύω	to make cease	0
pausetai	παύσεται	παύω	to make cease	0
pausete	παύσετε	παύω	to make cease	0
pauseton	παύσετον	παύω	to make cease	0
pausoi	παύσοι	παύω	to make cease	0
pausoien	παύσοιεν	παύω	to make cease	0
pausoimi	παύσοιμι	παύω	to make cease	0
pausoio	παύσοιο	παύω	to make cease	0
pausois	παύσοις	παύω	to make cease	0
pausoite	παύσοιτε	παύω	to make cease	0
pausoito	παύσοιτο	παύω	to make cease	0
pausomai	παύσομαι	παύω	to make cease	0
pausomen	παύσομεν	παύω	to make cease	0
pausousa	παύσουσα	παύω	to make cease	0
pausousi	παύσουσι	παύω	to make cease	0
pauso	παύσω	παύω	to make cease	0
pauson	παύσων	παύω	to make cease	0
pausosi	παύσωσι	παύω	to make cease	0
pause	παύσῃ	παύω	to make cease	0
pauses	παύσῃς	παύω	to make cease	0
pauo	παύω	παύω	to make cease	0
pauon	παύων	παύω	to make cease	0
pauosi	παύωσι	παύω	to make cease	0
paue	παύῃ	παύω	to make cease	0
paues	παύῃς	παύω	to make cease	0
pai	παῖ	παῖς	child	0
paida	παῖδα	παῖς	child	0
paidas	παῖδας	παῖς	child	0
paide	παῖδε	παῖς	child	0
paides	παῖδες	παῖς	child	0
paula	παῦλα	παῦλα	rest, pause	0
pauroi	παῦροι	παῦρος	little, small	0
pauros	παῦρος	παῦρος	little, small	0
pausan	παῦσαν	παύω	to make cease	0
pausis	παῦσις	παῦσις	stopping, ceasing	0
peeoin	πεέοιν	πέος	penis	0
peeon	πεέων	πέος	penis	0
peithei	πείθει	πείθω	to convince, persuade	0
peithein	πείθειν	πείθω	to convince, persuade	0
peitheis	πείθεις	πείθω	to convince, persuade	0
peithete	πείθετε	πείθω	to convince, persuade	0
peithoi	πείθοι	πείθω	to convince, persuade	0
peithoio	πείθοιο	πείθω	to convince, persuade	0
peithois	πείθοις	πείθω	to convince, persuade	0
peithou	πείθου	πείθω	to convince, persuade	0
peitho	πείθω	πείθω	to convince, persuade	0
peithon	πείθων	πείθω	to convince, persuade	0
peithosi	πείθωσι	πείθω	to convince, persuade	0
peithe	πείθῃ	πείθω	to convince, persuade	0
peithes	πείθῃς	πείθω	to convince, persuade	0
peiras	πείρας	πεῖρα	trial, experiment, attempt	0
peirins	πείρινς	πείρινς	wicker basket tied upon a cart	0
peiro	πείρω	πείρω	to pierce	0
peiron	πείρων	πείρω	to pierce	0
peira	πεῖρα	πεῖρα	trial, experiment, attempt	0
peisai	πείσαι	πείθω	to convince, persuade	0
peisaien	πείσαιεν	πείθω	to convince, persuade	0
peisaimi	πείσαιμι	πείθω	to convince, persuade	0
peisais	πείσαις	πείθω	to convince, persuade	0
peisaite	πείσαιτε	πείθω	to convince, persuade	0
peisas	πείσας	πείθω	to convince, persuade	0
peisei	πείσει	πείθω	to convince, persuade	0
peiseian	πείσειαν	πείθω	to convince, persuade	0
peiseias	πείσειας	πείθω	to convince, persuade	0
peiseie	πείσειε	πείθω	to convince, persuade	0
peiseien	πείσειεν	πείθω	to convince, persuade	0
peisein	πείσειν	πείθω	to convince, persuade	0
peisete	πείσετε	πείθω	to convince, persuade	0
peisomen	πείσομεν	πείθω	to convince, persuade	0
peiso	πείσω	πείθω	to convince, persuade	0
peisosi	πείσωσι	πείθω	to convince, persuade	0
peisosin	πείσωσιν	πείθω	to convince, persuade	0
peises	πείσῃς	πείθω	to convince, persuade	0
pedao	πεδάω	πεδάω	to fetter, shackle	0
pedioio	πεδίοιο	πεδίον	open country, field, plain, flat	1
pedion	πεδίον	πεδίον	open country, field, plain, flat	1
pedionde	πεδίονδε	πεδίονδε	to the ground	0
pediou	πεδίου	πεδίον	open country, field, plain, flat	1
peza	πεζά	πεζός	on foot, walking	0
pezas	πεζάς	πεζός	on foot, walking	0
pezaon	πεζάων	πεζός	on foot, walking	0
peze	πεζέ	πεζός	on foot, walking	0
pezeon	πεζέων	πεζός	on foot, walking	0
pezen	πεζήν	πεζός	on foot, walking	0
pezai	πεζαί	πεζός	on foot, walking	0
pezain	πεζαῖν	πεζός	on foot, walking	0
pezais	πεζαῖς	πεζός	on foot, walking	0
pezaiin	πεζαῖϊν	πεζός	on foot, walking	0
pezoi	πεζοί	πεζός	on foot, walking	0
pezous	πεζούς	πεζός	on foot, walking	0
pezoin	πεζοῖν	πεζός	on foot, walking	0
pezoio	πεζοῖο	πεζός	on foot, walking	0
pezois	πεζοῖς	πεζός	on foot, walking	0
pezoisi	πεζοῖσι	πεζός	on foot, walking	0
pezoisin	πεζοῖσιν	πεζός	on foot, walking	0
pezoiin	πεζοῖϊν	πεζός	on foot, walking	0
pezou	πεζοῦ	πεζός	on foot, walking	0
pezon	πεζόν	πεζός	on foot, walking	0
pezos	πεζός	πεζός	on foot, walking	0
pezo	πεζώ	πεζός	on foot, walking	0
pezes	πεζῆς	πεζός	on foot, walking	0
peze	πεζῇ	πεζῇ	by land	0
pezesi	πεζῇσι	πεζός	on foot, walking	0
pezesin	πεζῇσιν	πεζός	on foot, walking	0
peitheto	πειθέτω	πείθω	to convince, persuade	0
peithos	πειθός	πειθός	persuasive	0
peitho	πειθώ	πειθώ	persuasion	0
peinao	πεινάω	πεινάω	to be hungry	0
peinodes	πεινώδης	πεινώδης	hungry	0
peirazo	πειράζω	πειράζω	to make proof or trial of	0
peirasas	πειράσας	πειράζω	to make proof or trial of	0
peirao	πειράω	πειράω	to try	0
peiraino	πειραίνω	περαίνω	to finish, to bring to an end	0
peirata	πειρατά	πειρατής	brigand, robber	0
peirates	πειρατής	πειρατής	brigand, robber	0
peirosin	πειρῶσιν	πειράω	to try	0
peironto	πειρῷντο	πειράω	to try	0
peisthe	πεισθῇ	πείθω	to convince, persuade	0
peisthes	πεισθῇς	πείθω	to convince, persuade	0
peistho	πεισθῶ	πείθω	to convince, persuade	0
pekteo	πεκτέω	πεκτέω	to shear, to clip	0
pelagios	πελάγιος	πελάγιος	marine, maritime (pertaining to the sea	0
pelazo	πελάζω	πελάζω	to approach	0
pelates	πελάτης	πελάτης	one who approaches or comes near, neighbor	0
pelekeas	πελέκεας	πέλεκυς	two-edged axe for felling trees	0
pelargos	πελαργός	πελαργός	stork	0
pelekan	πελεκάν	πελεκάν	pelican (Pelecanus onocrotalus)	0
pelekas	πελεκᾶς	πελεκᾶς	kind of woodpecker	0
pelemizo	πελεμίζω	πελεμίζω	to shake, cause to quiver or tremble	0
pelidnos	πελιδνός	πελιδνός	livid	0
pelios	πελιός	πελιός	black and blue	0
pellos	πελλός	πελλός	dark-colored, dusky	0
peltazo	πελτάζω	πελτάζω	to serve as a peltast	0
peloris	πελωρίς	πελωρίς	kind of large mussel	0
pelorios	πελώριος	πελώριος	monstrous	0
pempeto	πεμπέτω	πέμπω	to send, dispatch	0
pemptas	πεμπτάς	πεμπτάς	the number five	0
pemptos	πεμπτός	πεμπτός	sent	0
penia	πενία	πενία	poverty, indigence, beggary	0
pentheo	πενθέω	πενθέω	to mourn, or grieve	0
penthera	πενθερά	πενθερά	mother-in-law	0
pentakis	πεντάκις	πεντάκις	five times	0
pentas	πεντάς	πεντάς	the number five	1
peoin	πεοῖν	πέος	penis	0
pepaukos	πεπαυκός	παύω	to make cease	0
peplegos	πεπληγώς	πλήσσω	to strike, smite	0
pepoieka	πεποίηκα	ποιέω	to make	0
pepoieke	πεποίηκε	ποιέω	to make	0
pepoieso	πεποίησο	ποιέω	to make	0
pepton	πεπτόν	πεπτός	cooked	1
peptos	πεπτός	πεπτός	cooked	1
peraan	περάαν	περάω	to go from one side to another	0
perates	περάτης	περάτης	ferryman, transporter	0
perao	περάω	περάω	to go from one side to another	0
peri	περί	περί	[with genitive]	1
perieimi	περίειμι	περίειμι	to be around (a place)	0
perizoma	περίζωμα	περίζωμα	a loincloth worn around the waist	1
perilusi	περίλυσι	περίλυσις	cancellation	0
perimene	περίμενε	περιμένω	to wait for, await	0
perineos	περίνεος	περίνεος	Space between the anus and scrotum/vulva	0
perineos	περίνεως	περίνεως	a supernumerary on board ship	0
periodos	περίοδος	περίοδος	going round in a circle, flank march	1
peraino	περαίνω	περαίνω	to finish, to bring to an end	0
peraioo	περαιόω	περαιόω	to carry over, carry across	1
periepo	περιέπω	περιέπω	to treat, handle	0
periekho	περιέχω	περιέχω	to embrace, to surround, to encompass, to contain, to enclos	0
peribole	περιβολή	περιβολή	covering, garment	0
perikope	περικοπή	περικοπή	a cutting all round, mutilation, lopping, docking, trepannin	0
periluo	περιλύω	περιλύω	to loosen about	0
perimeno	περιμένω	περιμένω	to wait for, await	0
periorao	περιοράω	περιοράω	to overlook, ignore	0
perioran	περιορᾶν	περιοράω	to overlook, ignore	0
perioron	περιορῶν	περιοράω	to overlook, ignore	0
periokhe	περιοχή	περιοχή	enclosure	0
peripleo	περιπλέω	περιπλέω	to sail or swim around	0
perispao	περισπάω	περισπάω	to draw off from around, strip off	0
perissos	περισσός	περισσός	prodigious (beyond the regular number or size)	0
peritome	περιτομή	περιτομή	circular incision	0
perion	περιών	περίειμι	to be around (a place)	0
periesan	περιῆσαν	περίειμι	to be around (a place)	0
perknos	περκνός	περκνός	dusky, dark in colour, having dark spots	0
persea	περσέα	περσέα	persea, an Egyptian tree (Mimusops laurifolia)	0
persikon	περσικόν	περσικόν	peach (soft juicy stone fruit of the peach tree, having yell	0
perone	περόνη	περόνη	pin or tongue of a buckle or brooch	1
peseitai	πεσεῖται	πίπτω	to fall, throw oneself down	0
pesoumai	πεσοῦμαι	πίπτω	to fall, throw oneself down	0
pessos	πεσσός	πεσσός	oval shaped stone used in board games	0
petale	πετάλη	πέταλον	leaf of plant, flower, or tree	1
petalou	πετάλου	πέταλον	leaf of plant, flower, or tree	1
petassas	πετάσσας	πετάννυμι	to spread out, open	0
peteenos	πετεηνός	πετεινός	fully fledged	0
peteine	πετεινέ	πετεινός	fully fledged	0
peteinen	πετεινήν	πετεινός	fully fledged	0
peteinai	πετειναί	πετεινός	fully fledged	0
peteinoi	πετεινοί	πετεινός	fully fledged	0
peteinou	πετεινοῦ	πετεινόν	a bird	0
peteinon	πετεινόν	πετεινόν	a bird	0
peteinos	πετεινός	πετεινός	fully fledged	0
peteines	πετεινῆς	πετεινός	fully fledged	0
peteinon	πετεινῶν	πετεινός	fully fledged	0
peteino	πετεινῷ	πετεινός	fully fledged	0
pephuzos	πεφυζώς	φεύγω	to flee, run off, go a certain direction with haste (often w	0
pephukei	πεφύκει	φύω	to bring forth, produce, generate, cause to grow	0
peuke	πεύκη	πεύκη	pine	0
peukinos	πεύκινος	πεύκινος	of, from or made of pine wood	0
peodes	πεώδης	πεώδης	with a large penis	0
pei	πεῖ	πεῖ	pi, the name for the sixteenth letter Π (P), π (p) of the An	0
peithen	πεῖθεν	πείθω	to convince, persuade	0
peina	πεῖνα	πεῖνα	hunger, famine, starvation	0
peiran	πεῖραν	πεῖρα	trial, experiment, attempt	0
peiras	πεῖρας	πείρω	to pierce	0
peisa	πεῖσα	πεῖσα	obedience	0
peisai	πεῖσαι	πεῖσα	obedience	0
peisis	πεῖσις	πεῖσις	persuasion	0
peisma	πεῖσμα	πεῖσμα	ship's cable, stern's cable	0
peison	πεῖσον	πείθω	to convince, persuade	0
peon	πεῶν	πέος	penis	0
pega	πηγά	πηγή	spring	0
pegas	πηγάς	πηγή	spring	0
pege	πηγή	πηγή	spring	0
pegen	πηγήν	πηγή	spring	0
pegai	πηγαί	πηγή	spring	0
pegain	πηγαῖν	πηγή	spring	0
pegaios	πηγαῖος	πηγαῖος	of or from a well	0
pegais	πηγαῖς	πηγή	spring	0
pegos	πηγός	πηγός	solid, stout, strong (of horses and waves)	0
peges	πηγῆς	πηγή	spring	0
pegon	πηγῶν	πηγή	spring	0
pedalion	πηδάλιον	πηδάλιον	steering-paddle, rudder	0
pedao	πηδάω	πηδάω	to leap, spring, jump	0
pedon	πηδόν	πηδόν	oar blade, hence generally, oar	0
pedos	πηδός	πηδός	tree whose timber was used for axles	0
pektis	πηκτίς	πηκτίς	stringed instrument used by the Lydians	0
pektos	πηκτός	πηκτός	stuck in	0
pelarion	πηλάριον	πηλάριον	kind of eyesalve	0
pelikos	πηλίκος	πηλίκος	how great	0
pelamus	πηλαμύς	πηλαμύς	young tunny	1
pelos	πηλός	πηλός	clay, earth (used by masons and potters)	0
pemaino	πημαίνω	πημαίνω	to plunge into ruin, undo, bring bane or mischief upon	0
pemone	πημονή	πημονή	a woe, misery	0
pemones	πημονῆς	πημονή	a woe, misery	0
penelops	πηνέλοψ	πηνέλοψ	kind of particoloured duck	0
peneke	πηνήκη	πηνήκη	false hair, wig	0
penika	πηνίκα	πηνίκα	at what point in time? at what hour?	0
penion	πηνίον	πηνίον	bobbin	0
peros	πηρός	πηρός	maimed, disabled in a limb, invalid	0
peos	πηός	πηός	kinsman by marriage or alliance	0
piazo	πιάζω	πιάζω	to seize, take hold of	0
pieein	πιέειν	πίνω	to drink	0
piezo	πιέζω	πιέζω	to squeeze	1
piemen	πιέμεν	πίνω	to drink	0
piaino	πιαίνω	πιαίνω	to fatten, enrich	0
pidao	πιδάω	πιδάω	to gush forth	0
pithakne	πιθάκνη	πιθάκνη	cask or jar, used for storing figs	0
pithesas	πιθήσας	πείθω	to convince, persuade	0
pithanos	πιθανός	πιθανός	persuasive, influential, winning	0
pithou	πιθοῦ	πείθω	to convince, persuade	0
pithomen	πιθόμην	πείθω	to convince, persuade	0
pithoo	πιθόω	πείθω	to convince, persuade	0
pikra	πικρά	πικρός	pointed, sharp, keen	0
pikris	πικρίς	πικρίς	bristly oxtongue (Helminthotheca echioides)	0
pikron	πικρόν	πικρός	pointed, sharp, keen	0
pikros	πικρός	πικρός	pointed, sharp, keen	0
pileo	πιλέω	πιλέω	to compress wool, make it into felt	0
pimele	πιμελή	πιμελή	soft fat	0
pimpleo	πιμπλέω	πίμπλημι	to fill	0
pinakion	πινάκιον	πινάκιον	small tablet on which the dicasts wrote their verdict	0
pinutos	πινυτός	πινυτός	prudent	0
pinoo	πινόω	πινόω	to be dirty	0
piprasko	πιπράσκω	πιπράσκω	to sell (especially for exportation)	0
pipo	πιπώ	πιπώ	great spotted woodpecker (Dendrocopos major)	0
pisgis	πισγίς	πισγίς	A box of wood	0
pistake	πιστάκη	πιστάκη	pistachio tree (Pistacia vera)	0
pisteuo	πιστεύω	πιστεύω	to have faith (in, upon, or with respect to, a person or thi	0
pisteuon	πιστεύων	πιστεύω	to have faith (in, upon, or with respect to, a person or thi	0
pistou	πιστοῦ	πιστός	faithful, trusty	0
piston	πιστόν	πιστός	faithful, trusty	0
pistos	πιστός	πιστός	faithful, trusty	0
pistos	πιστῶς	πιστῶς	with good faith, persuasively	0
pituris	πιτυρίς	πιτυρίς	small kind of olive, of the colour of bran, which was gather	0
pituinos	πιτύϊνος	πιτύϊνος	of or from the pine	0
pion	πιών	πίνω	to drink	0
plaggos	πλάγγος	πλάγγος	kind of eagle	0
plagia	πλάγια	πλάγιος	placed sideways, slanting, aslant	0
plagion	πλάγιον	πλάγιος	placed sideways, slanting, aslant	0
plagios	πλάγιος	πλάγιος	placed sideways, slanting, aslant	0
plagos	πλάγος	πλάγος	side	0
plados	πλάδος	πλάδος	moisture, abundance of fluids	0
plazein	πλάζειν	πλάζω	to turn away from	0
plazomai	πλάζομαι	πλάζω	to turn away from	0
plazo	πλάζω	πλάζω	to turn away from	0
plakinos	πλάκινος	πλάκινος	made of marble slabs	0
plane	πλάνη	πλάνη	wandering, roaming	0
planes	πλάνης	πλάνης	wanderer, roamer, vagabond	0
planeta	πλάνητα	πλάνης	wanderer, roamer, vagabond	0
planetas	πλάνητας	πλάνης	wanderer, roamer, vagabond	0
planos	πλάνος	πλάνος	leading astray, cheating, deceiving	0
plax	πλάξ	πλάξ	anything flat and broad	0
plasis	πλάσις	πλάσις	a moulding, conformation	0
plasma	πλάσμα	πλάσμα	something formed, figure, image	1
plassein	πλάσσειν	πλάσσω	to form	0
plasso	πλάσσω	πλάσσω	to form	0
plastes	πλάστης	πλάστης	moulder	0
plastigx	πλάστιγξ	πλάστιγξ	scale of a balance	0
plastron	πλάστρον	πλάστρον	earring	0
platanos	πλάτανος	πλάτανος	planetree (Platanus orientalis)	0
plate	πλάτη	πλάτη	a flat or broad surface	0
platos	πλάτος	πλάτος	breadth, width	0
platusma	πλάτυσμα	πλάτυσμα	flat object, such as a tile, plate, plaster, etc	1
plegma	πλέγμα	πλέγμα	anything twined or twisted	0
plee	πλέε	πλέε	uncontracted second-person singular present active imperativ	0
pleei	πλέει	πλέει	uncontracted third-person singular present active indicative	0
pleein	πλέειν	πλέειν	uncontracted present active infinitive of πλέω (pléō)	0
pleeis	πλέεις	πλέεις	uncontracted second-person singular present active indicativ	0
pleete	πλέητε	πλέω	to sail (in a boat)	0
plethron	πλέθρον	πλέθρον	a plethron (a unit of length equal to 100 Greek feet (podes)	1
plekei	πλέκει	πλέκω	to plait, twine, twist, weave, braid	0
plekein	πλέκειν	πλέκω	to plait, twine, twist, weave, braid	0
plekeis	πλέκεις	πλέκω	to plait, twine, twist, weave, braid	0
plekete	πλέκετε	πλέκω	to plait, twine, twist, weave, braid	0
pleketon	πλέκετον	πλέκω	to plait, twine, twist, weave, braid	0
plekomai	πλέκομαι	πλέκω	to plait, twine, twist, weave, braid	0
plekomen	πλέκομεν	πλέκω	to plait, twine, twist, weave, braid	0
plekousi	πλέκουσι	πλέκω	to plait, twine, twist, weave, braid	0
pleko	πλέκω	πλέκω	to plait, twine, twist, weave, braid	0
plexis	πλέξις	πλέξις	plaiting, weaving	0
pleoi	πλέοι	πλέω	to sail (in a boat)	0
pleoien	πλέοιεν	πλέω	to sail (in a boat)	0
pleoimen	πλέοιμεν	πλέω	to sail (in a boat)	0
pleois	πλέοις	πλέω	to sail (in a boat)	0
pleomen	πλέομεν	πλέω	to sail (in a boat)	0
pleontai	πλέονται	πλέω	to sail (in a boat)	0
pleousi	πλέουσι	πλέω	to sail (in a boat)	0
pleousin	πλέουσιν	πλέω	to sail (in a boat)	0
pleo	πλέω	πλέω	to sail (in a boat)	0
pleos	πλέως	πλεῖος	full	0
pleosi	πλέωσι	πλέω	to sail (in a boat)	0
pleosin	πλέωσιν	πλέω	to sail (in a boat)	0
plee	πλέῃ	πλέω	to sail (in a boat)	0
plees	πλέῃς	πλέω	to sail (in a boat)	0
plethei	πλήθει	πλῆθος	a large number of things, a great number	0
plethesi	πλήθεσι	πλῆθος	a large number of things, a great number	0
plethe	πλήθη	πλῆθος	a large number of things, a great number	0
plethous	πλήθους	πλῆθος	a large number of things, a great number	0
pletho	πλήθω	πλήθω	to be or become full, to swell	1
pleme	πλήμη	πλήμη	flood tide	0
plemne	πλήμνη	πλήμνη	nave of a wheel, hub	0
plen	πλήν	πλήν	except	0
plereis	πλήρεις	πλήρης	full [with genitive ‘of something’], complete	0
pleres	πλήρης	πλήρης	full [with genitive ‘of something’], complete	0
pleroma	πλήρωμα	πλήρωμα	that which fills, complement	0
plesmios	πλήσμιος	πλήσμιος	filling, satisfying	0
plessein	πλήσσειν	πλήσσω	to strike, smite	0
plesso	πλήσσω	πλήσσω	to strike, smite	0
pletto	πλήττω	πλήσσω	to strike, smite	0
plinthos	πλίνθος	πλίνθος	A brick, whether sun or fire baked	1
plaision	πλαίσιον	πλαίσιον	oblong case or frame used in moulding bricks and in measurin	0
plagkton	πλαγκτόν	πλαγκτός	wandering, roaming	0
plagktos	πλαγκτός	πλαγκτός	wandering, roaming	0
pladaros	πλαδαρός	πλαδαρός	moist, damp, wet	0
plakous	πλακοῦς	πλακοῦς	flat cake	1
plakoeis	πλακόεις	πλακόεις	flat	0
planao	πλανάω	πλανάω	to make to wander, lead wandering about	0
planeta	πλανήτα	πλανήτης	wanderer, vagabond	0
planetas	πλανήτας	πλανήτης	wanderer, vagabond	0
planetes	πλανήτης	πλανήτης	wanderer, vagabond	0
plaste	πλαστή	πλαστή	mudwall	0
plastos	πλαστός	πλαστός	formed	1
plateia	πλατεῖα	πλατεῖα	street (usually of a main street)	0
platu	πλατύ	πλατύ	a plain	0
platuno	πλατύνω	πλατύνω	to widen	0
platus	πλατύς	πλατύς	wide	0
pleeto	πλεέτω	πλεέτω	uncontracted third-person singular present active imperative	0
pleiona	πλείονα	πλείων	more, comparative degree of πολύς (polús)	0
pleionas	πλείονας	πλείων	more, comparative degree of πολύς (polús)	0
pleiones	πλείονες	πλείων	more, comparative degree of πολύς (polús)	0
pleioni	πλείονι	πλείων	more, comparative degree of πολύς (polús)	0
pleionos	πλείονος	πλείων	more, comparative degree of πολύς (polús)	0
pleiosi	πλείοσι	πλείων	more, comparative degree of πολύς (polús)	0
pleiosin	πλείοσιν	πλείων	more, comparative degree of πολύς (polús)	0
pleious	πλείους	πλείων	more, comparative degree of πολύς (polús)	0
pleistas	πλείστας	πλεῖστος	most, very much	0
pleiste	πλείστη	πλεῖστος	most, very much	0
pleisten	πλείστην	πλεῖστος	most, very much	0
pleistes	πλείστης	πλεῖστος	most, very much	0
pleistou	πλείστου	πλεῖστος	most, very much	0
pleiston	πλείστων	πλεῖστος	most, very much	0
pleisto	πλείστῳ	πλεῖστος	most, very much	0
pleito	πλείτω	πλέω	to sail (in a boat)	0
pleio	πλείω	πλείων	more, comparative degree of πολύς (polús)	0
pleion	πλείων	πλείων	more, comparative degree of πολύς (polús)	0
pleionon	πλειόνων	πλείων	more, comparative degree of πολύς (polús)	0
plektane	πλεκτάνη	πλεκτάνη	anything twined or wreathed, coil, wreath	0
plektos	πλεκτός	πλεκτός	plaited, twisted	1
pleonazo	πλεονάζω	πλεονάζω	to presume on	0
pleura	πλευρά	πλευρά	A rib	1
pleuras	πλευράς	πλευρά	A rib	1
pleumon	πλεύμων	πλεύμων	lung	0
pleusas	πλεύσας	πλέω	to sail (in a boat)	0
pleusete	πλεύσητε	πλέω	to sail (in a boat)	0
pleuse	πλεύσῃ	πλέω	to sail (in a boat)	0
pleuses	πλεύσῃς	πλέω	to sail (in a boat)	0
plei	πλεῖ	πλέω	to sail (in a boat)	0
plein	πλεῖν	πλέω	to sail (in a boat)	0
pleios	πλεῖος	πλεῖος	full	0
pleis	πλεῖς	πλέω	to sail (in a boat)	0
pleista	πλεῖστα	πλεῖστος	most, very much	0
pleistai	πλεῖσται	πλεῖστος	most, very much	0
pleistoi	πλεῖστοι	πλεῖστος	most, very much	0
pleistos	πλεῖστος	πλεῖστος	most, very much	0
pleitai	πλεῖται	πλέω	to sail (in a boat)	0
pleite	πλεῖτε	πλεῖτε	contracted second-person plural present active indicative/im	0
pleiton	πλεῖτον	πλέω	to sail (in a boat)	0
plegas	πληγάς	πληγάς	pruning-knife, scythe	0
plegeon	πληγέων	πληγή	stroke (from a sword or pike)	0
plege	πληγή	πληγή	stroke (from a sword or pike)	0
plegen	πληγήν	πληγή	stroke (from a sword or pike)	0
plegai	πληγαί	πληγή	stroke (from a sword or pike)	0
plegais	πληγαῖς	πληγή	stroke (from a sword or pike)	0
plegeis	πληγείς	πλήσσω	to strike, smite	0
pleges	πληγῆς	πληγή	stroke (from a sword or pike)	0
plegesi	πληγῇσι	πληγή	stroke (from a sword or pike)	0
plegesin	πληγῇσιν	πληγή	stroke (from a sword or pike)	0
plegon	πληγῶν	πληγή	stroke (from a sword or pike)	0
plethoin	πληθοῖν	πλῆθος	a large number of things, a great number	0
plethuno	πληθύνω	πληθύνω	to increase, multiply	0
plethus	πληθύς	πλῆθος	a large number of things, a great number	0
plethora	πληθώρα	πληθώρα	fullness	1
plethore	πληθώρη	πληθώρα	fullness	1
plethon	πληθῶν	πλῆθος	a large number of things, a great number	0
pleroun	πληροῦν	πληρόω	to fill, make full	0
pleroo	πληρόω	πληρόω	to fill, make full	0
plerosas	πληρώσας	πληρόω	to fill, make full	0
pleron	πληρῶν	πληρόω	to fill, make full	0
plesiai	πλησίαι	πλησίος	near, neighboring	0
plesion	πλησίον	πλησίον	nearby	0
plesios	πλησίος	πλησίος	near, neighboring	0
plesiazo	πλησιάζω	πλησιάζω	bring near	0
plikhas	πλιχάς	πλιχάς	inside of the thighs, crotch, perineum	0
ploioin	πλοίοιν	πλοῖον	a floating vessel, ship, boat	0
ploiois	πλοίοις	πλοῖον	a floating vessel, ship, boat	0
ploio	πλοίω	πλοῖον	a floating vessel, ship, boat	0
ploke	πλοκή	πλοκή	twining, twisting	0
ploutoin	πλουτοῖν	πλοῦτος	wealth, riches	0
plouton	πλουτῶν	πλοῦτος	wealth, riches	0
plousios	πλούσιος	πλούσιος	rich, wealthy	0
ploutei	πλούτει	πλοῦτος	wealth, riches	0
ploutesi	πλούτεσι	πλοῦτος	wealth, riches	0
ploutois	πλούτοις	πλοῦτος	wealth, riches	0
ploutou	πλούτου	πλοῦτος	wealth, riches	0
ploutous	πλούτους	πλοῦτος	wealth, riches	0
plouto	πλούτω	πλοῦτος	wealth, riches	0
ploia	πλοῖα	πλοῖον	a floating vessel, ship, boat	0
ploion	πλοῖον	πλοῖον	a floating vessel, ship, boat	0
plous	πλοῦς	πλόος	sailing	0
ploute	πλοῦτε	πλοῦτος	wealth, riches	0
ploutoi	πλοῦτοι	πλοῦτος	wealth, riches	0
ploutos	πλοῦτος	πλοῦτος	wealth, riches	0
plunos	πλυνός	πλυνός	trough, tank or pit in which dirty clothes were washed by tr	0
ploizo	πλωΐζω	πλωΐζω	to sail on the ocean	0
ploimois	πλωΐμοις	πλώϊμος	seaworthy	0
ploimous	πλωΐμους	πλώϊμος	seaworthy	0
plotos	πλωτός	πλωτός	floating	0
ploe	πλόε	πλόος	sailing	0
plokamos	πλόκαμος	πλόκαμος	lock or braid of hair, tress	0
plokanon	πλόκανον	πλόκανον	plaited work, basket work	0
plooi	πλόοι	πλόος	sailing	0
plooin	πλόοιν	πλόος	sailing	0
plooio	πλόοιο	πλόος	sailing	0
ploois	πλόοις	πλόος	sailing	0
plooisi	πλόοισι	πλόος	sailing	0
plooisin	πλόοισιν	πλόος	sailing	0
plooiin	πλόοιϊν	πλόος	sailing	0
ploon	πλόον	πλόος	sailing	0
ploos	πλόος	πλόος	sailing	0
ploou	πλόου	πλόος	sailing	0
ploous	πλόους	πλόος	sailing	0
ploo	πλόω	πλόος	sailing	0
pluma	πλύμα	πλύμα	water in which something has been washed	0
pluno	πλύνω	πλύνω	to wash, clean	0
ploimoi	πλώϊμοι	πλώϊμος	seaworthy	0
ploimos	πλώϊμος	πλώϊμος	seaworthy	0
plegma	πλῆγμα	πλῆγμα	blow, stroke	0
plethos	πλῆθος	πλῆθος	a large number of things, a great number	0
plektron	πλῆκτρον	πλῆκτρον	plectrum (tool for striking the lyre)	1
plexa	πλῆξα	πλήσσω	to strike, smite	0
plexe	πλῆξε	πλήσσω	to strike, smite	0
plexen	πλῆξεν	πλήσσω	to strike, smite	0
plexis	πλῆξις	πλῆξις	percussion, blow (act of striking)	0
plesan	πλῆσαν	πίμπλημι	to fill	0
plesthen	πλῆσθεν	πίμπλημι	to fill	0
plesma	πλῆσμα	πλῆσμα	impregnation	0
pleto	πλῆτο	πίμπλημι	to fill	0
pneoi	πνέοι	πνέω	to blow	0
pneoien	πνέοιεν	πνέω	to blow	0
pneois	πνέοις	πνέω	to blow	0
pneomen	πνέομεν	πνέω	to blow	0
pneousi	πνέουσι	πνέω	to blow	0
pneousin	πνέουσιν	πνέω	to blow	0
pneo	πνέω	πνέω	to blow	0
pneon	πνέων	πνέω	to blow	0
pneosi	πνέωσι	πνέω	to blow	0
pneosin	πνέωσιν	πνέω	to blow	0
pnee	πνέῃ	πνέω	to blow	0
pnigo	πνίγω	πνίγω	to choke, throttle, strangle	0
pnix	πνίξ	πνίξ	choking, suffocation	0
pneio	πνείω	πνέω	to blow	0
pneumon	πνεύμων	πνεύμων	lung	1
pnei	πνεῖ	πνέω	to blow	0
pnein	πνεῖν	πνέω	to blow	0
pneis	πνεῖς	πνέω	to blow	0
pneuma	πνεῦμα	πνεῦμα	air	0
pnigeus	πνιγεύς	πνιγεύς	damper, cover for a stove	0
pnigeros	πνιγηρός	πνιγηρός	choking, stifling, whether by throttling or heat	0
pniktos	πνικτός	πνικτός	strangled, choked	0
pnoe	πνοή	πνοή	breath	0
pnoie	πνοιή	πνοή	breath	0
poeei	ποέει	ποέει	uncontracted third-person singular present active indicative	0
poeo	ποέω	ποιέω	to make	0
poia	ποία	ποῖος	of what kind?, of what nature?, which?, what?	0
poiain	ποίαιν	ποῖος	of what kind?, of what nature?, which?, what?	0
poiais	ποίαις	ποῖος	of what kind?, of what nature?, which?, what?	0
poiaiin	ποίαιϊν	ποῖος	of what kind?, of what nature?, which?, what?	0
poian	ποίαν	ποῖος	of what kind?, of what nature?, which?, what?	0
poias	ποίας	ποῖος	of what kind?, of what nature?, which?, what?	0
poiee	ποίεε	ποίεε	uncontracted second-person singular present active imperativ	0
poiei	ποίει	ποιέω	to make	0
poie	ποίη	ποῖος	of what kind?, of what nature?, which?, what?	0
poiema	ποίημα	ποίημα	a work, creation	0
poien	ποίην	ποῖος	of what kind?, of what nature?, which?, what?	0
poies	ποίης	ποῖος	of what kind?, of what nature?, which?, what?	0
poiesai	ποίησαι	ποιέω	to make	0
poiesan	ποίησαν	ποιέω	to make	0
poiese	ποίησε	ποιέω	to make	0
poiesis	ποίησις	ποίησις	creation	1
poieson	ποίησον	ποιέω	to make	0
poimne	ποίμνη	ποίμνη	flock	0
poioin	ποίοιν	ποῖος	of what kind?, of what nature?, which?, what?	0
poioio	ποίοιο	ποῖος	of what kind?, of what nature?, which?, what?	0
poiois	ποίοις	ποῖος	of what kind?, of what nature?, which?, what?	0
poioisi	ποίοισι	ποῖος	of what kind?, of what nature?, which?, what?	0
poioisin	ποίοισιν	ποῖος	of what kind?, of what nature?, which?, what?	0
poioiin	ποίοιϊν	ποῖος	of what kind?, of what nature?, which?, what?	0
poiou	ποίου	ποῖος	of what kind?, of what nature?, which?, what?	0
poious	ποίους	ποῖος	of what kind?, of what nature?, which?, what?	0
poio	ποίω	ποῖος	of what kind?, of what nature?, which?, what?	0
poion	ποίων	ποῖος	of what kind?, of what nature?, which?, what?	0
poiesi	ποίῃσι	ποῖος	of what kind?, of what nature?, which?, what?	0
poiesin	ποίῃσιν	ποῖος	of what kind?, of what nature?, which?, what?	0
podagra	ποδάγρα	ποδάγρα	trap for the feet	1
podarkes	ποδάρκης	ποδάρκης	succouring with the feet, running to the rescue	0
poderes	ποδήρης	ποδήρης	reaching to the feet (of a garment)	0
podi	ποδί	πούς	foot	1
podizo	ποδίζω	ποδίζω	to tie, bind, or fetter the feet	0
podagros	ποδαγρός	ποδαγρός	gouty	0
podoin	ποδοῖν	πούς	foot	1
podoiin	ποδοῖϊν	πούς	foot	1
podos	ποδός	πούς	foot	1
podokea	ποδώκεα	ποδώκης	swift-running, fleetfooted	0
podokes	ποδώκης	ποδώκης	swift-running, fleetfooted	0
podon	ποδῶν	πούς	foot	1
potheo	ποθέω	ποθέω	to long for, yearn after, desire	0
potheon	ποθέων	ποθέω	to long for, yearn after, desire	0
pothe	ποθή	ποθή	longing, desire	0
potheis	ποθείς	πίνω	to drink	0
pothen	ποθεν	ποθεν	from somewhere	0
pothi	ποθι	ποθι	somewhere	0
poi	ποι	ποι	to somewhere, somewhither	0
poia	ποιά	ποιός	of a certain nature, kind or quality	0
poian	ποιάν	ποιός	of a certain nature, kind or quality	0
poias	ποιάς	ποιός	of a certain nature, kind or quality	0
poiaon	ποιάων	ποῖος	of what kind?, of what nature?, which?, what?	0
poie	ποιέ	ποιός	of a certain nature, kind or quality	0
poieei	ποιέει	ποιέει	uncontracted third-person singular present active indicative	0
poieein	ποιέειν	ποιέω	to make	0
poieeis	ποιέεις	ποιέεις	uncontracted second-person singular present active indicativ	0
poieeske	ποιέεσκε	ποιέεσκε	uncontracted third-person singular imperfect active indicati	0
poieetai	ποιέεται	ποιέεται	uncontracted third-person singular present mediopassive indi	0
poieete	ποιέετε	ποιέετε	uncontracted second-person plural present active indicative/	0
poieetai	ποιέηται	ποιέηται	uncontracted third-person singular present mediopassive opta	0
poieoi	ποιέοι	ποιέοι	uncontracted third-person singular present active optative o	0
poieoien	ποιέοιεν	ποιέοιεν	uncontracted third-person plural present active optative of	0
poieoimi	ποιέοιμι	ποιέοιμι	uncontracted first-person singular present active optative o	0
poieousi	ποιέουσι	ποιέουσι	uncontracted third-person plural present active indicative o	0
poieo	ποιέω	ποιέω	to make	0
poieomen	ποιέωμεν	ποιέωμεν	uncontracted first-person plural present active subjunctive	0
poieon	ποιέων	ποῖος	of what kind?, of what nature?, which?, what?	0
poieosi	ποιέωσι	ποιέωσι	uncontracted third-person plural present active subjunctive	0
poieosin	ποιέωσιν	ποιέωσιν	uncontracted third-person plural present active subjunctive	0
poiee	ποιέῃ	ποιέῃ	uncontracted third-person singular present active subjunctiv	0
poiees	ποιέῃς	ποιέῃς	uncontracted second-person singular present active subjuncti	0
poieeis	ποιήεις	ποιήεις	grassy (covered with in grass)	0
poieenta	ποιήεντα	ποιήεις	grassy (covered with in grass)	0
poien	ποιήν	ποιός	of a certain nature, kind or quality	0
poiesaio	ποιήσαιο	ποιέω	to make	0
poiesais	ποιήσαις	ποιέω	to make	0
poiesas	ποιήσας	ποιέω	to make	0
poiesato	ποιήσατο	ποιέω	to make	0
poieseie	ποιήσειε	ποιέω	to make	0
poiesein	ποιήσειν	ποιέω	to make	0
poiesete	ποιήσετε	ποιέω	to make	0
poieseos	ποιήσεως	ποίησις	creation	1
poiesoi	ποιήσοι	ποιέω	to make	0
poiesois	ποιήσοις	ποιέω	to make	0
poieso	ποιήσω	ποιέω	to make	0
poiesosi	ποιήσωσι	ποιέω	to make	0
poieses	ποιήσῃς	ποιέω	to make	0
poietria	ποιήτρια	ποιήτρια	poetess	0
poiai	ποιαί	ποιός	of a certain nature, kind or quality	0
poiain	ποιαῖν	ποιός	of a certain nature, kind or quality	0
poiais	ποιαῖς	ποιός	of a certain nature, kind or quality	0
poiaiin	ποιαῖϊν	ποιός	of a certain nature, kind or quality	0
poieeto	ποιεέτω	ποιεέτω	uncontracted third-person singular present active imperative	0
poieito	ποιείτω	ποιέω	to make	0
poiein	ποιεῖν	ποιέω	to make	0
poieis	ποιεῖς	ποιέω	to make	0
poieitai	ποιεῖται	ποιέω	to make	0
poieite	ποιεῖτε	ποιεῖτε	contracted second-person plural present active indicative/im	0
poieiton	ποιεῖτον	ποιέω	to make	0
poieta	ποιητά	ποιητής	A maker, inventor, lawgiver	0
poietas	ποιητάς	ποιητής	A maker, inventor, lawgiver	0
poietea	ποιητέα	ποιητέος	something that is bound to be done	0
poieteon	ποιητέον	ποιητέος	something that is bound to be done	0
poieteos	ποιητέος	ποιητέος	something that is bound to be done	0
poieteo	ποιητέω	ποιητής	A maker, inventor, lawgiver	0
poieteon	ποιητέων	ποιητής	A maker, inventor, lawgiver	0
poiete	ποιητή	ποιητός	made	0
poieten	ποιητήν	ποιητής	A maker, inventor, lawgiver	0
poietes	ποιητής	ποιητής	A maker, inventor, lawgiver	0
poietai	ποιηταί	ποιητής	A maker, inventor, lawgiver	0
poietais	ποιηταῖς	ποιητής	A maker, inventor, lawgiver	0
poietoio	ποιητοῖο	ποιητός	made	0
poietou	ποιητοῦ	ποιητής	A maker, inventor, lawgiver	0
poietos	ποιητός	ποιητός	made	0
poiete	ποιητῇ	ποιητής	A maker, inventor, lawgiver	0
poieton	ποιητῶν	ποιητής	A maker, inventor, lawgiver	0
poikilos	ποικίλος	ποικίλος	pied, dappled, worked in various colors, parti-colored	1
poikilos	ποικίλως	ποικίλως	embroidered in various colours	0
poimena	ποιμένα	ποιμήν	shepherd	0
poimenas	ποιμένας	ποιμήν	shepherd	0
poimenes	ποιμένες	ποιμήν	shepherd	0
poimeni	ποιμένι	ποιμήν	shepherd	0
poimenos	ποιμένος	ποιμήν	shepherd	0
poimenon	ποιμένων	ποιμήν	shepherd	0
poimesi	ποιμέσι	ποιμήν	shepherd	0
poimesin	ποιμέσιν	ποιμήν	shepherd	0
poimen	ποιμήν	ποιμήν	shepherd	0
poimaino	ποιμαίνω	ποιμαίνω	to herd, feed, take care of, tend a flock	0
poinas	ποινάς	ποινή	blood money, wergeld	0
poine	ποινή	ποινή	blood money, wergeld	0
poinen	ποινήν	ποινή	blood money, wergeld	0
poinai	ποιναί	ποινή	blood money, wergeld	0
poinais	ποιναῖς	ποινή	blood money, wergeld	0
poines	ποινῆς	ποινή	blood money, wergeld	0
poinon	ποινῶν	ποινή	blood money, wergeld	0
poioi	ποιοί	ποιός	of a certain nature, kind or quality	0
poioie	ποιοίη	ποιέω	to make	0
poioien	ποιοίην	ποιέω	to make	0
poioies	ποιοίης	ποιέω	to make	0
poious	ποιούς	ποιός	of a certain nature, kind or quality	0
poioi	ποιοῖ	ποιέω	to make	0
poioimen	ποιοῖμεν	ποιέω	to make	0
poioin	ποιοῖν	ποιός	of a certain nature, kind or quality	0
poioio	ποιοῖο	ποιός	of a certain nature, kind or quality	0
poiois	ποιοῖς	ποιός	of a certain nature, kind or quality	0
poioisi	ποιοῖσι	ποιός	of a certain nature, kind or quality	0
poioisin	ποιοῖσιν	ποιός	of a certain nature, kind or quality	0
poioite	ποιοῖτε	ποιέω	to make	0
poioiin	ποιοῖϊν	ποιός	of a certain nature, kind or quality	0
poiou	ποιοῦ	ποιός	of a certain nature, kind or quality	0
poioumai	ποιοῦμαι	ποιέω	to make	0
poioumen	ποιοῦμεν	ποιέω	to make	0
poiousi	ποιοῦσι	ποιέω	to make	0
poiousin	ποιοῦσιν	ποιέω	to make	0
poion	ποιόν	ποιόν	quality	0
poios	ποιός	ποιός	of a certain nature, kind or quality	0
poiotes	ποιότης	ποιότης	quality	0
poiotesi	ποιότησι	ποιότης	quality	0
poioteta	ποιότητα	ποιότης	quality	0
poiotete	ποιότητε	ποιότης	quality	0
poioteti	ποιότητι	ποιότης	quality	0
poio	ποιώ	ποιός	of a certain nature, kind or quality	0
poiweo	ποιϝέω	ποιέω	to make	0
poies	ποιῆς	ποιός	of a certain nature, kind or quality	0
poiesthe	ποιῆσθε	ποιέω	to make	0
poietai	ποιῆται	ποιέω	to make	0
poiete	ποιῆτε	ποιέω	to make	0
poiesi	ποιῇσι	ποιός	of a certain nature, kind or quality	0
poiesin	ποιῇσιν	ποιός	of a certain nature, kind or quality	0
poio	ποιῶ	ποιέω	to make	0
poiomai	ποιῶμαι	ποιέω	to make	0
poiomen	ποιῶμεν	ποιέω	to make	0
poion	ποιῶν	ποιός	of a certain nature, kind or quality	0
poiontai	ποιῶνται	ποιέω	to make	0
poios	ποιῶς	ποιῶς	in some fashion, manner or way	0
poiosi	ποιῶσι	ποιέω	to make	0
poiosin	ποιῶσιν	ποιέω	to make	0
polemia	πολέμια	πολέμιος	belonging to war ( of war)	0
polemiai	πολέμιαι	πολέμιος	belonging to war ( of war)	0
polemios	πολέμιος	πολέμιος	belonging to war ( of war)	0
polemoin	πολέμοιν	πόλεμος	war, battle	0
polemoio	πολέμοιο	πόλεμος	war, battle	0
polemois	πολέμοις	πόλεμος	war, battle	0
polemou	πολέμου	πόλεμος	war, battle	0
polemous	πολέμους	πόλεμος	war, battle	0
polemo	πολέμω	πόλεμος	war, battle	0
polemon	πολέμων	πόλεμος	war, battle	0
polites	πολίτης	πολίτης	citizen	0
polemeo	πολεμέω	πολεμέω	to make war, be at war, fight, quarrel	0
polemeia	πολεμήϊα	πολεμήϊος	warlike	0
polemizo	πολεμίζω	πολεμέω	to make war, be at war, fight, quarrel	0
polemein	πολεμεῖν	πολεμέω	to make war, be at war, fight, quarrel	0
polemoo	πολεμόω	πολεμόω	to make hostile, make an enemy of	0
polemon	πολεμῶν	πολεμέω	to make war, be at war, fight, quarrel	0
polemosi	πολεμῶσι	πολεμέω	to make war, be at war, fight, quarrel	0
poleuo	πολεύω	πολεύω	to turn or go about, wander about	0
polioio	πολιοῖο	πολιός	grey, grizzled, grizzly	0
politeia	πολιτεία	πολιτεία	the relation in which a citizen stands to the state, the con	1
politeuo	πολιτεύω	πολιτεύω	to live as a citizen or freeman, live in a free state	0
politika	πολιτικά	πολιτικά	state affairs, public matters, government	0
politike	πολιτική	πολιτική	the art of government, the science of politics	0
polios	πολιός	πολιός	grey, grizzled, grizzly	0
pollakis	πολλάκις	πολλάκις	often, many times	0
polu	πολύ	πολύ	much	0
polupous	πολύπους	πολύπους	many-footed	0
polus	πολύς	πολύς	many, a lot of	1
polutlas	πολύτλας	πολύτλας	much-suffering, much-enduring (epithet of Odysseus)	0
pompe	πομπή	πομπή	an escort	0
pompen	πομπήν	πομπή	an escort	0
pompilos	πομπίλος	πομπίλος	pilot fish (Naucrates ductor)	0
pompeus	πομπεύς	πομπεύς	attendant, escort, conductor, guide	0
pompon	πομπόν	πομπός	conductor, guide	0
pompos	πομπός	πομπός	conductor, guide	0
pompees	πομπῆες	πομπεύς	attendant, escort, conductor, guide	0
pompes	πομπῆς	πομπή	an escort	0
pomphos	πομφός	πομφός	blister on the skin	0
poneonto	πονέοντο	πονέω	to toil, labor, work	0
poneo	πονέω	πονέω	to toil, labor, work	0
poneis	πονεῖς	πονέω	to toil, labor, work	0
poneitai	πονεῖται	πονέω	to toil, labor, work	0
ponera	πονηρά	πονηρός	oppressed by toils	0
poneran	πονηράν	πονηρός	oppressed by toils	0
poneras	πονηράς	πονηρός	oppressed by toils	0
ponere	πονηρέ	πονηρός	oppressed by toils	0
ponereon	πονηρέων	πονηρός	oppressed by toils	0
poneren	πονηρήν	πονηρός	oppressed by toils	0
ponerai	πονηραί	πονηρός	oppressed by toils	0
ponerain	πονηραῖν	πονηρός	oppressed by toils	0
ponerais	πονηραῖς	πονηρός	oppressed by toils	0
poneroi	πονηροί	πονηρός	oppressed by toils	0
ponerous	πονηρούς	πονηρός	oppressed by toils	0
poneroin	πονηροῖν	πονηρός	oppressed by toils	0
ponerois	πονηροῖς	πονηρός	oppressed by toils	0
ponerou	πονηροῦ	πονηρός	oppressed by toils	0
poneron	πονηρόν	πονηρόν	an evil thing	0
poneros	πονηρός	πονηρός	oppressed by toils	0
ponero	πονηρώ	πονηρός	oppressed by toils	0
poneres	πονηρῆς	πονηρός	oppressed by toils	0
poneresi	πονηρῇσι	πονηρός	oppressed by toils	0
poneron	πονηρῶν	πονηρός	oppressed by toils	0
ponoien	πονοίην	πονέω	to toil, labor, work	0
ponoimi	πονοῖμι	πονέω	to toil, labor, work	0
ponoumai	πονοῦμαι	πονέω	to toil, labor, work	0
pones	πονῇς	πονέω	to toil, labor, work	0
pono	πονῶ	πονέω	to toil, labor, work	0
poppuzon	ποππύζων	ποππύζων	smacking one's lips, clucking	0
porizo	πορίζω	πορίζω	to bring about, provide, procure	0
poreia	πορεία	πορεία	mode of walking or running, gait	0
poreuei	πορεύει	πορεύω	to cause to go, carry, convey	0
poreuein	πορεύειν	πορεύω	to cause to go, carry, convey	0
poreueis	πορεύεις	πορεύω	to cause to go, carry, convey	0
poreuete	πορεύετε	πορεύω	to cause to go, carry, convey	0
poreuo	πορεύω	πορεύω	to cause to go, carry, convey	0
portheo	πορθέω	πορθέω	to try to destroy, to attack, besiege	0
porthein	πορθεῖν	πορθέω	to try to destroy, to attack, besiege	0
porthmos	πορθμός	πορθμός	strait, narrow sea, place crossed by a ferry	0
porneia	πορνεία	πορνεία	prostitution, whoring (provision of sex for money)	0
porneuo	πορνεύω	πορνεύω	to prostitute	0
porneion	πορνεῖον	πορνεῖον	a brothel, lupanar, whorehouse	0
pornikos	πορνικός	πορνικός	prostitutional	0
porsaino	πορσαίνω	πορσύνω	to prepare, provide	0
porsuno	πορσύνω	πορσύνω	to prepare, provide	0
porphura	πορφύρα	πορφύρα	purple-fish (Hexaplex trunculus)	0
porphuro	πορφύρω	πορφύρω	to heave, boil, surge up	0
posakis	ποσάκις	ποσάκις	how many times? how often?	0
posi	ποσί	πούς	foot	1
posin	ποσίν	πούς	foot	1
posinda	ποσίνδα	ποσίνδα	how many times?	0
possi	ποσσί	πούς	foot	1
possin	ποσσίν	πούς	foot	1
postos	ποστός	ποστός	holding a certain place in the ordinal series, “somethingth”	0
posos	ποσός	ποσός	a certain number, amount, or size of	0
posotes	ποσότης	ποσότης	quantity	0
posoteta	ποσότητα	ποσότης	quantity	0
pota	ποτά	ποτός	drinkable	0
pote	ποτέ	ποτέ	at some time	0
potera	ποτέρα	πότερος	which of the two?	0
poterais	ποτέραις	πότερος	which of the two?	0
poteran	ποτέραν	πότερος	which of the two?	0
poteras	ποτέρας	πότερος	which of the two?	0
poterois	ποτέροις	πότερος	which of the two?	0
poterou	ποτέρου	πότερος	which of the two?	0
poterous	ποτέρους	πότερος	which of the two?	0
poteron	ποτέρων	πότερος	which of the two?	0
potero	ποτέρῳ	πότερος	which of the two?	0
poter	ποτήρ	ποτήρ	drinking-cup	0
poterion	ποτήριον	ποτήριον	cup	0
potes	ποτής	ποτής	a drink	0
potizo	ποτίζω	ποτίζω	to give to drink	0
potamoio	ποταμοῖο	ποταμός	river, stream	0
potamos	ποταμός	ποταμός	river, stream	0
poteros	πότερος	πότερος	which of the two?	0
potoio	ποτοῖο	ποτός	drinkable	0
poton	ποτόν	ποτόν	drink	0
potos	ποτός	ποτός	drinkable	0
potetos	ποτῆτος	ποτής	a drink	0
pou	που	που	anywhere, somewhere	0
pou	πού	πού	anywhere, somewhere	0
pous	πούς	πούς	foot	1
poi	ποῖ	ποῖ	whither? whereto? where?	0
poiai	ποῖαι	ποῖος	of what kind?, of what nature?, which?, what?	0
poioi	ποῖοι	ποῖος	of what kind?, of what nature?, which?, what?	0
poios	ποῖος	ποῖος	of what kind?, of what nature?, which?, what?	0
pou	ποῦ	ποῦ	where?	0
pragmata	πράγματα	πρᾶγμα	deed, act, fact	1
praktor	πράκτωρ	πράκτωρ	executor, avenger	0
praxeis	πράξεις	πρᾶξις	act	1
praxeon	πράξεων	πρᾶξις	act	1
praxeos	πράξεως	πρᾶξις	act	1
praoin	πράοιν	πρᾶος	soft	0
praois	πράοις	πρᾶος	soft	0
praou	πράου	πρᾶος	soft	0
praous	πράους	πρᾶος	soft	0
prasinos	πράσινος	πράσινος	leek green, light green	1
prasion	πράσιον	πράσιον	white horehound (Marrubium vulgare)	0
prason	πράσον	πράσον	leek, Allium ampeloprasum (syn	0
prassein	πράσσειν	πράσσω	to do	0
prasso	πράσσω	πράσσω	to do	0
prao	πράω	πρᾶος	soft	0
praon	πράων	πρᾶος	soft	0
premnon	πρέμνον	πρέμνον	bottom of the trunk of a tree, stump	0
prepei	πρέπει	πρέπω	to be clearly seen, to be visible or conspicuous among a num	0
prepo	πρέπω	πρέπω	to be clearly seen, to be visible or conspicuous among a num	0
prepon	πρέπων	πρέπων	kind of fish	0
presba	πρέσβα	πρέσβυς	elderly, aged	0
presbus	πρέσβυς	πρέσβυς	elderly, aged	0
pretho	πρήθω	πρήθω	to burn	0
presso	πρήσσω	πράσσω	to do	0
priato	πρίατο	ὠνέομαι	to buy	0
prin	πρίν	πρίν	before	0
prininos	πρίνινος	πρίνινος	made of holm oak	0
prisma	πρίσμα	πρίσμα	anything sawn	0
pristis	πρίστις	πρίστις	Common sawfish (Pristis pristis, syn	0
prio	πρίω	πρίω	to saw	0
prion	πρίων	πρίων	saw	0
praea	πραέα	πρᾶος	soft	0
praesi	πραέσι	πρᾶος	soft	0
praesin	πραέσιν	πρᾶος	soft	0
praeon	πραέων	πρᾶος	soft	0
prauno	πραΰνω	πραΰνω	to make soft, mild, or gentle	0
praus	πραΰς	πρᾶος	soft	0
praeia	πραεία	πρᾶος	soft	0
praeiain	πραείαιν	πρᾶος	soft	0
praeiais	πραείαις	πρᾶος	soft	0
praeias	πραείας	πρᾶος	soft	0
praeion	πραειῶν	πρᾶος	soft	0
praeiai	πραεῖαι	πρᾶος	soft	0
praeian	πραεῖαν	πρᾶος	soft	0
praeis	πραεῖς	πρᾶος	soft	0
praknon	πρακνόν	πρακνόν	dark in colour	0
praktea	πρακτέα	πρακτέος	that must be done	0
prakteon	πρακτέον	πρακτέος	that must be done	0
prakteos	πρακτέος	πρακτέος	that must be done	0
pranes	πρανής	πρανής	prone, with the face downwards, lying on the front	0
prapis	πραπίς	πραπίς	midriff	0
prater	πρατήρ	πρατήρ	seller	0
praotes	πραότης	πραότης	gentleness	0
presbeia	πρεσβεία	πρεσβεία	embassy	0
presbeia	πρεσβείᾳ	πρέσβυς	elderly, aged	0
presbeuo	πρεσβεύω	πρεσβεύω	to be the elder or eldest	0
preus	πρηΰς	πρᾶος	soft	0
prester	πρηστήρ	πρηστήρ	a thunderstorm accompanied by lightning	0
prister	πριστήρ	πριστήρ	saw	0
proiapse	προΐαψε	προϊάπτω	to send forth or hurl away	0
proiei	προΐει	προΐημι	to send forth	0
proiemi	προΐημι	προΐημι	to send forth	0
proiskho	προΐσχω	προΐσχω	to hold before, hold out, hold before	0
proago	προάγω	προάγω	to lead forward, on, onward	0
proeeke	προέηκε	προΐημι	to send forth	0
proeeken	προέηκεν	προΐημι	to send forth	0
proekho	προέχω	προέχω	to be ahead	0
proix	προίξ	προίξ	a dowry	0
proballo	προβάλλω	προβάλλω	to throw or lay before, throw to	0
probatou	προβάτου	πρόβατον	cattle, flocks, herds	0
probato	προβάτῳ	πρόβατον	cattle, flocks, herds	0
probaino	προβαίνω	προβαίνω	to step on, step forward, advance	0
probole	προβολή	προβολή	a projection, prominence	0
progonou	προγόνου	πρόγονος	forefather, ancestor	0
progono	προγόνω	πρόγονος	forefather, ancestor	0
progonon	προγόνων	πρόγονος	forefather, ancestor	0
prodosia	προδοσία	προδοσία	treason, treachery	0
prodoton	προδοτῶν	προδότης	traitor, betrayer	0
prodomo	προδόμῳ	πρόδομος	entryway, forecourt, chamber at the front of a house	0
prodota	προδότα	προδότης	traitor, betrayer	0
prodotai	προδόται	προδότης	traitor, betrayer	0
prodotas	προδότας	προδότης	traitor, betrayer	0
prodoten	προδότην	προδότης	traitor, betrayer	0
prodotes	προδότης	προδότης	traitor, betrayer	0
prodotou	προδότου	προδότης	traitor, betrayer	0
prodote	προδότῃ	προδότης	traitor, betrayer	0
proereo	προερέω	προερέω	to tell or state before	0
proeron	προερῶν	προερέω	to tell or state before	0
proeipon	προεῖπον	προεῖπον	to tell or state before	0
protheis	προθείς	προτίθημι	to place or set before, set out	0
proiki	προικί	προίξ	a dowry	0
proikos	προικός	προίξ	a dowry	0
proikon	προικῶν	προίξ	a dowry	0
proixi	προιξί	προίξ	a dowry	0
proixin	προιξίν	προίξ	a dowry	0
prokaleo	προκαλέω	προκαλέω	to call forth	0
prokope	προκοπή	προκοπή	progress in a journey	0
prokrouo	προκρούω	προκρούω	to beat out	0
prokumia	προκυμία	προκυμία	breakwater	0
prokopto	προκόπτω	προκόπτω	to cut one's way forward	0
prolego	προλέγω	προλέγω	to pick out, choose (before others), prefer	0
proleipo	προλείπω	προλείπω	to leave behind, forsake, abandon	0
prologou	προλόγου	πρόλογος	the prologue of a play	0
prologo	προλόγω	πρόλογος	the prologue of a play	0
prologon	προλόγων	πρόλογος	the prologue of a play	0
prolutai	προλύται	προλύται	law students who were in their fifth year of study	0
proluo	προλύω	προλύω	to undo, refute before	0
promenuo	προμηνύω	προμηνύω	to denounce beforehand	0
pronoeo	προνοέω	προνοέω	to perceive before, foresee	0
pronoon	προνοῶν	προνοέω	to perceive before, foresee	0
pronoon	προνόων	πρόνοος	careful	1
proxenia	προξενία	προξενία	proxeny	0
proorao	προοράω	προοράω	to see before one, see what is just before the eyes	0
proorizo	προορίζω	προορίζω	to determine beforehand, predetermine, preordain, predestine	0
propempo	προπέμπω	προπέμπω	to send before, send on, send forward, send forth	0
propino	προπίνω	προπίνω	to drink before (someone)	1
proponeo	προπονέω	προπονέω	to work or labor beforehand, work for	0
prosago	προσάγω	προσάγω	to bring	0
prosedei	προσέδει	προσδέω	to bind on, attach	0
proseti	προσέτι	προσέτι	besides, in addition	0
prosephe	προσέφη	πρόσφημι	to speak to, address	0
prosekho	προσέχω	προσέχω	to hold to, offer, to bring to	0
prosekei	προσήκει	προσήκω	to have arrived at a place, have come, be near at hand, be p	0
proseko	προσήκω	προσήκω	to have arrived at a place, have come, be near at hand, be p	0
prosekon	προσήκων	προσήκων	belonging to, one's own	0
proseke	προσήκῃ	προσήκω	to have arrived at a place, have come, be near at hand, be p	0
prosbole	προσβολή	προσβολή	a putting to, application	0
prosdeo	προσδέω	προσδέω	to bind on, attach	0
proseuda	προσηύδα	προσαυδάω	to speak to, address	0
prosion	προσιών	πρόσειμι	to approach	0
proskalo	προσκαλῶ	προσκαλέω	to call to, call on, summon	0
prosoiso	προσοίσω	προσφέρω	to bring to or upon, apply to	0
prosokhe	προσοχή	προσοχή	attention	0
prospleo	προσπλέω	προσπλέω	to sail towards or against	0
prosodon	προσόδων	πρόσοδος	approach, advance	0
prosodo	προσόδῳ	πρόσοδος	approach, advance	0
prosopou	προσώπου	πρόσωπον	face	1
prosopo	προσώπω	πρόσωπον	face	1
prosopon	πρόσωπον	πρόσωπον	face	1
proseei	προσῄει	πρόσειμι	to approach	0
prosodia	προσῳδία	προσῳδία	a song with an accompaniment	1
protera	προτέρα	πρότερος	before, in front	1
proteran	προτέραν	πρότερος	before, in front	1
proteras	προτέρας	πρότερος	before, in front	1
protere	προτέρη	πρότερος	before, in front	1
proteren	προτέρην	πρότερος	before, in front	1
proteres	προτέρης	πρότερος	before, in front	1
proterou	προτέρου	πρότερος	before, in front	1
protero	προτέρω	πρότερος	before, in front	1
proteron	προτέρων	πρότερος	before, in front	1
proti	προτί	πρός	besides, over and above, thereto, in addition	0
proteino	προτείνω	προτείνω	to stretch out before, hold before	0
protereo	προτερέω	προτερέω	to be before, be in advance	0
protimao	προτιμάω	προτιμάω	to honor one before or above another	0
protrepo	προτρέπω	προτρέπω	to urge forwards	0
prophero	προφέρω	προφέρω	to bring before or to one, present	0
prophete	προφήτῃ	προφήτης	one who speaks for and interprets the will of a god	0
prophora	προφορά	προφορά	pronunciation, utterance	0
propheta	προφῆτα	προφήτης	one who speaks for and interprets the will of a god	0
prokhoo	προχόῳ	πρόχοος	ewer for pouring water upon the hands of guests	0
prootheo	προωθέω	προωθέω	to push forward, propel	0
proiapto	προϊάπτω	προϊάπτω	to send forth or hurl away	0
proidon	προϊδών	προοράω	to see before one, see what is just before the eyes	0
proion	προϊών	πρόειμι	to go [[forward]	0
proodou	προόδου	πρόοδος	going before	0
proodo	προόδῳ	πρόοδος	going before	0
proube	προύβη	προβαίνω	to step on, step forward, advance	0
proumnou	προύμνου	προῦμνον	plum (fruit)	0
proukho	προὔχω	προέχω	to be ahead	0
proesthe	προῆσθε	προΐημι	to send forth	0
proika	προῖκα	προίξ	a dowry	0
proikas	προῖκας	προίξ	a dowry	0
proikes	προῖκες	προίξ	a dowry	0
proumna	προῦμνα	προῦμνον	plum (fruit)	0
proumnon	προῦμνον	προῦμνον	plum (fruit)	0
prulees	πρυλέες	πρυλέες	men-at-arms, soldiers	0
prumna	πρυμνά	πρυμνός	hindmost, undermost, endmost, end of	0
prumnon	πρυμνόν	πρυμνός	hindmost, undermost, endmost, end of	0
prumnos	πρυμνός	πρυμνός	hindmost, undermost, endmost, end of	0
prumne	πρυμνῇ	πρυμνός	hindmost, undermost, endmost, end of	0
prumnesi	πρυμνῇσι	πρυμνός	hindmost, undermost, endmost, end of	0
proi	πρωΐ	πρωΐ	early in the day	0
proktos	πρωκτός	πρωκτός	anus	1
protaon	πρωτάων	πρῶτος	earliest	1
proteon	πρωτέων	πρῶτος	earliest	1
proteion	πρωτεῖον	πρωτεῖον	chief rank	0
proteios	πρωτεῖος	πρωτεῖος	of the first quality	0
protos	πρωτός	πρωτός	destined	0
proton	πρωτῶν	πρῶτος	earliest	1
pro	πρό	πρό	before	1
probata	πρόβατα	πρόβατον	cattle, flocks, herds	0
probaton	πρόβατον	πρόβατον	cattle, flocks, herds	0
problema	πρόβλημα	πρόβλημα	anything thrown forward or projecting	0
progone	πρόγονε	πρόγονος	forefather, ancestor	0
progonoi	πρόγονοι	πρόγονος	forefather, ancestor	0
progonos	πρόγονος	πρόγονος	forefather, ancestor	0
prodomos	πρόδομος	πρόδομος	entryway, forecourt, chamber at the front of a house	0
proeimi	πρόειμι	πρόειμι	to go [[forward]	0
proesan	πρόεσαν	προΐημι	to send forth	0
prolobos	πρόλοβος	πρόλοβος	crop of birds	0
prologe	πρόλογε	πρόλογος	the prologue of a play	0
prologoi	πρόλογοι	πρόλογος	the prologue of a play	0
prologos	πρόλογος	πρόλογος	the prologue of a play	0
promos	πρόμος	πρόμος	foremost man	0
pronoia	πρόνοια	πρόνοια	foresight, forethought, foreknowledge	1
pronoos	πρόνοος	πρόνοος	careful	1
prox	πρόξ	πρόξ	roe deer	0
proxenoi	πρόξενοι	πρόξενος	a public foreigner, public guest or friend, made so by an ac	0
proxenos	πρόξενος	πρόξενος	a public foreigner, public guest or friend, made so by an ac	0
proodos	πρόοδος	πρόοδος	going before	0
prooida	πρόοιδα	πρόοιδα	to know in advance	0
propan	πρόπαν	πρόπαν	wholly, entirely	0
propas	πρόπας	πρόπας	whole, entire	0
propolis	πρόπολις	πρόπολις	bee glue, propolis	0
propoma	πρόπομα	πρόπομα	drink taken before meals	1
proposis	πρόποσις	πρόποσις	a drinking before or to (one's health, etc	0
pros	πρός	πρός	besides, over and above, thereto, in addition	0
proseimi	πρόσειμι	πρόσειμι	to approach	0
proseisi	πρόσεισι	πρόσειμι	to approach	0
prosthe	πρόσθε	πρόσθεν	before, in front	0
prosthen	πρόσθεν	πρόσθεν	before, in front	0
prosodos	πρόσοδος	πρόσοδος	approach, advance	0
prosso	πρόσσω	πρόσω	forward	0
proso	πρόσω	πρόσω	forward	0
prosopa	πρόσωπα	πρόσωπον	face	1
protaxis	πρόταξις	πρόταξις	posting in front	0
protasis	πρότασις	πρότασις	putting forward	1
proterai	πρότεραι	πρότερος	before, in front	1
proteroi	πρότεροι	πρότερος	before, in front	1
proteron	πρότερον	πρότερον	formerly, before	0
proteros	πρότερος	πρότερος	before, in front	1
prophron	πρόφρων	πρόφρων	zealous	0
prokhoos	πρόχοος	πρόχοος	ewer for pouring water upon the hands of guests	0
prumna	πρύμνα	πρύμνα	stern (rear of a ship)	0
prumnan	πρύμναν	πρύμνα	stern (rear of a ship)	0
prumne	πρύμνῃ	πρύμνα	stern (rear of a ship)	0
prutanis	πρύτανις	πρύτανις	prince, ruler, lord, chief	1
proen	πρώην	πρώην	lately	0
prox	πρώξ	πρώξ	dewdrop	0
prota	πρώτα	πρῶτος	earliest	1
protain	πρώταιν	πρῶτος	earliest	1
protais	πρώταις	πρῶτος	earliest	1
protaiin	πρώταιϊν	πρῶτος	earliest	1
protas	πρώτας	πρῶτος	earliest	1
prote	πρώτη	πρῶτος	earliest	1
proten	πρώτην	πρῶτος	earliest	1
protes	πρώτης	πρῶτος	earliest	1
protoin	πρώτοιν	πρῶτος	earliest	1
protoio	πρώτοιο	πρῶτος	earliest	1
protois	πρώτοις	πρῶτος	earliest	1
protoisi	πρώτοισι	πρῶτος	earliest	1
protoiin	πρώτοιϊν	πρῶτος	earliest	1
protou	πρώτου	πρῶτος	earliest	1
protous	πρώτους	πρῶτος	earliest	1
proto	πρώτω	πρῶτος	earliest	1
protesi	πρώτῃσι	πρῶτος	earliest	1
protesin	πρώτῃσιν	πρῶτος	earliest	1
protein	πρώτῃϊν	πρῶτος	earliest	1
proimos	πρώϊμος	πρώϊμος	early	0
praa	πρᾶα	πρᾶος	soft	0
pragma	πρᾶγμα	πρᾶγμα	deed, act, fact	1
prae	πρᾶε	πρᾶος	soft	0
praxis	πρᾶξις	πρᾶξις	act	1
praoi	πρᾶοι	πρᾶος	soft	0
praos	πρᾶος	πρᾶος	soft	0
prasis	πρᾶσις	πρᾶσις	sale (exchange of goods or services for currency or credit)	0
pratos	πρᾶτος	πρῶτος	earliest	1
prigkips	πρῖγκιψ	πρῖγκιψ	prince	0
prinos	πρῖνος	πρῖνος	holm oak	0
pro	πρῴ	πρωΐ	early in the day	0
protai	πρῶται	πρῶτος	earliest	1
protoi	πρῶτοι	πρῶτος	earliest	1
protos	πρῶτος	πρῶτος	earliest	1
prora	πρῷρα	πρῷρα	The front part of a ship	0
ptelas	πτέλας	πτέλας	wild boar	0
pterinos	πτέρινος	πτέρινος	made of feathers	0
pteris	πτέρις	πτέρις	male fern (Aspidium filix-mas)	1
pterna	πτέρνα	πτέρνη	heel	0
pterne	πτέρνη	πτέρνη	heel	0
pternes	πτέρνης	πτέρνη	heel	0
pterux	πτέρυξ	πτέρυξ	wing of a bird	1
ptesso	πτήσσω	πτήσσω	to scare, alarm, terrify	0
ptilon	πτίλον	πτίλον	feather, especially a down feather	1
ptilosis	πτίλωσις	πτίλωσις	plumage	1
ptisso	πτίσσω	πτίσσω	to winnow	0
ptaio	πταίω	πταίω	to cause to stumble, fall or fail	0
ptarmike	πταρμική	πταρμική	sneezewort (Achillea ptarmica)	0
ptarmos	πταρμός	πταρμός	A sneeze	0
ptelea	πτελέα	πτελέα	wych elm (Ulmus glabra)	0
ptera	πτερά	πτερόν	feather	1
pteroin	πτεροῖν	πτερόν	feather	1
pterois	πτεροῖς	πτερόν	feather	1
pterou	πτεροῦ	πτερόν	feather	1
pterote	πτερωτή	πτερωτός	feathered	0
pteroton	πτερωτόν	πτερωτός	feathered	0
pterotos	πτερωτός	πτερωτός	feathered	0
pteroeis	πτερόεις	πτερόεις	feathered, winged	0
pteron	πτερόν	πτερόν	feather	1
pteroo	πτερόω	πτερόω	to feather, wing	0
ptero	πτερώ	πτερόν	feather	1
ptenos	πτηνός	πτηνός	flying	0
ptisane	πτισάνη	πτισάνη	pearl barley	1
ptoeo	πτοέω	πτοέω	to terrify, scare, dismay	0
ptukhe	πτυχή	πτυχή	fold	0
ptukhes	πτυχῆς	πτυχή	fold	0
ptotikos	πτωτικός	πτωτικός	capable of inflection	0
ptotos	πτωτός	πτωτός	apt to fall, fallen	0
ptokhe	πτωχή	πτωχή	beggarwoman	0
ptokhoi	πτωχοί	πτωχός	beggar	1
ptokhous	πτωχούς	πτωχός	beggar	1
ptokhon	πτωχόν	πτωχός	beggar	1
ptokhos	πτωχός	πτωχός	beggar	1
ptokhos	πτωχῶς	πτωχῶς	poorly, scantily	0
ptokho	πτωχῷ	πτωχός	beggar	1
ptolemos	πτόλεμος	πόλεμος	war, battle	0
ptolis	πτόλις	πόλις	city	1
ptorthos	πτόρθος	πτόρθος	young branch	0
ptugma	πτύγμα	πτύγμα	A fold or anything folded	0
ptugx	πτύγξ	πτύγξ	Eurasian eagle owl (Bubo bubo)	0
ptux	πτύξ	πτύξ	fold (in cloth etc	0
ptuxis	πτύξις	πτύξις	a folding	0
ptuon	πτύον	πτύον	a winnowing shovel or fan	0
ptusma	πτύσμα	πτύσμα	sputum	0
ptusso	πτύσσω	πτύσσω	to fold	0
ptukhion	πτύχιον	πτύχιον	a folding tablet	0
ptuo	πτύω	πτύω	to spit out or up	0
ptox	πτώξ	πτώξ	cowering animal	0
ptesis	πτῆσις	πτῆσις	a flying, flight	0
ptoma	πτῶμα	πτῶμα	fall	0
ptosis	πτῶσις	πτῶσις	falling, a fall	0
puge	πυγή	πυγή	rump	0
pugme	πυγμή	πυγμή	fist	0
pugmaios	πυγμαῖος	πυγμαῖος	one pygmē (approximately 1 foot) long or tall	0
pugmes	πυγμῆς	πυγμή	fist	0
pugon	πυγών	πυγών	distance from the elbow to the first joint of the fingers, u	0
puthmen	πυθμήν	πυθμήν	bottom of a cup or jar	0
pukinos	πυκινῶς	πυκινῶς	close	0
puknos	πυκνός	πυκνός	thick	1
pukteuo	πυκτεύω	πυκτεύω	to practice boxing, box, spar	0
pulis	πυλίς	πυλίς	little gate, postern	0
puleon	πυλεών	πυλεών	wreath, circlet	0
puloros	πυλωρός	πυλωρός	gatekeeper, warder, porter, guardian	0
pulon	πυλών	πυλών	a gateway	1
puxion	πυξίον	πυξίον	tablet of boxwood for painting on	0
puxis	πυξίς	πυξίς	box	0
puxon	πυξών	πυξών	grove of box trees	0
pura	πυρά	πυρά	watchfires	1
puragra	πυράγρα	πυράγρα	pair of fire tongs	0
puresso	πυρέσσω	πυρέσσω	to be feverish, have a fever	0
puren	πυρήν	πυρήν	kernel, pip, stone	1
puri	πυρί	πῦρ	a fire	1
puria	πυρία	πυρία	vapour bath, made by throwing scented substances on hot embe	0
purites	πυρίτης	πυρίτης	copper pyrites (a mineral which strikes fire)	1
purai	πυραί	πυρά	watchfires	1
puralis	πυραλίς	πυραλίς	unknown bird, perhaps a kind of pigeon	0
purami	πυραμί	πυραμίς	pyramid	0
puramidi	πυραμίδι	πυραμίς	pyramid	0
puramis	πυραμίς	πυραμίς	pyramid	0
puramous	πυραμοῦς	πυραμοῦς	cake of roasted wheat and honey	0
purauges	πυραυγής	πυραυγής	fiery bright, fire-bright	0
puretos	πυρετός	πυρετός	heat	0
pureion	πυρεῖον	πυρεῖον	a firestick (an implement used to start a fire by friction)	1
purkaia	πυρκαϊά	πυρκαϊά	funeral pyre	0
purrazo	πυρράζω	πυρράζω	to be red	0
purrias	πυρρίας	πυρρίας	kind of red-colored serpent	0
purros	πυρρός	πυρρός	flame-coloured, yellowish-red	1
pursaino	πυρσαίνω	πυρσαίνω	to tinge with red, make red	0
pursos	πυρσός	πυρσός	firebrand, torch	0
puropos	πυρωπός	πυρωπός	fiery-eyed, fiery	0
puros	πυρός	πυρός	wheat	0
puroo	πυρόω	πυρόω	to burn, set aflame, ignite	0
putine	πυτίνη	πυτίνη	a flagon, flask	0
puos	πυός	πυός	beestings	0
pogonion	πωγώνιον	πώγων	beard	1
poleein	πωλέειν	πωλέειν	uncontracted present active infinitive of πωλέω (pōléō)	0
poleeske	πωλέεσκε	πωλέεσκε	uncontracted third-person singular imperfect active indicati	0
poleon	πωλέον	πωλέω	to sell	0
poleousa	πωλέουσα	πωλέουσα	uncontracted feminine present active participle of πωλέω (pō	0
poleousi	πωλέουσι	πωλέουσι	uncontracted third-person plural present active indicative o	0
poleo	πωλέω	πωλέω	to sell	0
poleon	πωλέων	πωλέων	uncontracted masculine present active participle of πωλέω (p	0
polesai	πωλήσαι	πωλέω	to sell	0
polesei	πωλήσει	πωλέω	to sell	0
polesein	πωλήσειν	πωλέω	to sell	0
poleseis	πωλήσεις	πώλησις	Selling, sale	0
poleso	πωλήσω	πωλέω	to sell	0
polese	πωλήσῃ	πωλέω	to sell	0
poleses	πωλήσῃς	πωλέω	to sell	0
poleito	πωλείτω	πωλέω	to sell	0
polei	πωλεῖ	πωλέω	to sell	0
polein	πωλεῖν	πωλέω	to sell	0
poleis	πωλεῖς	πωλέω	to sell	0
poleitai	πωλεῖται	πωλέω	to sell	0
poleite	πωλεῖτε	πωλέω	to sell	0
polesato	πωλησάτω	πωλέω	to sell	0
polikos	πωλικός	πωλικός	Of or pertaining to foals	0
poloie	πωλοίη	πωλέω	to sell	0
poloien	πωλοῖεν	πωλέω	to sell	0
poloun	πωλοῦν	πωλέω	to sell	0
polousa	πωλοῦσα	πωλέω	to sell	0
polousi	πωλοῦσι	πωλέω	to sell	0
polousin	πωλοῦσιν	πωλέω	to sell	0
pole	πωλῇ	πωλέω	to sell	0
poles	πωλῇς	πωλέω	to sell	0
polo	πωλῶ	πωλέω	to sell	0
polomen	πωλῶμεν	πωλέω	to sell	0
polon	πωλῶν	πωλέω	to sell	0
polosi	πωλῶσι	πωλέω	to sell	0
polosin	πωλῶσιν	πωλέω	to sell	0
poros	πωρός	πωρός	miserable	0
pos	πως	πως	In any way, at all, by any means	0
poa	πόα	πόα	grass, hay	0
poda	πόδα	πούς	foot	1
podas	πόδας	πούς	foot	1
pode	πόδε	πούς	foot	1
podes	πόδες	πούς	foot	1
podesi	πόδεσι	πούς	foot	1
podesin	πόδεσιν	πούς	foot	1
podessi	πόδεσσι	πούς	foot	1
podessin	πόδεσσιν	πούς	foot	1
podion	πόδιον	πόδιον	foot of a vase	0
pothen	πόθεν	πόθεν	whence?, from where?	0
pothi	πόθι	πόθι	where?	0
pothos	πόθος	πόθος	longing, yearning, regret	0
pothous	πόθους	πόθος	longing, yearning, regret	0
pokos	πόκος	πόκος	wool	0
poleme	πόλεμε	πόλεμος	war, battle	0
polemoi	πόλεμοι	πόλεμος	war, battle	0
polemos	πόλεμος	πόλεμος	war, battle	0
poli	πόλι	πόλι	Pamphylian form of πόλῐς (pólĭs)	0
polinde	πόλινδε	πόλινδε	to the city	0
polion	πόλιον	πόλιον	felty germander (Teucrium polium)	0
polis	πόλις	πόλις	city	1
polisma	πόλισμα	πόλισμα	the buildings of a city, cityscape	0
polos	πόλος	πόλος	pivot, hinge, axis, pole	0
poltos	πόλτος	πόλτος	porridge made of flour	0
pone	πόνε	πόνος	labor, work (especially hard work)	0
ponoi	πόνοι	πόνος	labor, work (especially hard work)	0
ponoin	πόνοιν	πόνος	labor, work (especially hard work)	0
ponoio	πόνοιο	πόνος	labor, work (especially hard work)	0
ponois	πόνοις	πόνος	labor, work (especially hard work)	0
ponoisi	πόνοισι	πόνος	labor, work (especially hard work)	0
ponon	πόνον	πόνος	labor, work (especially hard work)	0
ponos	πόνος	πόνος	labor, work (especially hard work)	0
ponou	πόνου	πόνος	labor, work (especially hard work)	0
ponous	πόνους	πόνος	labor, work (especially hard work)	0
pontoio	πόντοιο	πόντος	the sea	0
ponton	πόντον	πόντος	the sea	0
pontos	πόντος	πόντος	the sea	0
pontou	πόντου	πόντος	the sea	0
ponto	πόντῳ	πόντος	the sea	0
pono	πόνω	πόνος	labor, work (especially hard work)	0
popanon	πόπανον	πόπανον	round cake used at sacrifices	0
popeios	πόπειος	πόπειος	sailor	0
popoi	πόποι	πόποι	exclamation of surprise, anger, or pain	0
poppusma	πόππυσμα	πόππυσμα	smacking of lips, clucking	0
pore	πόρε	πόρος	a means of passage, passageway, way, opening	0
poren	πόρεν	ἔπορον	to give, furnish, supply	0
porkes	πόρκης	πόρκης	ring or hoop, passed round the joint of the spearhead and sh	0
porkos	πόρκος	πόρκος	a type of fishing net	0
pornai	πόρναι	πόρνη	a female prostitute (particularly one of low status)	0
porne	πόρνη	πόρνη	a female prostitute (particularly one of low status)	0
pornos	πόρνος	πόρνος	male prostitute	0
pornops	πόρνοψ	πάρνοψ	a kind of locust	0
poroi	πόροι	πόρος	a means of passage, passageway, way, opening	0
poroin	πόροιν	πόρος	a means of passage, passageway, way, opening	0
poroio	πόροιο	πόρος	a means of passage, passageway, way, opening	0
porois	πόροις	πόρος	a means of passage, passageway, way, opening	0
poroisi	πόροισι	πόρος	a means of passage, passageway, way, opening	0
poroisin	πόροισιν	πόρος	a means of passage, passageway, way, opening	0
poroiin	πόροιϊν	πόρος	a means of passage, passageway, way, opening	0
poron	πόρον	πόρος	a means of passage, passageway, way, opening	0
poros	πόρος	πόρος	a means of passage, passageway, way, opening	0
porou	πόρου	πόρος	a means of passage, passageway, way, opening	0
porous	πόρους	πόρος	a means of passage, passageway, way, opening	0
porpax	πόρπαξ	πόρπαξ	handle of a shield, probably a ring or loop inside the shiel	0
porpe	πόρπη	πόρπη	brooch, clasp for fastening dresses, especially on the shoul	0
portis	πόρτις	πόρτις	a calf	0
poro	πόρω	πόρος	a means of passage, passageway, way, opening	0
pos	πός	πούς	foot	1
pose	πόσε	πόσε	whither?	0
posthe	πόσθη	πόσθη	penis	0
posin	πόσιν	πόσις	husband	0
posios	πόσιος	πόσις	husband	0
posis	πόσις	πόσις	husband	0
postos	πόστος	πόστος	what number?, “how manyth”?	0
pote	πότε	πότε	when? at what time?	0
poterai	πότεραι	πότερος	which of the two?	0
potere	πότερε	πότερος	which of the two?	0
poteroi	πότεροι	πότερος	which of the two?	0
potimos	πότιμος	πότιμος	drinkable	0
potmon	πότμον	πότμος	lot (fate that falls to one by chance), destiny	0
potmos	πότμος	πότμος	lot (fate that falls to one by chance), destiny	0
potnia	πότνια	πότνια	mistress	0
potos	πότος	πότος	an instance of drinking	0
puanos	πύανος	πύανος	bean (Vicia faba)	0
pugargos	πύγαργος	πύγαργος	addax (Addax nasomaculatus)	0
puelos	πύελος	πύελος	trough for feeding animals	0
putheai	πύθηαι	πυνθάνομαι	to learn	0
putho	πύθω	πύθω	to make rot	0
puka	πύκα	πύκα	thickly	0
puktes	πύκτης	πύκτης	boxer, pugilist, one who fights with their fists	0
pulai	πύλαι	πύλη	a wing of gates	0
pule	πύλη	πύλη	a wing of gates	0
puligx	πύλιγξ	πύλιγξ	hair about the posteriors	0
pumaton	πύματον	πύματον	at the last, for the last time	0
pumatos	πύματος	πύματος	hindmost, last	0
pundax	πύνδαξ	πύνδαξ	bottom of a jar, cup or other vessel	0
pux	πύξ	πύξ	with the fist	0
puxinos	πύξινος	πύξινος	made of boxwood	0
puxos	πύξος	πύξος	box tree (Buxus sempervirens)	0
puon	πύον	πύον	pus, discharge from a sore	1
puraunos	πύραυνος	πύραυνος	pan of coals	0
purgos	πύργος	πύργος	tower	0
purdalon	πύρδαλον	πύρδαλον	small wood for burning	0
purinos	πύρινος	πύρινος	of or pertaining to fire, fiery	0
purnon	πύρνον	πύρνον	wheaten bread, especially the one with bran on it	0
purnos	πύρνος	πύρνος	morsel, bit	0
purosis	πύρωσις	πύρωσις	burning	1
pusteis	πύστεις	πύστις	inquiry, question	0
pustis	πύστις	πύστις	inquiry, question	0
pogon	πώγων	πώγων	beard	1
pogonas	πώγωνας	πώγων	beard	1
pogonos	πώγωνος	πώγων	beard	1
poles	πώλης	πώλης	a seller, a dealer, a monger	0
polesis	πώλησις	πώλησις	Selling, sale	0
poleson	πώλησον	πωλέω	to sell	0
pono	πώνω	πίνω	to drink	0
popote	πώποτε	πώποτε	never yet	0
porinos	πώρινος	πώρινος	of tuff	0
pagos	πᾶγος	πᾶγος	a pagus, district	0
pan	πᾶν	πᾶς	all	1
pas	πᾶς	πᾶς	all	1
pasai	πᾶσαι	πᾶς	all	1
pasan	πᾶσαν	πᾶς	all	1
pasi	πᾶσι	πᾶς	all	1
pasin	πᾶσιν	πᾶς	all	1
pei	πῃ	πῃ	somehow	0
pegma	πῆγμα	πῆγμα	anything fastened or joined together, a framework	0
pema	πῆμα	πῆμα	misery	0
pemos	πῆμος	πῆμος	when?	0
penos	πῆνος	πῆνος	web	0
pexe	πῆξε	πήγνυμι	to secure, stick in, fix on	0
pexen	πῆξεν	πήγνυμι	to secure, stick in, fix on	0
pexis	πῆξις	πῆξις	fixing, putting together	1
pekhus	πῆχυς	πῆχυς	forearm (from the wrist to the elbow)	0
pei	πῇ	πῇ	whereby? which way? how?	0
pidax	πῖδαξ	πῖδαξ	spring	0
pilos	πῖλος	πῖλος	wool or hair wrought into felt	0
pisos	πῖσος	πῖσος	meadow	0
pur	πῦρ	πῦρ	a fire	1
polos	πῶλος	πῶλος	foal, young horse, whether colt or filly	0
poma	πῶμα	πῶμα	lid	0
poros	πῶρος	πῶρος	tuff	0
pos	πῶς	πῶς	how?, in what way?	0
pou	πῶϋ	πῶϋ	flock of sheep	0
sabanon	σάβανον	σάβανον	linen cloth or towel	0
sabbaton	σάββατον	σάββατον	Sabbath	0
sagaris	σάγαρις	σάγαρις	one-edged battle axe used by Scythians	0
saggaron	σάγγαρον	σάγγαρον	kind of boat or canoe	0
sagma	σάγμα	σάγμα	A covering, a clothing	0
sagos	σάγος	σάγος	cloak	0
sagou	σάγου	σάγος	cloak	0
sakea	σάκεα	σάκος	a shield	0
sakei	σάκει	σάκος	a shield	0
sakkinos	σάκκινος	σάκκινος	of sackcloth	0
sakkos	σάκκος	σάκκος	coarse cloth of hair, especially of goat's hair	0
sakos	σάκος	σάκος	a shield	0
sakous	σάκους	σάκος	a shield	0
sakra	σάκρα	σάκρα	imperial epistle	0
saktas	σάκτας	σάκτας	sack	0
sakkhar	σάκχαρ	σάκχαρ	sugar	0
salax	σάλαξ	σάλαξ	miner's sieve or riddle	0
salos	σάλος	σάλος	a rolling or tossing motion	0
salpe	σάλπη	σάλπη	Salema porgy (Sarpa salpa)	1
salpigx	σάλπιγξ	σάλπιγξ	a war-trumpet	1
samax	σάμαξ	σάμαξ	rush-mat, used as a bed in war	0
sambalon	σάμβαλον	σάνδαλον	sandal	0
sambaton	σάμβατον	σάββατον	Sabbath	0
sandalon	σάνδαλον	σάνδαλον	sandal	0
sandanon	σάνδανον	σάνδανον	Indian sandalwood, Santalum album	0
sandux	σάνδυξ	σάνδυξ	bright red mineral colorant from red lead	1
sannas	σάννας	σάννας	zany, fool, buffoon	0
santalon	σάνταλον	σάνταλον	sandalwood (Santalum album)	1
sapon	σάπων	σάπων	soap	0
sarabos	σάραβος	σάραβος	pudendum muliebre	0
sargalos	σάργαλος	σάργαλος	the place in a chariot where the whip was kept	0
sardion	σάρδιον	σάρδιον	sardine	0
sarisa	σάρισα	σάρισα	sarissa, a long Macedonian pike	0
sarkinos	σάρκινος	σάρκινος	Made of flesh, fleshy	0
sarx	σάρξ	σάρξ	the material which covers the bones of a creature	0
saron	σάρον	σάρον	broom, besom	0
saros	σάρος	σάρος	cycle of 3600 years	1
sas	σάς	σός	your, yours	0
saton	σάτον	σάτον	seah, a former Hebrew measure equivalent to 1/30 of a κόρος	0
satto	σάττω	σάττω	to stuff quite full, cram, pack	0
saturos	σάτυρος	σάτυρος	satyr	1
sapha	σάφα	σάφα	clearly	0
sebas	σέβας	σέβας	reverential awe	0
sebasis	σέβασις	σέβασις	reverence	0
sebomai	σέβομαι	σέβομαι	to be moved by awe, fear, or respect for others or for their	0
sebo	σέβω	σέβω	to honour with pious awe, to worship, venerate	0
selas	σέλας	σέλας	light, brightness, the bright flame or blaze of fire	0
selakhos	σέλαχος	σέλαχος	cartilaginous fish, shark	0
selinon	σέλινον	σέλινον	celery	0
selma	σέλμα	σέλμα	deck, the upper planking of a ship	0
seris	σέρις	σέρις	endive or chicory	0
serphos	σέρφος	σέρφος	gnat or winged ant	0
seselis	σέσελις	σέσελις	hartwort (Tordylium officinale)	0
sesilos	σέσιλος	σέσιλος	land snail	0
sesops	σέσοψ	σέσοψ	fish	0
setho	σήθω	σήθω	to sieve, sift, bolt, strain	0
sekoma	σήκωμα	σήκωμα	weight in the balance, counterpoise, counterweight	0
semata	σήματα	σῆμα	mark, sign, token	1
semate	σήματε	σῆμα	mark, sign, token	1
semati	σήματι	σῆμα	mark, sign, token	1
sematos	σήματος	σῆμα	mark, sign, token	1
semeron	σήμερον	σήμερον	today	0
sen	σήν	σός	your, yours	0
sepein	σήπειν	σήπω	to make rotten or putrid	0
sepion	σήπιον	σήπιον	cuttlefish bone	0
sepo	σήπω	σήπω	to make rotten or putrid	0
ser	σήρ	σήρ	silkworm	0
ses	σής	σής	moth	0
sesamon	σήσαμον	σήσαμον	sesame	1
seps	σήψ	σήψ	putrefying sore	0
sialon	σίαλον	σίαλον	spittle	0
sialos	σίαλος	σίαλος	porker, fat pig	0
siglos	σίγλος	σίγλος	shekel, an ancient unit of weight	0
signon	σίγνον	σίγνον	signum, statue	0
side	σίδη	σίδη	pomegranate (tree and fruit)	0
sideron	σίδηρον	σίδηρος	iron	0
sideros	σίδηρος	σίδηρος	iron	0
sidion	σίδιον	σίδιον	pomegranate-peel	0
sizo	σίζω	σίζω	to hiss, especially of the noise made by plunging hot metal	0
sikera	σίκερα	σίκερα	A fermented liquor, a strong drink	1
sikuos	σίκυος	σίκυος	cucumber (Cucumis sativus)	0
sillubon	σίλλυβον	σίλλυβον	milk thistle (Silybum marianum)	0
silouros	σίλουρος	σίλουρος	wels catfish (Silurus glanis)	0
silphe	σίλφη	σίλφη	cockroach (Blattella germanica)	0
silphion	σίλφιον	σίλφιον	laserwort	0
simblos	σίμβλος	σίμβλος	beehive, hive	0
sinapi	σίναπι	σίναπι	the mustard plant (Sinapis alba)	0
sinomai	σίνομαι	σίνομαι	to harm	0
sintes	σίντης	σίντης	ravening, predation	0
sinon	σίνων	σίνων	stone parsley (Sison amomum)	0
sion	σίον	σίον	water parsnip (Sium suave)	0
siraion	σίραιον	σίραιον	boiled down new wine, often used as a syrup	0
sisaron	σίσαρον	σίσαρον	parsnip (Pastinaca sativa)	0
sisurna	σίσυρνα	σίσυρνα	garment of skin	0
sisus	σίσυς	σίσυς	any coarse or cheap garment	0
sitinos	σίτινος	σίτινος	of grain or corn	0
sitla	σίτλα	σίτλα	bucket, pail	0
sitoin	σίτοιν	σῖτος	grain	1
sitoio	σίτοιο	σῖτος	grain	1
sitoiin	σίτοιϊν	σῖτος	grain	1
sitou	σίτου	σῖτος	grain	1
sitte	σίττη	σίττη	nuthatch (Sitta europaea)	0
sittubos	σίττυβος	σίττυβος	cauldron similar to a caccabus	0
sito	σίτω	σῖτος	grain	1
siphon	σίφων	σίφων	tube, pipe	0
sai	σαί	σός	your, yours	0
saino	σαίνω	σαίνω	to wag the tail, fawn	0
sairo	σαίρω	σαίρω	to sweep, clean	0
sabazo	σαβάζω	σαβάζω	shake violently, scatter	0
sabakos	σαβακός	σαβακός	damaged, rotten	0
sage	σαγή	σαγή	pack, baggage	0
sagene	σαγήνη	σαγήνη	large dragnet, seine	0
saggades	σαγγάδης	σαγγάδης	Persian word for messenger	0
sageneuo	σαγηνεύω	σαγηνεύω	to take fish with a drag-net	0
sathros	σαθρός	σαθρός	unsound, diseased	0
salambe	σαλάμβη	σαλάμβη	venthole, chimney	0
salage	σαλαγή	σαλαγή	noise, outcry	0
saleuo	σαλεύω	σαλεύω	to shake up, agitate	0
samaino	σαμαίνω	σαμαίνω	Doric and Pamphylian form of σημαίνω (sēmaínō)	0
sambuke	σαμβύκη	σαμβύκη	sambuca, a triangular musical instrument with four strings	0
sampsera	σαμψήρα	σαμψήρα	kind of sword, shamshir	0
sanidas	σανίδας	σανίς	board	0
sanides	σανίδες	σανίς	board	0
sanis	σανίς	σανίς	board	0
sapana	σαπάνα	σαπάνα	scarlet pimpernel (Anagallis arvensis)	0
saperdes	σαπέρδης	σαπέρδης	kind of fish found in the Nile and in the Black Sea	0
sapria	σαπρία	σαπρία	decay, decayed matter	0
sapros	σαπρός	σαπρός	rotten, putrid	0
sarabara	σαράβαρα	σαράβαρα	loose trousers worn by Scythians	0
sargane	σαργάνη	σαργάνη	plait, braid	0
sargos	σαργός	σαργός	sargo (Diplodus sargus)	1
sarginos	σαργῖνος	σαργῖνος	kind of gregarious fish	0
sardonux	σαρδόνυξ	σαρδόνυξ	sardonyx	0
sarkazo	σαρκάζω	σαρκάζω	to gnash	0
sarkodes	σαρκώδης	σαρκώδης	fleshy	0
saronis	σαρωνίς	σαρωνίς	old hollow oak	0
satine	σατίνη	σατίνη	chariot	0
sataris	σαταρίς	σαταρίς	woman's headdress	0
satrapes	σατράπης	σατράπης	a satrap, title of a Persian viceroy or governor of a provin	0
saturion	σατύριον	σατύριον	man orchid (Orchis anthropophora)	1
saukos	σαυκός	σαυκός	dry	0
saurites	σαυρίτης	σαυρίτης	kind of serpent	0
sauroter	σαυρωτήρ	σαυρωτήρ	ferrule or spike at the butt end of a spear, by which it was	0
sautou	σαυτοῦ	σεαυτοῦ	thyself, yourself	0
saphes	σαφής	σαφής	clear	0
saphos	σαφῶς	σαφῶς	clearly	0
saophron	σαόφρων	σώφρων	sane (of sound mind)	0
saunion	σαύνιον	σαύνιον	javelin	0
saura	σαύρα	σαύρα	lizard	0
sauras	σαύρας	σαύρα	lizard	0
sauroin	σαύροιν	σαῦρος	horse mackerel, jack mackerel	1
saurois	σαύροις	σαῦρος	horse mackerel, jack mackerel	1
saurou	σαύρου	σαῦρος	horse mackerel, jack mackerel	1
saurous	σαύρους	σαῦρος	horse mackerel, jack mackerel	1
sauro	σαύρω	σαῦρος	horse mackerel, jack mackerel	1
sauron	σαύρων	σαῦρος	horse mackerel, jack mackerel	1
saoteros	σαώτερος	σῶς	safe and sound	0
sais	σαῖς	σός	your, yours	0
saulos	σαῦλος	σαῦλος	straddling, waddling	0
saure	σαῦρε	σαῦρος	horse mackerel, jack mackerel	1
sauroi	σαῦροι	σαῦρος	horse mackerel, jack mackerel	1
sauros	σαῦρος	σαῦρος	horse mackerel, jack mackerel	1
sausax	σαῦσαξ	σαῦσαξ	a kind of leguminous plant	0
sbennumi	σβέννυμι	σβέννυμι	to quench, extinguish, put out	0
sbestos	σβεστός	σβεστός	quenched, extinguished	0
seiei	σείει	σείω	to shake	0
seiein	σείειν	σείω	to shake	0
seieis	σείεις	σείω	to shake	0
seietai	σείεται	σείω	to shake	0
seioi	σείοι	σείω	to shake	0
seiois	σείοις	σείω	to shake	0
seiomai	σείομαι	σείω	to shake	0
seiontai	σείονται	σείω	to shake	0
seiousa	σείουσα	σείω	to shake	0
seiousi	σείουσι	σείω	to shake	0
seiousin	σείουσιν	σείω	to shake	0
seisei	σείσει	σείω	to shake	0
seisousi	σείσουσι	σείω	to shake	0
seistrou	σείστρου	σεῖστρον	sistrum	0
seiso	σείσω	σείω	to shake	0
seison	σείσων	σείσων	earthen vessel in which beans where shaken while being roast	0
seio	σείω	σείω	to shake	0
seion	σείων	σείω	to shake	0
seauten	σεαυτήν	σεαυτοῦ	thyself, yourself	0
seautou	σεαυτοῦ	σεαυτοῦ	thyself, yourself	0
seauton	σεαυτόν	σεαυτοῦ	thyself, yourself	0
seautes	σεαυτῆς	σεαυτοῦ	thyself, yourself	0
seaute	σεαυτῇ	σεαυτοῦ	thyself, yourself	0
seauto	σεαυτῷ	σεαυτοῦ	thyself, yourself	0
sebenion	σεβένιον	σεβένιον	palm fibre	0
sebizo	σεβίζω	σεβίζω	to worship, honour	0
sebastos	σεβαστός	σεβαστός	venerable, reverend, revered, august	0
seira	σειρά	σειρά	cord, rope	0
seireo	σειρέω	σειρέω	to desiccate, dry	0
seismoi	σεισμοί	σεισμός	shaking	1
seismous	σεισμούς	σεισμός	shaking	1
seismois	σεισμοῖς	σεισμός	shaking	1
seismou	σεισμοῦ	σεισμός	shaking	1
seismon	σεισμόν	σεισμός	shaking	1
seismos	σεισμός	σεισμός	shaking	1
seismo	σεισμῷ	σεισμός	shaking	1
selates	σελάτης	σελάτης	snail with a spiral shell	0
selenais	σελήναις	σελήνη	moon	0
selenas	σελήνας	σελήνη	moon	0
selene	σελήνη	σελήνη	moon	0
selenen	σελήνην	σελήνη	moon	0
selenes	σελήνης	σελήνη	moon	0
selis	σελίς	σελίς	crossbeam of stone in ceiling construction	0
selenon	σεληνῶν	σελήνη	moon	0
selenai	σελῆναι	σελήνη	moon	0
semnas	σεμνάς	σεμνός	revered, august, holy	0
semnen	σεμνήν	σεμνός	revered, august, holy	0
semnai	σεμναί	σεμνός	revered, august, holy	0
semnain	σεμναῖν	σεμνός	revered, august, holy	0
semnais	σεμναῖς	σεμνός	revered, august, holy	0
semnoin	σεμνοῖν	σεμνός	revered, august, holy	0
semnois	σεμνοῖς	σεμνός	revered, august, holy	0
semnou	σεμνοῦ	σεμνός	revered, august, holy	0
semnon	σεμνόν	σεμνός	revered, august, holy	0
semnos	σεμνός	σεμνός	revered, august, holy	0
semno	σεμνώ	σεμνός	revered, august, holy	0
semnes	σεμνῆς	σεμνός	revered, august, holy	0
semne	σεμνῇ	σεμνός	revered, august, holy	0
sendouke	σενδούκη	σενδούκη	A box	0
septos	σεπτός	σεπτός	august	0
seraph	σεράφ	σεράφ	seraph	0
serapias	σεραπιάς	σεραπιάς	Italian orchid (Orchis italica)	0
sergoi	σεργοί	σεργοί	deer	0
seoutou	σεωυτοῦ	σεαυτοῦ	thyself, yourself	0
seuate	σεύατε	σεύω	to chase, drive, impel	0
seuato	σεύατο	σεύω	to chase, drive, impel	0
seuo	σεύω	σεύω	to chase, drive, impel	0
seisma	σεῖσμα	σεῖσμα	A shaking	0
seistron	σεῖστρον	σεῖστρον	sistrum	0
seuklon	σεῦκλον	τεῦτλον	beet (Beta vulgaris)	0
seutlon	σεῦτλον	τεῦτλον	beet (Beta vulgaris)	0
sekos	σηκός	σηκός	pen, fold, especially for rearing lambs, kids and calves	0
sekoo	σηκόω	σηκόω	to weigh against	0
sematon	σημάτων	σῆμα	mark, sign, token	1
semainei	σημαίνει	σημαίνω	to show, point out, indicate	0
semaino	σημαίνω	σημαίνω	to show, point out, indicate	0
semasia	σημασία	σημασία	the giving of a signal or command	0
semeia	σημεία	σημεία	a military standard, an ensign, a signum militare	0
semeioin	σημείοιν	σημεῖον	a mark	0
semeiois	σημείοις	σημεῖον	a mark	0
semeiou	σημείου	σημεῖον	a mark	0
semeio	σημείω	σημεῖον	a mark	0
semeioma	σημείωμα	σημείωμα	records	0
semeion	σημεῖον	σημεῖον	a mark	0
semeioun	σημειοῦν	σημειόω	to mark, stamp	0
semeioo	σημειόω	σημειόω	to mark, stamp	0
semeion	σημειῶν	σημειόω	to mark, stamp	0
semeia	σημεῖα	σημεῖον	a mark	0
semenai	σημῆναι	σημαίνω	to show, point out, indicate	0
sepia	σηπία	σηπία	cuttlefish	0
septikos	σηπτικός	σηπτικός	putrefactive, septic	0
serikos	σηρικός	σηρικός	silken, made of silk or like silk	1
setanion	σητάνιον	σητάνιον	medlar (Mespilus germanica)	0
sthenei	σθένει	σθένος	strength, might, power	0
sthenos	σθένος	σθένος	strength, might, power	0
sthenes	σθενής	σθενής	strong, mighty	0
sialous	σιάλους	σίαλος	porker, fat pig	0
siagon	σιαγών	σιαγών	jaw, jawbone, maxilla	0
sibune	σιβύνη	σιβύνη	hunting spear, pike	0
sigao	σιγάω	σιγάω	to be silent, to be still	0
sige	σιγή	σιγή	silence	0
sigunes	σιγύνης	σιγύνης	hunting spear	0
sigan	σιγᾶν	σιγάω	to be silent, to be still	0
sige	σιγῇ	σιγῇ	silently	0
sidereos	σιδήρεος	σιδήρεος	made of iron or steel	0
siderou	σιδήρου	σίδηρος	iron	0
sidero	σιδήρῳ	σίδηρος	iron	0
sideunes	σιδεύνης	σιδεύνης	boy in his fifteenth or sixteenth year	0
sikkhos	σικχός	σικχός	squeamish, fastidious person, especially in eating	0
sikua	σικύα	σικύα	bottle gourd (Benincasa hispida, syn	0
simikion	σιμίκιον	σιμίκιον	kind of musical instrument of thirty-five strings	0
simos	σιμός	σιμός	snub-nosed, flat nosed	0
simotes	σιμότης	σιμότης	the shape of a snub nose, snubbiness	0
sindon	σινδών	σινδών	muslin	0
sipue	σιπύη	σιπύη	meal-tub	0
siros	σιρός	σιρός	pit for storing grain	0
sisura	σισύρα	σισύρα	cloak made of goat's hair	0
sitarion	σιτάριον	σιτάριον	a little bit of corn or bread	0
sition	σιτίον	σιτίον	grain	0
sitonion	σιτώνιον	σιτώνιον	public granary, storehouse or wheat-fund	0
siphlos	σιφλός	σιφλός	crippled, maimed, lame	0
siopao	σιωπάω	σιωπάω	to be silent or still	0
siope	σιωπή	σιωπή	silence	0
siopan	σιωπᾶν	σιωπάω	to be silent or still	0
siopa	σιωπᾷ	σιωπάω	to be silent or still	0
siope	σιωπῇ	σιωπῇ	silently	0
sios	σιός	θεός	a deity	1
siopesis	σιώπησις	σιώπησις	taciturnity	0
skazo	σκάζω	σκάζω	to limp	1
skazon	σκάζων	σκάζων	iambic verse with a spondee in the last place, a choliamb	1
skala	σκάλα	σκάλα	ladder	0
skalas	σκάλας	σκάλα	ladder	0
skallo	σκάλλω	σκάλλω	to stir up, hoe	0
skalme	σκάλμη	σκάλμη	A short sword, a knife	0
skalops	σκάλοψ	σκάλοψ	mole (animal of the family Talpidae)	0
skandix	σκάνδιξ	σκάνδιξ	Venus' comb, shepherd's needle (Scandix pecten-veneris)	0
skapto	σκάπτω	σκάπτω	to dig	0
skaros	σκάρος	σκάρος	parrotfish	0
skarphe	σκάρφη	σκάρφη	black hellebore (Helleborus niger)	0
skaphe	σκάφη	σκάφη	bowl, tub, basin, bath	0
skaphos	σκάφος	σκάφος	hull of a ship	0
skelei	σκέλει	σκέλος	leg	0
skelesi	σκέλεσι	σκέλος	leg	0
skelesin	σκέλεσιν	σκέλος	leg	0
skele	σκέλη	σκέλος	leg	0
skello	σκέλλω	σκέλλω	to dry up	0
skelos	σκέλος	σκέλος	leg	0
skelous	σκέλους	σκέλος	leg	0
skepanos	σκέπανος	σκέπανος	kind of tunny	0
skepas	σκέπας	σκέπας	covering	0
skepasma	σκέπασμα	σκέπασμα	covering (of clothing)	0
skepe	σκέπη	σκέπη	cover, shelter	0
skepsis	σκέψις	σκέψις	viewing, sensory perception, observation	1
skeptrou	σκήπτρου	σκῆπτρον	staff (stick to lean on, used by lame or aged persons)	0
skeptro	σκήπτρω	σκῆπτρον	staff (stick to lean on, used by lame or aged persons)	0
skeptron	σκῆπτρον	σκῆπτρον	staff (stick to lean on, used by lame or aged persons)	0
skepto	σκήπτω	σκήπτω	to prop, stay, press one thing against or upon another	0
skiggos	σκίγγος	σκίγγος	skink, a kind of lizard	0
skigkos	σκίγκος	σκίγγος	skink, a kind of lizard	0
skidnemi	σκίδνημι	σκίδνημι	to scatter, disperse	0
skilla	σκίλλα	σκίλλα	squill (the name of various plants of the genus Scilla, and	1
skimpous	σκίμπους	σκίμπους	small couch, pallet, straw bed	0
skinar	σκίναρ	σκίναρ	body	0
skiouros	σκίουρος	σκίουρος	squirrel	0
skipon	σκίπων	σκίπων	staff, stick, crutch	0
skiron	σκίρον	σκίρον	parasol, canopy, held in processions in Skiron in honour of	0
skairo	σκαίρω	σκαίρω	to frisk, frolic, skip, dance	0
skaios	σκαιός	σκαιός	left, on or with the left hand	0
skalias	σκαλίας	σκαλίας	fruit shell of the artichoke	0
skalis	σκαλίς	σκαλίς	hoe or shovel	0
skalenos	σκαληνός	σκαληνός	uneven, unequal, rough, rugged, slanting	1
skalmos	σκαλμός	σκαλμός	pin or thole	0
skambos	σκαμβός	σκαμβός	crooked, bent	0
skamnion	σκαμνίον	σκαμνίον	bench	0
skapane	σκαπάνη	σκαπάνη	spade, mattock, digging tool	0
skaperda	σκαπέρδα	σκαπέρδα	tug of war at the Dionysia	0
skaptos	σκαπτός	σκαπτός	dug, that can be dug	0
skatos	σκατός	σκῶρ	dung	0
skapheus	σκαφεύς	σκαφεύς	digger, delver	0
skauros	σκαῦρος	σκαῦρος	possessing skewed or deviating hooves	0
skeletos	σκελετός	σκελετός	dried up, withered	0
skeloin	σκελοῖν	σκέλος	leg	0
skelon	σκελῶν	σκέλος	leg	0
skepazo	σκεπάζω	σκεπάζω	to cover, shelter	0
skeptea	σκεπτέα	σκεπτέος	something that must be considered, noteworthy	0
skepteon	σκεπτέον	σκεπτέον	it is to be discussed or investigated	0
skepteos	σκεπτέος	σκεπτέος	something that must be considered, noteworthy	0
skeptike	σκεπτική	σκεπτικός	thoughtful, inquiring	0
skeuazo	σκευάζω	σκευάζω	to arrange, make ready, prepare	0
skeue	σκευή	σκευή	equipment, attire, apparel, dress, trappings	0
skeuon	σκευῶν	σκεῦος	a vessel or implement	0
skeuei	σκεύει	σκεῦος	a vessel or implement	0
skeuous	σκεύους	σκεῦος	a vessel or implement	0
skeuos	σκεῦος	σκεῦος	a vessel or implement	0
skenas	σκηνάς	σκηνή	tent, tabernacle	1
skene	σκηνή	σκηνή	tent, tabernacle	1
skenoo	σκηνόω	σκηνόω	to pitch tents, encamp	0
skeptos	σκηπτός	σκηπτός	thunderbolt, lightning strike	0
skeripto	σκηρίπτω	σκηρίπτω	to prop, fix, plant firmly	0
skia	σκιά	σκιά	shadow	1
skiazo	σκιάζω	σκιάζω	to overshadow	0
skias	σκιάς	σκιάς	canopy or arbour, in form like a sunshade	0
skiao	σκιάω	σκιάω	to overshadow (literally), make shady	0
skiastes	σκιαστής	σκιαστής	Skiastes	0
skieros	σκιερός	σκιερός	shady, giving shade, in the shade	0
skimbos	σκιμβός	σκιμβός	halt, lame	0
skirtao	σκιρτάω	σκιρτάω	to spring, leap, bound	0
skioeis	σκιόεις	σκιόεις	shady (causing shade)	0
skioonto	σκιόωντο	σκιάω	to overshadow (literally), make shady	0
sklera	σκληρά	σκληρός	hard	0
skleran	σκληράν	σκληρός	hard	0
skleras	σκληράς	σκληρός	hard	0
sklere	σκληρέ	σκληρός	hard	0
sklerai	σκληραί	σκληρός	hard	0
sklerais	σκληραῖς	σκληρός	hard	0
skleroi	σκληροί	σκληρός	hard	0
sklerous	σκληρούς	σκληρός	hard	0
sklerois	σκληροῖς	σκληρός	hard	0
sklerou	σκληροῦ	σκληρός	hard	0
skleron	σκληρόν	σκληρός	hard	0
skleros	σκληρός	σκληρός	hard	0
sklero	σκληρῷ	σκληρός	hard	0
sknips	σκνίψ	σκνίψ	a kind of insect that infests fig and oak trees and devours	0
skoikion	σκοίκιον	σκοίκιον	vessel or receptacle of some kind	0
skolios	σκολιός	σκολιός	curved, bent	0
skolopax	σκολόπαξ	σκολόπαξ	woodcock (Scolopax rusticola)	0
skopeo	σκοπέω	σκοπέω	to look, look at, behold	1
skope	σκοπή	σκοπή	a vantage point, a lookout, a watchtower	0
skopei	σκοπεῖ	σκοπέω	to look, look at, behold	1
skopein	σκοπεῖν	σκοπέω	to look, look at, behold	1
skopia	σκοπιά	σκοπιά	lookout place	0
skopoi	σκοποί	σκοπός	watcher, lookout	1
skopous	σκοπούς	σκοπός	watcher, lookout	1
skopoin	σκοποῖν	σκοπός	watcher, lookout	1
skopois	σκοποῖς	σκοπός	watcher, lookout	1
skopou	σκοποῦ	σκοπός	watcher, lookout	1
skopousi	σκοποῦσι	σκοπέω	to look, look at, behold	1
skopon	σκοπόν	σκοπός	watcher, lookout	1
skopos	σκοπός	σκοπός	watcher, lookout	1
skopon	σκοπῶν	σκοπέω	to look, look at, behold	1
skopo	σκοπῷ	σκοπός	watcher, lookout	1
skorpizo	σκορπίζω	σκορπίζω	scatter, disperse	0
skorpion	σκορπίον	σκορπίον	jointfir (Ephedra distachya)	0
skorpios	σκορπίος	σκορπίος	scorpion	1
skorodou	σκορόδου	σκόροδον	garlic	0
skorodo	σκορόδω	σκόροδον	garlic	0
skorodon	σκόροδον	σκόροδον	garlic	0
skotia	σκοτία	σκοτία	darkness, gloom	1
skotoo	σκοτόω	σκοτόω	I blind	0
skoton	σκοτῶν	σκότος	darkness	1
skuleuo	σκυλεύω	σκυλεύω	to strip a slain enemy of his arms	0
skutale	σκυτάλη	σκυτάλη	A staff, a cudgel, a club	1
skoria	σκωρία	σκωρία	slag, dross of metal, scoria	0
skoramis	σκωραμίς	σκωραμίς	nightstool	0
skolion	σκόλιον	σκόλιον	song which went round crookedly at banquets, being sung to t	1
skolopas	σκόλοπας	σκόλοψ	a pale	0
skolops	σκόλοψ	σκόλοψ	a pale	0
skolumos	σκόλυμος	σκόλυμος	common golden thistle (Scolymus hispanicus)	0
skombros	σκόμβρος	σκόμβρος	mackerel (Scomber scombrus)	1
skomion	σκόμιον	σκόμιον	projecting coping, eaves	0
skopelos	σκόπελος	σκόπελος	lookout place	0
skordon	σκόρδον	σκόροδον	garlic	0
skoroda	σκόροδα	σκόροδον	garlic	0
skote	σκότε	σκότος	darkness	1
skotei	σκότει	σκότος	darkness	1
skotesi	σκότεσι	σκότος	darkness	1
skotesin	σκότεσιν	σκότος	darkness	1
skotoi	σκότοι	σκότος	darkness	1
skotois	σκότοις	σκότος	darkness	1
skotos	σκότος	σκότος	darkness	1
skotou	σκότου	σκότος	darkness	1
skotous	σκότους	σκότος	darkness	1
skoto	σκότῳ	σκότος	darkness	1
skubalon	σκύβαλον	σκύβαλον	dung, excrement, manure	1
skulax	σκύλαξ	σκύλαξ	young dog, whelp, puppy	0
skulion	σκύλιον	σκύλιον	dogfish	0
skullo	σκύλλω	σκύλλω	to tear apart, lacerate, flay, skin	0
skulos	σκύλος	σκύλος	skin, hide	0
skulous	σκύλους	σκύλος	skin, hide	0
skumnos	σκύμνος	σκύμνος	cub, whelp, especially a lion's whelp	0
skunion	σκύνιον	σκύνιον	skin above the eyebrows	0
skutinos	σκύτινος	σκύτινος	leathern, made of leather	0
skuphos	σκύφος	σκύφος	a cup or can, especially one used by peasants	1
skolex	σκώληξ	σκώληξ	worm	1
skopto	σκώπτω	σκώπτω	to mock, jeer, scoff at	0
skops	σκώψ	σκώψ	a small owl	0
skapos	σκᾶπος	σκᾶπος	branch	0
skeptra	σκῆπτρα	σκῆπτρον	staff (stick to lean on, used by lame or aged persons)	0
skepsis	σκῆψις	σκῆψις	pretext, plea, excuse, pretence	0
skiros	σκῖρος	σκῖρος	A scrub, hard land overgrown with bushes	0
skula	σκῦλα	σκῦλα	spoils	0
skuros	σκῦρος	σκῦρος	chippings of stone used as road metal	0
skutos	σκῦτος	σκῦτος	skin, hide, especially dressed or tanned	0
skolos	σκῶλος	σκῶλος	pointed stake	0
skomma	σκῶμμα	σκῶμμα	jest, gibe, joke	0
skor	σκῶρ	σκῶρ	dung	0
smao	σμάω	σμάω	to wash with soap	0
smekho	σμήχω	σμήχω	to scrub	0
smile	σμίλη	σμίλη	a tool for cutting or carving	0
smilinos	σμίλινος	σμίλινος	that acts like a scalpel	0
sminthos	σμίνθος	σμίνθος	mouse, field mouse, vole	0
smaris	σμαρίς	σμαρίς	picarel (Spicara smaris)	0
smarageo	σμαραγέω	σμαραγέω	to crash	0
smerdnos	σμερδνός	σμερδνός	terrible, dreadful	0
sminue	σμινύη	σμινύη	two-pronged mattock	0
smireus	σμιρεύς	σμιρεύς	measure of wine in Cyrenaica	0
smuris	σμύρις	σμύρις	emery-powder, used by lapidaries	0
smurna	σμύρνα	σμύρνα	myrrh, the gum of Commiphora myrrha	0
smurnion	σμύρνιον	σμύρνιον	Cretan alexanders (Smyrnium perfoliatum)	0
smegma	σμῆγμα	σμῆγμα	soap	1
smema	σμῆμα	σμῆμα	soap	0
smenos	σμῆνος	σμῆνος	beehive, skep	0
smilax	σμῖλαξ	σμῖλαξ	holm oak (Quercus ilex)	0
smuros	σμῦρος	σμῦρος	kind of eel	0
smodix	σμῶδιξ	σμῶδιξ	weal	0
sobeo	σοβέω	σοβέω	to scare away	0
sobaros	σοβαρός	σοβαρός	rushing, violent	0
solinos	σολῖνος	σολῖνος	kind of shoe	0
somphos	σομφός	σομφός	spongy, porous, full of tiny pores that allow fluids or gass	0
sore	σορέ	σορός	a vessel for holding human remains, specifically	0
soroi	σοροί	σορός	a vessel for holding human remains, specifically	0
sorous	σορούς	σορός	a vessel for holding human remains, specifically	0
sorou	σοροῦ	σορός	a vessel for holding human remains, specifically	0
soros	σορός	σορός	a vessel for holding human remains, specifically	0
sopha	σοφά	σοφός	clever, skillful, cunning, able	0
sophas	σοφάς	σοφός	clever, skillful, cunning, able	0
sophe	σοφέ	σοφός	clever, skillful, cunning, able	0
sophen	σοφήν	σοφός	clever, skillful, cunning, able	0
sophia	σοφία	σοφία	skill in a craft or art	1
sophizo	σοφίζω	σοφίζω	to make wise, instruct	0
sophai	σοφαί	σοφός	clever, skillful, cunning, able	0
sophain	σοφαῖν	σοφός	clever, skillful, cunning, able	0
sophais	σοφαῖς	σοφός	clever, skillful, cunning, able	0
sophoi	σοφοί	σοφός	clever, skillful, cunning, able	0
sophous	σοφούς	σοφός	clever, skillful, cunning, able	0
sophoin	σοφοῖν	σοφός	clever, skillful, cunning, able	0
sophois	σοφοῖς	σοφός	clever, skillful, cunning, able	0
sophou	σοφοῦ	σοφός	clever, skillful, cunning, able	0
sophon	σοφόν	σοφός	clever, skillful, cunning, able	0
sophos	σοφός	σοφός	clever, skillful, cunning, able	0
sopho	σοφώ	σοφός	clever, skillful, cunning, able	0
sophes	σοφῆς	σοφός	clever, skillful, cunning, able	0
sous	σούς	σός	your, yours	0
sousinos	σούσινος	σούσινος	of lilies	0
soio	σοῖο	σός	your, yours	0
sois	σοῖς	σός	your, yours	0
soisi	σοῖσι	σός	your, yours	0
soisin	σοῖσιν	σός	your, yours	0
souson	σοῦσον	σοῦσον	lily (plant of the genus Lilium)	0
spadix	σπάδιξ	σπάδιξ	branch torn off of a tree (especially a palm frond)	0
spadon	σπάδων	σπάδων	eunuch	0
spathe	σπάθη	σπάθη	any broad blade, of wood or metal	0
spalax	σπάλαξ	σπάλαξ	Greater blind mole-rat, Spalax microphthalmus	0
spanios	σπάνιος	σπάνιος	rare, uncommon	0
spanis	σπάνις	σπάνις	rarity, scarcity	0
sparagma	σπάραγμα	σπάραγμα	piece torn off, shred, fragment	0
sparos	σπάρος	σπάρος	annular seabream (Diplodus annularis)	0
sparton	σπάρτον	σπάρτον	rope, cable	1
spasis	σπάσις	σπάσις	drawing up, traction	0
spatalos	σπάταλος	σπάταλος	wanton	0
spao	σπάω	σπάω	to draw a sword	0
spendei	σπένδει	σπένδω	to libate	0
spendeis	σπένδεις	σπένδω	to libate	0
spendete	σπένδετε	σπένδω	to libate	0
spendo	σπένδω	σπένδω	to libate	0
speos	σπέος	σπέος	cave, cavern, grotto	0
sperma	σπέρμα	σπέρμα	seed	0
sperro	σπέρρω	σπείρω	to sow	0
sperkho	σπέρχω	σπέρχω	to set in rapid motion, haste, hurry	0
spessi	σπέσσι	σπέος	cave, cavern, grotto	0
speessi	σπήεσσι	σπέος	cave, cavern, grotto	0
spelaion	σπήλαιον	σπήλαιον	grotto	1
spiggos	σπίγγος	σπίνος	chaffinch (Fringilla coelebs)	0
spidios	σπίδιος	σπίδιος	extensive, wide	0
spiza	σπίζα	σπίζα	chaffinch (Fringilla coelebs)	0
spizo	σπίζω	σπίζω	to pipe, chirp, squeak (of small birds, to produce a shrill	0
spilos	σπίλος	σπίλος	rock, reef, cliff	0
spinos	σπίνος	σπίνος	chaffinch (Fringilla coelebs)	0
spathis	σπαθίς	σπαθίς	garment of closely-woven cloth	0
spalion	σπαλίων	σπαλίων	wicker roof used to shelter soldiers	0
spanizo	σπανίζω	σπανίζω	to be rare, scarce, scanty (of things)	0
spanisas	σπανίσας	σπανίζω	to be rare, scarce, scanty (of things)	0
spanios	σπανίως	σπανίως	rarely, seldom	0
spanos	σπανός	σπανός	rare, sparse	1
sparnos	σπαρνός	σπαρνός	sparse, rare, scarce	0
spatale	σπατάλη	σπατάλη	lewdness	0
spatile	σπατίλη	σπατίλη	thin excrement, as in diarrhea	0
spatalao	σπαταλάω	σπαταλάω	to live softly or in excessive comfort or indulgence	0
speious	σπείους	σπέος	cave, cavern, grotto	0
speira	σπεῖρα	σπεῖρα	anything twisted or wound	0
speirou	σπείρου	σπεῖρον	a wrapping cloth	0
speiro	σπείρω	σπείρω	to sow	0
speiron	σπείρων	σπείρω	to sow	0
speisas	σπείσας	σπένδω	to libate	0
speiraia	σπειραία	σπειραία	privet (Ligustrum vulgare)	0
speudo	σπεύδω	σπεύδω	to set going, urge on, hasten	0
speudon	σπεύδων	σπεύδω	to set going, urge on, hasten	0
speiron	σπεῖρον	σπεῖρον	a wrapping cloth	0
spidnos	σπιδνός	σπιδνός	dense, solid, holding together, fastened	0
spithame	σπιθαμή	σπιθαμή	span, also as a fixed measure	0
spinther	σπινθήρ	σπινθήρ	spark	0
spinos	σπινός	σπινός	meager, lean	0
splen	σπλήν	σπλήν	milt, spleen	1
splenion	σπληνίον	σπληνίον	pad or compress of linen laid on a wound	1
splenos	σπληνός	σπλήν	milt, spleen	1
spoggion	σπογγίον	σπογγίον	small sponge	0
spoggia	σπογγιά	σπογγιά	sponge (marine animal)	0
spode	σποδέ	σποδός	wood ashes, ember	0
spodia	σποδιά	σποδιά	heap of ashes	0
spodias	σποδιάς	σποδιάς	bullace (Prunus domestica subsp	0
spodoi	σποδοί	σποδός	wood ashes, ember	0
spodous	σποδούς	σποδός	wood ashes, ember	0
spodoin	σποδοῖν	σποδός	wood ashes, ember	0
spodois	σποδοῖς	σποδός	wood ashes, ember	0
spodou	σποδοῦ	σποδός	wood ashes, ember	0
spodon	σποδόν	σποδός	wood ashes, ember	0
spodos	σποδός	σποδός	wood ashes, ember	0
spodo	σποδώ	σποδός	wood ashes, ember	0
spolas	σπολάς	σπολάς	leather garment	0
spoleus	σπολεύς	σπολεύς	A kind of loaf	0
spondas	σπονδάς	σπονδή	libation, drink-offering (to the gods	0
sponde	σπονδή	σπονδή	libation, drink-offering (to the gods	0
sponden	σπονδήν	σπονδή	libation, drink-offering (to the gods	0
spondai	σπονδαί	σπονδή	libation, drink-offering (to the gods	0
spondais	σπονδαῖς	σπονδή	libation, drink-offering (to the gods	0
spondes	σπονδῆς	σπονδή	libation, drink-offering (to the gods	0
spondon	σπονδῶν	σπονδή	libation, drink-offering (to the gods	0
spora	σπορά	σπορά	seed	1
sporadas	σποράδας	σποράς	scattered, dispersed	0
sporaden	σποράδην	σποράδην	in a scattered manner, here and there	0
sporas	σποράς	σποράς	scattered, dispersed	0
spoudazo	σπουδάζω	σπουδάζω	to hurry, hurry up, come quickly	0
spoudas	σπουδάς	σπουδή	haste, speed	0
spoude	σπουδή	σπουδή	haste, speed	0
spouden	σπουδήν	σπουδή	haste, speed	0
spoudai	σπουδαί	σπουδή	haste, speed	0
spoudais	σπουδαῖς	σπουδή	haste, speed	0
spoudes	σπουδῆς	σπουδή	haste, speed	0
spoudon	σπουδῶν	σπουδή	haste, speed	0
spuris	σπυρίς	σπυρίς	A large basket, a creel used for transport money	0
spoggoi	σπόγγοι	σπόγγος	sponge	0
spoggois	σπόγγοις	σπόγγος	sponge	0
spoggon	σπόγγον	σπόγγος	sponge	0
spoggos	σπόγγος	σπόγγος	sponge	0
spoggou	σπόγγου	σπόγγος	sponge	0
spoggous	σπόγγους	σπόγγος	sponge	0
spoggo	σπόγγῳ	σπόγγος	sponge	0
sporos	σπόρος	σπόρος	a sowing	0
spelugx	σπῆλυγξ	σπῆλυγξ	cave	0
stablon	στάβλον	στάβλον	stable	0
stadia	στάδια	στάδιος	standing fast and firm	0
stadion	στάδιον	στάδιον	A 600-foot track for footraces and the surrounding stadium	1
stadios	στάδιος	στάδιος	standing fast and firm	0
stazo	στάζω	στάζω	to drop	0
stathme	στάθμη	στάθμη	carpenter's line or rule	0
stathmen	στάθμην	στάθμη	carpenter's line or rule	0
stalix	στάλιξ	στάλιξ	stake to which nets are fastened	0
stamnos	στάμνος	στάμνος	earthen jar	1
stax	στάξ	στάξ	a drop (of liquids)	0
staxis	στάξις	στάξις	dropping	0
stasei	στάσει	στάσις	a standing, placing, setting	1
staseos	στάσεως	στάσις	a standing, placing, setting	1
stasimos	στάσιμος	στάσιμος	checking, stopping	0
stasis	στάσις	στάσις	a standing, placing, setting	1
stator	στάτωρ	στάτωρ	stator, usher in a law court	0
stakhus	στάχυς	στάχυς	an ear of grain	0
stear	στέαρ	στέαρ	hard fat	1
stegai	στέγαι	στέγη	roof, ceiling	0
stegais	στέγαις	στέγη	roof, ceiling	0
stegas	στέγας	στέγη	roof, ceiling	0
stege	στέγη	στέγη	roof, ceiling	0
stegen	στέγην	στέγη	roof, ceiling	0
steges	στέγης	στέγη	roof, ceiling	0
stegos	στέγος	στέγος	roof	0
stego	στέγω	στέγω	to cover closely, so as to keep water either out or in	0
stello	στέλλω	στέλλω	to make ready, prepare	0
stemma	στέμμα	στέμμα	wreath, garland, chaplet	1
stemmata	στέμματα	στέμμα	wreath, garland, chaplet	1
stenagma	στέναγμα	στέναγμα	sigh, groan	0
stenos	στένος	στένος	Attic and late Epic form of στεῖνος (steînos)	0
steno	στένω	στένω	to moan, groan	0
stenosis	στένωσις	στένωσις	A being straitened, narrowing	1
stergo	στέργω	στέργω	to love (mostly of non-sexual affection)	0
steresis	στέρησις	στέρησις	deprivation, privation	0
sternoio	στέρνοιο	στέρνον	A breast, chest	0
sternon	στέρνον	στέρνον	A breast, chest	0
steromai	στέρομαι	στέρομαι	to be wanting in, to lack, want	0
sterphos	στέρφος	στέρφος	hide, skin, fur	0
stepho	στέφω	στέφω	to put around	0
stethea	στήθεα	στῆθος	breast (of both sexes)	1
stethee	στήθεε	στῆθος	breast (of both sexes)	1
stethei	στήθει	στῆθος	breast (of both sexes)	1
stetheos	στήθεος	στῆθος	breast (of both sexes)	1
stethesi	στήθεσι	στῆθος	breast (of both sexes)	1
stetheus	στήθευς	στῆθος	breast (of both sexes)	1
stethe	στήθη	στῆθος	breast (of both sexes)	1
stethous	στήθους	στῆθος	breast (of both sexes)	1
steko	στήκω	στήκω	to stand	0
stelais	στήλαις	στήλη	block of stone used as a prop or buttress to a wall	1
stelas	στήλας	στήλη	block of stone used as a prop or buttress to a wall	1
stele	στήλη	στήλη	block of stone used as a prop or buttress to a wall	1
stelen	στήλην	στήλη	block of stone used as a prop or buttress to a wall	1
steles	στήλης	στήλη	block of stone used as a prop or buttress to a wall	1
stemon	στήμων	στήμων	warp in the upright loom	0
stesei	στήσει	ἵστημι	to stand	0
steseis	στήσεις	ἵστημι	to stand	0
stesetai	στήσεται	ἵστημι	to stand	0
stesete	στήσετε	ἵστημι	to stand	0
stesomai	στήσομαι	ἵστημι	to stand	0
stesomen	στήσομεν	ἵστημι	to stand	0
stesousi	στήσουσι	ἵστημι	to stand	0
steso	στήσω	ἵστημι	to stand	0
stese	στήσῃ	ἵστημι	to stand	0
steten	στήτην	ἵστημι	to stand	0
stia	στία	στία	pebble	0
stibe	στίβη	στίβη	hoarfrost, rime	0
stigma	στίγμα	στίγμα	stigma (a permanent identity mark branded, cut or tattooed o	1
stizo	στίζω	στίζω	to tattoo	0
stilbo	στίλβω	στίλβω	to shine, glitter	0
stilpsis	στίλψις	στίλψις	A shining, a glittering	0
stimmi	στίμμι	στίμμι	kohl	0
stix	στίξ	στίξ	a row or file of soldiers	0
stixis	στίξις	στίξις	marking (e	0
stikhos	στίχος	στίχος	a row or file of soldiers	0
stagon	σταγών	σταγών	a drop (of liquids)	0
stadiou	σταδίου	στάδιος	standing fast and firm	0
stadion	σταδίων	στάδιος	standing fast and firm	0
stadie	σταδίῃ	στάδιος	standing fast and firm	0
stadieus	σταδιεύς	σταδιεύς	one who runs in the stadium, one who runs for a prize	0
stathmao	σταθμάω	σταθμάω	to measure, weigh	0
stathmeo	σταθμέω	σταθμάω	to measure, weigh	0
stathmon	σταθμόν	σταθμόν	a weight for a balance	0
stathmos	σταθμός	σταθμός	standing place	0
stathmoo	σταθμόω	σταθμάω	to measure, weigh	0
stathmo	σταθμῷ	σταθμός	standing place	0
staitos	σταιτός	σταῖς	dough made of spelt flour	0
stakte	στακτή	στακτή	oil of myrrh	0
staktos	στακτός	στακτός	oozing out in drops, trickling, distilling	0
stamis	σταμίς	σταμίς	ribs or frame-timbers of a ship, which stand up from the kee	0
stanuo	στανύω	στανύω	to appoint, establish	0
stasiazo	στασιάζω	στασιάζω	to rebel, revolt	0
stater	στατήρ	στατήρ	a weight, a standard	0
statikos	στατικός	στατικός	causing to stand, coming to a standstill, rest	0
statos	στατός	στατός	placed, standing, stalled	1
stauros	σταυρός	σταυρός	upright stake or pile	0
stauroo	σταυρόω	σταυρόω	to fence with pales, impalisade	0
staphule	σταφυλή	σταφυλή	bunch of grapes	0
stais	σταῖς	σταῖς	dough made of spelt flour	0
steibo	στείβω	στείβω	to tread on, stamp on	0
steino	στείνω	στείνω	to straiten, confine, coop up, crowd	0
steikho	στείχω	στείχω	to walk, march, go or come	0
steikhon	στείχων	στείχω	to walk, march, go or come	0
steganos	στεγανός	στεγανός	watertight, waterproof	1
stegnos	στεγνός	στεγνός	watertight, waterproof	0
stegon	στεγῶν	στέγη	roof, ceiling	0
steileie	στειλειή	στειλειή	handle of a tool such as an axe or hammer	0
stelea	στελεά	στελεά	haft, shaft of an axe, hack, hammer	0
stenazo	στενάζω	στενάζω	to sigh, moan, wail	0
stenakho	στενάχω	στενάχω	to sigh, groan	0
stenos	στενός	στενός	narrow	1
stenoo	στενόω	στενόω	to straiten, confine, contract	0
steno	στενῷ	στενός	narrow	1
stereo	στερέω	στερέω	to deprive	0
stereoma	στερέωμα	στερέωμα	foundation, framework, firmament	0
sterea	στερεά	στερεός	firm	1
sterean	στερεάν	στερεός	firm	1
stereas	στερεάς	στερεός	firm	1
stereai	στερεαί	στερεός	firm	1
stereais	στερεαῖς	στερεός	firm	1
stereoi	στερεοί	στερεός	firm	1
stereous	στερεούς	στερεός	firm	1
stereois	στερεοῖς	στερεός	firm	1
stereou	στερεοῦ	στερεός	firm	1
stereon	στερεόν	στερεός	firm	1
stereos	στερεός	στερεός	firm	1
stereos	στερεῶς	στερεῶς	firmly, rigidly	0
stereo	στερεῷ	στερεός	firm	1
steinos	στεῖνος	στεῖνος	narrow, close or confined space	0
steira	στεῖρα	στεῖρα	heifer (a cow that has not calved)	0
steiros	στεῖρος	στεῖρος	barren, infertile	0
steikhe	στεῖχε	στείχω	to walk, march, go or come	0
steumai	στεῦμαι	στεῦμαι	to behave as if about to, to promise or threaten to	0
steuto	στεῦτο	στεῦμαι	to behave as if about to, to promise or threaten to	0
stetheon	στηθέων	στῆθος	breast (of both sexes)	1
stethoin	στηθοῖν	στῆθος	breast (of both sexes)	1
stethon	στηθῶν	στῆθος	breast (of both sexes)	1
stelon	στηλῶν	στήλη	block of stone used as a prop or buttress to a wall	1
sterizo	στηρίζω	στηρίζω	to support, establish	0
stibaros	στιβαρός	στιβαρός	firm, steadfast, secure	0
stibares	στιβαρῆς	στιβαρός	firm, steadfast, secure	0
stibeus	στιβεύς	στιβεύς	A walker, a traveller	0
stigme	στιγμή	στιγμή	spot	0
stilpne	στιλπνή	στιλπνός	glittering, glistening	0
stilpnos	στιλπνός	στιλπνός	glittering, glistening	0
stleggis	στλεγγίς	στλεγγίς	strigil (scraper to remove oil and dirt from the skin)	0
stoa	στοά	στοά	a colonnade	1
stoibe	στοιβή	στοιβή	thorny burnet (Sarcopoterium spinosum)	0
stoikhas	στοιχάς	στοιχάς	in rows one behind another	0
stole	στολή	στολή	equipment	1
stonakhe	στοναχή	στοναχή	groaning, wailing, sighing	0
stonoeis	στονόεις	στονόεις	mournful, sad, wretched	0
storge	στοργή	στοργή	love, affection	0
stokhas	στοχάς	στοχάς	an erection of stone or wood for fixing net poles	0
stoikhoi	στοῖχοι	στοῖχος	row in an ascending series	1
stoikhos	στοῖχος	στοῖχος	row in an ascending series	1
stragx	στράγξ	στράγξ	trickle, (squeezed-out) drop	0
strapho	στράφω	στρέφω	to twist	0
stremma	στρέμμα	στρέμμα	that which is twisted, thread	0
strepho	στρέφω	στρέφω	to twist	0
strepsis	στρέψις	στρέψις	a turning round	0
strix	στρίξ	στρίξ	owl	1
strabizo	στραβίζω	στραβίζω	to have distorted eyes, to squint	0
strabos	στραβός	στραβός	distorted, oblique	0
straggos	στραγγός	στραγγός	twisted	0
strateia	στρατεία	στρατεία	campaign, expedition	0
strateuo	στρατεύω	στρατεύω	advance with an army or fleet, wage war	0
stratia	στρατιά	στρατιά	army	0
stratou	στρατοῦ	στρατός	army	0
straton	στρατόν	στρατός	army	0
stratos	στρατός	στρατός	army	0
streblos	στρεβλός	στρεβλός	twisted	0
streptos	στρεπτός	στρεπτός	Easily twisted, pliant	1
strobile	στροβίλη	στροβίλη	Plug of lint twisted into an oval shape like a pinecone	1
stropha	στροφά	στροφή	turning, a turn	1
strophas	στροφάς	στροφή	turning, a turn	1
strophe	στροφή	στροφή	turning, a turn	1
strophen	στροφήν	στροφή	turning, a turn	1
strophai	στροφαί	στροφή	turning, a turn	1
strophes	στροφῆς	στροφή	turning, a turn	1
stropho	στροφῶ	στρέφω	to twist	0
strophon	στροφῶν	στροφή	turning, a turn	1
stromne	στρωμνή	στρωμνή	bed spread or prepared	0
stroter	στρωτήρ	στρωτήρ	rafter laid upon the bearing beam	0
strotos	στρωτός	στρωτός	spread	0
strobos	στρόβος	στρόβος	whirl	1
strombos	στρόμβος	στρόμβος	any body rounded or spun round	0
strophos	στρόφος	στρόφος	a twisted band or cord	0
stroma	στρῶμα	στρῶμα	mattress	1
stugeo	στυγέω	στυγέω	to hate, abominate, abhor, detest	0
stugeon	στυγέων	στυγέω	to hate, abominate, abhor, detest	0
stugeren	στυγερήν	στυγερός	hated, abominated, loathed	0
stugeron	στυγερόν	στυγερός	hated, abominated, loathed	0
stugeros	στυγερός	στυγερός	hated, abominated, loathed	0
stugero	στυγερῷ	στυγερός	hated, abominated, loathed	0
stugnos	στυγνός	στυγνός	hated, abhorred (of persons and things)	0
stulites	στυλίτης	στυλίτης	one standing or dwelling on a pillar, a stylite (Christian a	1
stumnos	στυμνός	στυμνός	solid, hard	0
stomulos	στωμύλος	στωμύλος	wordy, talkative, loquacious	0
stolon	στόλον	στόλος	expedition	0
stolos	στόλος	στόλος	expedition	0
stolo	στόλῳ	στόλος	expedition	0
stoma	στόμα	στόμα	mouth (especially as the organ of speech)	0
stomion	στόμιον	στόμιον	small mouth	0
stonos	στόνος	στόνος	sighing, groaning, lamentation	0
stonux	στόνυξ	στόνυξ	sharp point, as of a rock	0
storesan	στόρεσαν	στόρνυμι	to smooth out, spread	0
stornumi	στόρνυμι	στόρνυμι	to smooth out, spread	0
stokhe	στόχε	στόχος	pillar of brick	0
stokhoi	στόχοι	στόχος	pillar of brick	0
stokhoin	στόχοιν	στόχος	pillar of brick	0
stokhois	στόχοις	στόχος	pillar of brick	0
stokhon	στόχον	στόχος	pillar of brick	0
stokhos	στόχος	στόχος	pillar of brick	0
stokhou	στόχου	στόχος	pillar of brick	0
stokhous	στόχους	στόχος	pillar of brick	0
stokho	στόχω	στόχος	pillar of brick	0
stupos	στύπος	στύπος	stem, stump, block	0
sturax	στύραξ	στύραξ	storax tree (Styrax officinalis)	0
stupho	στύφω	στύφω	to contract, draw together	0
stuo	στύω	στύω	to make stiff	0
stomix	στώμιξ	στώμιξ	wooden beam	0
ste	στῆ	ἵστημι	to stand	0
stethos	στῆθος	στῆθος	breast (of both sexes)	1
stelai	στῆλαι	στήλη	block of stone used as a prop or buttress to a wall	1
sterigx	στῆριγξ	στῆριγξ	support	0
stesai	στῆσαι	ἵστημι	to stand	0
stesen	στῆσεν	ἵστημι	to stand	0
stulos	στῦλος	στῦλος	pillar, column, support	1
stuma	στῦμα	στῦμα	priapism	0
stumma	στῦμμα	στῦμμα	astringent (used especially for thickening oil, to ensure mo	0
stupsis	στῦψις	στῦψις	contraction	1
stomen	στῶμεν	ἵστημι	to stand	0
sui	συΐ	σῦς	pig	0
subene	συβήνη	συβήνη	A flute case	0
subotes	συβώτης	συβώτης	swineherd	0
suggenes	συγγενής	συγγενής	born with, congenital, innate, natural, inborn	0
suggnome	συγγνώμη	συγγνώμη	acknowledgement	0
sugkaleo	συγκαλέω	συγκαλέω	to call to council	0
sugkope	συγκοπή	συγκοπή	a cutting up, cutting into small pieces	1
sugkrouo	συγκρούω	συγκρούω	to strike together	0
sugkopto	συγκόπτω	συγκόπτω	to break up, cut up	0
sugkhis	συγχίς	συγχίς	a kind of shoe or sock	0
suzeteo	συζητέω	συζητέω	to search or examine together with	0
suzugia	συζυγία	συζυγία	union, junction	1
sukea	συκέα	συκέα	fig tree	0
sukalis	συκαλίς	συκαλίς	beccafico (Sylvia hortensis)	0
sukon	συκών	συκών	fig-yard	0
sulao	συλάω	συλάω	to pillage, plunder, rob, despoil	0
sullego	συλλέγω	συλλέγω	to gather, collect, bring together	0
sullabe	συλλαβή	συλλαβή	conception	0
sulloge	συλλογή	συλλογή	gathering, collecting	1
sulluo	συλλύω	συλλύω	to assist in loosening	0
sumballo	συμβάλλω	συμβάλλω	to bring together, unite	0
sumbaino	συμβαίνω	συμβαίνω	to stand with the feet together	0
sumbole	συμβολή	συμβολή	coming together, meeting, joining, putting together	0
sumboule	συμβουλή	συμβουλή	counsel	0
summeno	συμμένω	συμμένω	to hold together, keep together	0
summetro	συμμέτρῳ	σύμμετρος	commensurate with, of like measure or size with	0
sumpino	συμπίνω	συμπίνω	to drink together	0
sumpipto	συμπίπτω	συμπίπτω	to fall together, meet violently	0
sumpleo	συμπλέω	συμπλέω	to sail in company with [with dative] (also used figurativel	0
sumpotes	συμπότης	συμπότης	fellow-drinker, boon-companion, drinking buddy	0
sumphero	συμφέρω	συμφέρω	to bring together, gather, collect	0
sumphora	συμφορά	συμφορά	a bringing together, collecting, contribution	0
sumphono	συμφωνῶ	συμφωνέω	to agree together	0
sumphuo	συμφύω	συμφύω	to make to grow together	0
sunago	συνάγω	συνάγω	to bring together, gather together	0
sunapto	συνάπτω	συνάπτω	to join together, connect	0
sunarkho	συνάρχω	συνάρχω	to rule or govern jointly	0
sunetaxa	συνέταξα	συντάσσω	to put in order together, to draw up, put in array	0
sunethes	συνήθης	συνήθης	habituated, accustomed, used to	0
suneoros	συνήορος	συνήορος	wedded to	0
suniemi	συνίημι	συνίημι	to send together, to bring together or set together	0
sunagoge	συναγωγή	συναγωγή	gathering, collection	0
sunaireo	συναιρέω	συναιρέω	to grasp or seize together, to seize at once	0
sunalizo	συναλίζω	συναλίζω	to bring together, collect, assemble	0
sunantao	συναντάω	συναντάω	to meet face to face	0
sunapton	συναπτόν	συναπτός	joined together, continuous	0
sunaptos	συναπτός	συναπτός	joined together, continuous	0
sunaphe	συναφή	συναφή	connection, union, junction	0
sunaphes	συναφής	συναφής	united, connected, related to	0
sundeo	συνδέω	συνδέω	tie together, bind together	0
sundrome	συνδρομή	συνδρομή	a concourse of people	0
sunergia	συνεργία	συνεργία	joint working, cooperation	1
sunergos	συνεργός	συνεργός	working together, joining or helping in work	0
suneteo	συνετέω	συνετέω	notice, understand	0
sunetos	συνετός	συνετός	having understanding, intelligent, sagacious, wise, learned	0
sunekhes	συνεχές	συνεχές	unceasingly	0
sunekhes	συνεχής	συνεχής	continuous, contiguous, unintermitting	1
sunekhos	συνεχῶς	συνεχῶς	continuously	0
suneloo	συνηλόω	συνηλόω	to nail or fasten together	0
suntheke	συνθήκη	συνθήκη	a compounding, especially of words and sentences	0
sunoikeo	συνοικέω	συνοικέω	to live with, live together	0
sunoikia	συνοικία	συνοικία	body of people living together, community, settlement	0
sunousia	συνουσία	συνουσία	social intercourse, society	1
suntasso	συντάσσω	συντάσσω	to put in order together, to draw up, put in array	0
suntemno	συντέμνω	συντέμνω	cut down, cut short	0
sunteles	συντελής	συντελής	associated in the payment of taxes or in contribution	0
suntonia	συντονία	συντονία	tension	1
suntribo	συντρίβω	συντρίβω	to rub together	0
sunoris	συνωρίς	συνωρίς	a pair of horses	0
suoin	συοῖν	σῦς	pig	0
suoiin	συοῖϊν	σῦς	pig	0
suria	συρία	συρία	kind of garment	0
surizo	συρίζω	συρίζω	to play the panpipes	0
surikon	συρικόν	συρικόν	red lead	0
surrapto	συρράπτω	συρράπτω	to stich or sew together	0
surreo	συρρέω	συρρέω	to flow together, flow in the same stream (also used figurat	0
susi	συσί	σῦς	pig	0
susin	συσίν	σῦς	pig	0
suskeue	συσκευή	συσκευή	intrigue, plot	0
sussi	συσσί	σῦς	pig	0
sussin	συσσίν	σῦς	pig	0
sussozo	συσσῴζω	συσσῴζω	to help to save or preserve	0
sustello	συστέλλω	συστέλλω	to draw together	0
sustole	συστολή	συστολή	contraction, drawing together	0
sukhnazo	συχνάζω	συχνάζω	to be frequent	0
sukhnos	συχνός	συχνός	long, wearisome	0
suos	συός	σῦς	pig	0
suon	συῶν	σῦς	pig	0
sphagion	σφάγιον	σφάγιον	victim, offering	0
sphagnos	σφάγνος	σφάγνος	Greek sage (Salvia fruticosa)	0
sphazo	σφάζω	σφάζω	to slay, slaughter, cut the throat	0
sphakos	σφάκος	σφάκος	apple sage (Salvia pomifera)	0
sphallo	σφάλλω	σφάλλω	to topple, overthrow	0
sphalma	σφάλμα	σφάλμα	a trip, a stumble, a false step	0
sphalsis	σφάλσις	σφάλσις	fall, accident	0
sphaxosi	σφάξωσι	σφάζω	to slay, slaughter, cut the throat	0
spheas	σφέας	σφεῖς	they	0
sphelas	σφέλας	σφέλας	footstool	0
sphen	σφήν	σφήν	wedge (part of a simple machine)	1
sphex	σφήξ	σφήξ	wasp	1
sphiggo	σφίγγω	σφίγγω	to bind tight, tie fast	0
sphisi	σφίσι	οὗ	"of him/her/it", "than him/her/it", etc	0
sphisin	σφίσιν	σφεῖς	they	0
sphairas	σφαίρας	σφαῖρα	ball, globe, sphere	0
sphaga	σφαγά	σφαγά	Lyric form of σφᾰγή (sphăgḗ)	0
sphage	σφαγή	σφαγή	slaughter	0
sphagis	σφαγίς	σφαγίς	sacrificial knife	0
sphadazo	σφαδᾴζω	σφαδᾴζω	to struggle, plunge (of horses)	0
sphaleis	σφαλείς	σφάλλω	to topple, overthrow	0
sphaira	σφαῖρα	σφαῖρα	ball, globe, sphere	0
sphe	σφε	σφεῖς	they	0
spheion	σφείων	σφεῖς	they	0
spheis	σφεῖς	σφεῖς	they	0
sphi	σφι	σφεῖς	they	0
sphin	σφιν	σφεῖς	they	0
sphisi	σφισι	σφεῖς	they	0
sphodra	σφοδρά	σφοδρός	vehement, violent, excessive	0
sphodran	σφοδράν	σφοδρός	vehement, violent, excessive	0
sphodras	σφοδράς	σφοδρός	vehement, violent, excessive	0
sphodrai	σφοδραί	σφοδρός	vehement, violent, excessive	0
sphodroi	σφοδροί	σφοδρός	vehement, violent, excessive	0
sphodrou	σφοδροῦ	σφοδρός	vehement, violent, excessive	0
sphodron	σφοδρόν	σφοδρός	vehement, violent, excessive	0
sphodros	σφοδρός	σφοδρός	vehement, violent, excessive	0
sphodro	σφοδρῷ	σφοδρός	vehement, violent, excessive	0
sphragis	σφραγίς	σφραγίς	seal	0
sphugmos	σφυγμός	σφυγμός	the throbbing of inflamed parts	0
sphuron	σφυρόν	σφυρόν	ankle	0
sphoe	σφωέ	σφωέ	Epic enclitic third person dual personal pronoun	0
sphoin	σφωϊν	σφωέ	Epic enclitic third person dual personal pronoun	0
sphoggos	σφόγγος	σπόγγος	sponge	0
sphodra	σφόδρα	σφόδρα	very, very much	0
sphuzo	σφύζω	σφύζω	to throb	0
sphuxis	σφύξις	σφύξις	pulse	0
spho	σφώ	σφώ	you two	0
sphas	σφᾶς	σφεῖς	they	0
sphekes	σφῆκες	σφήξ	wasp	1
sphura	σφῦρα	σφῦρα	hammer	0
sphon	σφῶν	σφεῖς	they	0
sphoi	σφῶϊ	σφώ	you two	0
sphon	σφῷν	σφώ	you two	0
skhazo	σχάζω	σχάζω	to make an incision	0
skhede	σχέδη	σχέδη	leaf, page	1
skhedios	σχέδιος	σχέδιος	near, close	0
skhethe	σχέθε	ἔχω	to have, possess, contain, own	0
skhethoi	σχέθοι	ἔχω	to have, possess, contain, own	0
skhethon	σχέθον	ἔχω	to have, possess, contain, own	0
skhetho	σχέθω	ἔχω	to have, possess, contain, own	0
skhes	σχές	ἔχω	to have, possess, contain, own	0
skheseis	σχέσεις	σχέσις	state, condition	1
skheseon	σχέσεων	σχέσις	state, condition	1
skheseos	σχέσεως	σχέσις	state, condition	1
skhesthe	σχέσθε	ἔχω	to have, possess, contain, own	0
skhesis	σχέσις	σχέσις	state, condition	1
skhete	σχέτε	ἔχω	to have, possess, contain, own	0
skheto	σχέτω	ἔχω	to have, possess, contain, own	0
skhemasi	σχήμασι	σχήμασι	preconsonantal dative plural of σχῆμᾰ (skhêmă)	0
skhemata	σχήματα	σχῆμα	form, shape, figure	1
skhesas	σχήσας	ἔχω	to have, possess, contain, own	0
skhesei	σχήσει	ἔχω	to have, possess, contain, own	0
skheseie	σχήσειε	ἔχω	to have, possess, contain, own	0
skhesein	σχήσειν	ἔχω	to have, possess, contain, own	0
skheseis	σχήσεις	ἔχω	to have, possess, contain, own	0
skhesete	σχήσετε	ἔχω	to have, possess, contain, own	0
skhesoi	σχήσοι	ἔχω	to have, possess, contain, own	0
skheso	σχήσω	ἔχω	to have, possess, contain, own	0
skheson	σχήσων	ἔχω	to have, possess, contain, own	0
skhesosi	σχήσωσι	ἔχω	to have, possess, contain, own	0
skhese	σχήσῃ	ἔχω	to have, possess, contain, own	0
skhiza	σχίζα	σχίζα	a lath	0
skhizo	σχίζω	σχίζω	to split	0
skhisis	σχίσις	σχίσις	cleaving, parting, division	1
skhisma	σχίσμα	σχίσμα	division	1
skhadon	σχαδών	σχαδών	larva of the bee or wasp	0
skhalis	σχαλίς	σχαλίς	forked stick used as a prop for nets	0
skhedia	σχεδία	σχεδία	raft, float	0
skhedon	σχεδόν	σχεδόν	near	0
skhelis	σχελίς	σχελίς	ribs of beef	0
skheros	σχερός	σχερός	headland, beach	0
skhein	σχεῖν	ἔχω	to have, possess, contain, own	0
skhistos	σχιστός	σχιστός	cloven, divided	0
skhoimen	σχοίμην	ἔχω	to have, possess, contain, own	0
skhola	σχολά	σχολή	leisure, free time	0
skholazo	σχολάζω	σχολάζω	to be at leisure, have spare time	0
skholas	σχολάς	σχολή	leisure, free time	0
skhole	σχολή	σχολή	leisure, free time	0
skholen	σχολήν	σχολή	leisure, free time	0
skholai	σχολαί	σχολή	leisure, free time	0
skholain	σχολαῖν	σχολή	leisure, free time	0
skholais	σχολαῖς	σχολή	leisure, free time	0
skholes	σχολῆς	σχολή	leisure, free time	0
skholon	σχολῶν	σχολή	leisure, free time	0
skhoi	σχοῖ	ἔχω	to have, possess, contain, own	0
skhoimi	σχοῖμι	ἔχω	to have, possess, contain, own	0
skhoinos	σχοῖνος	σχοῖνος	rush, especially camel hay (Cymbopogon schoenanthus)	0
skhoio	σχοῖο	ἔχω	to have, possess, contain, own	0
skhois	σχοῖς	ἔχω	to have, possess, contain, own	0
skhoito	σχοῖτο	ἔχω	to have, possess, contain, own	0
skhou	σχοῦ	ἔχω	to have, possess, contain, own	0
skholion	σχόλιον	σχόλιον	an interpretation, comment	0
skhon	σχών	ἔχω	to have, possess, contain, own	0
skhema	σχῆμα	σχῆμα	form, shape, figure	1
skhe	σχῇ	ἔχω	to have, possess, contain, own	0
skhinos	σχῖνος	σχῖνος	lentisk (Pistacia lentiscus)	0
skho	σχῶ	ἔχω	to have, possess, contain, own	0
skhomai	σχῶμαι	ἔχω	to have, possess, contain, own	0
skhomen	σχῶμεν	ἔχω	to have, possess, contain, own	0
skhontai	σχῶνται	ἔχω	to have, possess, contain, own	0
skhosi	σχῶσι	ἔχω	to have, possess, contain, own	0
skhosin	σχῶσιν	ἔχω	to have, possess, contain, own	0
solen	σωλήν	σωλήν	channel, gutter, pipe	1
somatika	σωματικά	σωματικός	of or for the body, bodily	1
somatike	σωματική	σωματικός	of or for the body, bodily	1
sore	σωρέ	σωρός	heap	0
sorites	σωρίτης	σωρίτης	sorites, a heap of syllogisms, the fallacy of the heap	0
soreuo	σωρεύω	σωρεύω	to heap one thing on another, pile up	0
soroi	σωροί	σωρός	heap	0
sorous	σωρούς	σωρός	heap	0
soros	σωρός	σωρός	heap	0
sostos	σωστός	σωστός	safe	0
soter	σωτήρ	σωτήρ	saviour	1
soteresi	σωτήρεσι	σωτήρ	saviour	1
soteroin	σωτήροιν	σωτήρ	saviour	1
soteron	σωτήρων	σωτήρ	saviour	1
soteria	σωτηρία	σωτηρία	deliverance, salvation	0
sotera	σωτῆρα	σωτήρ	saviour	1
soteras	σωτῆρας	σωτήρ	saviour	1
sotere	σωτῆρε	σωτήρ	saviour	1
soteres	σωτῆρες	σωτήρ	saviour	1
soteri	σωτῆρι	σωτήρ	saviour	1
soteros	σωτῆρος	σωτήρ	saviour	1
sotersi	σωτῆρσι	σωτήρ	saviour	1
sotersin	σωτῆρσιν	σωτήρ	saviour	1
sophrone	σωφρονῇ	σωφρονέω	to be prudent, moderate, temperate	0
sophrono	σωφρονῶ	σωφρονέω	to be prudent, moderate, temperate	0
soa	σόα	σῶς	safe and sound	0
soai	σόαι	σῶς	safe and sound	0
sogkhos	σόγχος	σόγχος	sow thistle (plant of the genus Sonchus)	0
solion	σόλιον	σόλιον	slipper, sandal	0
soloikos	σόλοικος	σόλοικος	speaking incorrectly, using broken Greek	0
solos	σόλος	σόλος	mass or lump of iron used as a discus	0
son	σόν	σός	your, yours	0
sooi	σόοι	σῶς	safe and sound	0
soon	σόον	σῶς	safe and sound	0
soos	σόος	σῶς	safe and sound	0
sos	σός	σός	your, yours	0
sophisma	σόφισμα	σόφισμα	clever device, ingenious contrivance	1
suas	σύας	σῦς	pig	0
sue	σύε	σῦς	pig	0
sues	σύες	σῦς	pig	0
suessi	σύεσσι	σῦς	pig	0
suessin	σύεσσιν	σῦς	pig	0
suzugos	σύζυγος	σύζυγος	yoked together, paired	0
sukinos	σύκινος	σύκινος	of the fig tree	0
sukou	σύκου	σῦκον	fig, the fruit of the συκῆ (sukê)	1
sukkhos	σύκχος	συγχίς	a kind of shoe or sock	0
sule	σύλη	σύλη	right of seizure of a ship or its cargo of a foreign merchan	0
sullexis	σύλλεξις	σύλλεξις	contribution	0
sullogos	σύλλογος	σύλλογος	assembly	0
sullusis	σύλλυσις	σύλλυσις	settlement, agreement, treaty	0
sumbasis	σύμβασις	σύμβασις	agreement, arrangement, treaty	0
sumbios	σύμβιος	σύμβιος	living together	0
sumbolon	σύμβολον	σύμβολον	a sign or token by which one infers a thing	0
summetra	σύμμετρα	σύμμετρος	commensurate with, of like measure or size with	0
sumpan	σύμπαν	σύμπαν	universe	0
sumpas	σύμπας	σύμπας	all together, all at once	0
sumptoma	σύμπτωμα	σύμπτωμα	anything that has befallen one, a chance, casualty	0
sun	σύν	σύν	beside	1
sunapsis	σύναψις	σύναψις	contact	0
sundesis	σύνδεσις	σύνδεσις	binding together	1
sundetos	σύνδετος	σύνδετος	bound hand and foot	0
sundikos	σύνδικος	σύνδικος	advocate, barrister, lawyer, pleader	0
sundroma	σύνδρομα	σύνδρομος	running together, meeting	0
sunedros	σύνεδρος	σύνεδρος	sitting in council with	1
suneimi	σύνειμι	σύνειμι	to be with, be joined or linked	0
sunesis	σύνεσις	σύνεσις	a conflux	0
sunthema	σύνθημα	σύνθημα	anything agreed upon, preconcerted signal	0
sunnaos	σύνναος	σύνναος	honored in the same temple	0
sunnoia	σύννοια	σύννοια	meditation, contemplation	0
sunodos	σύνοδος	σύνοδος	assembly, meeting	1
sunoida	σύνοιδα	σύνοιδα	to share in knowledge of, be privy to	0
sunoron	σύνορον	σύνορον	border, boundary, limit	0
sunoros	σύνορος	σύνορος	conterminous with, neighboring, bordering	0
sunopsis	σύνοψις	σύνοψις	a seeing all together, general view, shared view	1
suntagma	σύνταγμα	σύνταγμα	a body of troops, squadron, contingent	1
suntaxis	σύνταξις	σύνταξις	an arranging, putting in order	0
suntasis	σύντασις	σύντασις	tension, rigidity	0
suntomos	σύντομος	σύντομος	cut short, abridged	0
surma	σύρμα	σύρμα	Anything trailed or dragged	0
suros	σύρος	σύρος	broom, brushwood	0
surroos	σύρροος	σύρροος	flowing together, confluent	0
surphos	σύρφος	σέρφος	gnat or winged ant	0
suro	σύρω	σύρω	to draw, drag, or trail along	0
sustema	σύστημα	σύστημα	a whole made of several parts or members, system	0
sustomos	σύστομος	σύστομος	with a narrow mouth	0
suinos	σύϊνος	σύϊνος	of a swine	0
sorakos	σώρακος	σώρακος	basket or box	0
sosas	σώσας	σῴζω	to save	0
sosei	σώσει	σῴζω	to save	0
sosein	σώσειν	σῴζω	to save	0
soseis	σώσεις	σῴζω	to save	0
sosete	σώσετε	σῴζω	to save	0
sosomen	σώσομεν	σῴζω	to save	0
sosousi	σώσουσι	σῴζω	to save	0
sosousin	σώσουσιν	σῴζω	to save	0
soso	σώσω	σῴζω	to save	0
soteira	σώτειρα	σώτειρα	savior	0
sophrona	σώφρονα	σώφρων	sane (of sound mind)	0
sophrone	σώφρονε	σώφρων	sane (of sound mind)	0
sophroni	σώφρονι	σώφρων	sane (of sound mind)	0
sophrosi	σώφροσι	σώφρων	sane (of sound mind)	0
sophron	σώφρων	σώφρων	sane (of sound mind)	0
sema	σῆμα	σῆμα	mark, sign, token	1
seragx	σῆραγξ	σῆραγξ	cave hollowed out by water	0
ses	σῆς	σός	your, yours	0
sestron	σῆστρον	σῆστρον	sieve, strainer	0
sepsis	σῆψις	σῆψις	putrefaction, sepsis	1
sei	σῇ	σός	your, yours	0
sesi	σῇσι	σός	your, yours	0
sesin	σῇσιν	σός	your, yours	0
siga	σῖγα	σῖγα	silently	0
sigma	σῖγμα	σῖγμα	sigma, the name for the eighteenth letter Σ (S), σ (s) of th	1
simos	σῖμος	σῖμος	an unknown kind of fish	0
site	σῖτε	σῖτος	grain	1
siton	σῖτον	σῖτος	grain	1
sitos	σῖτος	σῖτος	grain	1
sukon	σῦκον	σῦκον	fig, the fruit of the συκῆ (sukê)	1
suma	σῦμα	θῦμα	victim, sacrifice (especially animals)	0
sun	σῦν	σῦς	pig	0
sur	σῦρ	σῦρ	load, burden, freight	0
surigx	σῦριγξ	σῦριγξ	pan pipes	1
sus	σῦς	σῦς	pig	0
suphar	σῦφαρ	σῦφαρ	piece of old or wrinkled skin	0
sozestho	σῳζέσθω	σῴζω	to save	0
sozeto	σῳζέτω	σῴζω	to save	0
sozoimen	σῳζοίμην	σῴζω	to save	0
sozonton	σῳζόντων	σῴζω	to save	0
sozei	σῴζει	σῴζω	to save	0
sozein	σῴζειν	σῴζω	to save	0
sozeis	σῴζεις	σῴζω	to save	0
sozete	σῴζετε	σῴζω	to save	0
sozetai	σῴζηται	σῴζω	to save	0
sozoi	σῴζοι	σῴζω	to save	0
sozoien	σῴζοιεν	σῴζω	to save	0
sozointo	σῴζοιντο	σῴζω	to save	0
sozoio	σῴζοιο	σῴζω	to save	0
sozois	σῴζοις	σῴζω	to save	0
sozoite	σῴζοιτε	σῴζω	to save	0
sozoito	σῴζοιτο	σῴζω	to save	0
sozomai	σῴζομαι	σῴζω	to save	0
sozomen	σῴζομεν	σῴζω	to save	0
sozou	σῴζου	σῴζω	to save	0
sozousi	σῴζουσι	σῴζω	to save	0
sozousin	σῴζουσιν	σῴζω	to save	0
sozo	σῴζω	σῴζω	to save	0
sozon	σῴζων	σῴζω	to save	0
sozontai	σῴζωνται	σῴζω	to save	0
sozosi	σῴζωσι	σῴζω	to save	0
sozosin	σῴζωσιν	σῴζω	to save	0
soze	σῴζῃ	σῴζω	to save	0
sozes	σῴζῃς	σῴζω	to save	0
soma	σῶμα	σῶμα	body (both that of people and animals)	1
soru	σῶρυ	σῶρυ	melanterite	0
sos	σῶς	σῶς	safe and sound	0
sossos	σῶσσος	σῶσσος	sossos, a period of 60 years	1
sostra	σῶστρα	σῶστρα	reward for saving one's life, thank-offering for deliverance	0
sotron	σῶτρον	σῶτρον	wooden felloe of the wheel	0
soi	σῷ	σός	your, yours	0
tabla	τάβλα	τάβλα	tablet	0
tagenon	τάγηνον	τάγηνον	frying pan	1
tagma	τάγμα	τάγμα	command, order	0
tagmata	τάγματα	τάγμα	command, order	0
tade	τάδε	τάδε	on this account	0
tako	τάκω	τήκω	to melt, melt down	0
talanton	τάλαντον	τάλαντον	balance, scale (usually in the plural)	1
talaros	τάλαρος	τάλαρος	basket of wickerwork	0
talas	τάλας	τάλας	miserable	0
tame	τάμε	τέμνω	to cut	0
tamisos	τάμισος	τάμισος	rennet	0
tamno	τάμνω	τέμνω	to cut	0
tan	τάν	τάν	friendly term of address	0
taxas	τάξας	τάσσω	to arrange, put in order	0
taxis	τάξις	τάξις	arrangement, ordering	0
tapes	τάπης	τάπης	carpet, rug, mat	0
tapeta	τάπητα	τάπης	carpet, rug, mat	0
tapetas	τάπητας	τάπης	carpet, rug, mat	0
tapetes	τάπητες	τάπης	carpet, rug, mat	0
tar	τάρ	τάρ	and so	0
tarandos	τάρανδος	τάρανδος	reindeer	0
taraxis	τάραξις	τάραξις	trouble	0
tarbei	τάρβει	ταρβέω	to be afraid	0
tarbos	τάρβος	τάρβος	alarm, terror, fright	0
targanon	τάργανον	τάργανον	vinegar	0
tarikhos	τάριχος	τάριχος	dead body preserved by embalming, mummy	1
tarpe	τάρπη	τάρπη	large wicker basket	0
tarpesan	τάρπησαν	τέρπω	to delight	0
tartaron	τάρταρον	τάρταρον	cream of tartar	0
tarphos	τάρφος	τάρφος	thicket, shrubbery	0
tas	τάς	ὁ	the	0
tasde	τάσδε	ὅδε	this	0
tasis	τάσις	τάσις	stretching, tension	0
tasso	τάσσω	τάσσω	to arrange, put in order	0
taphe	τάφε	τέθηπα	to be astonished, astounded, amazed	0
taphon	τάφον	τάφος	funeral rites	1
taphos	τάφος	τάφος	funeral rites	1
taphous	τάφους	τάφος	funeral rites	1
taphros	τάφρος	τάφρος	ditch	0
takha	τάχα	τάχα	quickly, soon, forthwith	0
takhista	τάχιστα	τάχιστα	quickest, speediest	0
takhos	τάχος	τάχος	speed, celerity, swiftness, velocity	0
taon	τάων	ὁ	the	0
teggo	τέγγω	τέγγω	to wet, moisten	0
tegos	τέγος	τέγος	roof, cover	0
tethepa	τέθηπα	τέθηπα	to be astonished, astounded, amazed	0
tethneka	τέθνηκα	θνῄσκω	to die	0
tethneke	τέθνηκε	θνῄσκω	to die	0
teke	τέκε	τίκτω	to beget, give birth to	0
teken	τέκεν	τίκτω	to beget, give birth to	0
tekessi	τέκεσσι	τέκος	offspring, child	0
tekessin	τέκεσσιν	τέκος	offspring, child	0
teketo	τέκετο	τίκτω	to beget, give birth to	0
tekmar	τέκμαρ	τέκμαρ	goal	0
tekna	τέκνα	τέκνον	child (of either gender)	0
teknoin	τέκνοιν	τέκνον	child (of either gender)	0
teknois	τέκνοις	τέκνον	child (of either gender)	0
teknon	τέκνον	τέκνον	child (of either gender)	0
teknou	τέκνου	τέκνον	child (of either gender)	0
tekno	τέκνω	τέκνον	child (of either gender)	0
tekon	τέκον	τίκτω	to beget, give birth to	0
tekos	τέκος	τέκος	offspring, child	0
tektones	τέκτονες	τέκτων	one who works with wood	0
tekton	τέκτων	τέκτων	one who works with wood	0
telea	τέλεα	τέλος	aim, purpose, end goal, design, final cause (as used by Aris	1
telei	τέλει	τέλος	aim, purpose, end goal, design, final cause (as used by Aris	1
teleia	τέλεια	τέλειος	having reached its end, finished	0
teleiai	τέλειαι	τέλειος	having reached its end, finished	0
teleie	τέλειε	τέλειος	having reached its end, finished	0
teleioi	τέλειοι	τέλειος	having reached its end, finished	0
teleion	τέλειον	τέλειος	having reached its end, finished	0
teleios	τέλειος	τέλειος	having reached its end, finished	0
teleos	τέλεος	τέλος	aim, purpose, end goal, design, final cause (as used by Aris	1
telesi	τέλεσι	τέλος	aim, purpose, end goal, design, final cause (as used by Aris	1
telesin	τέλεσιν	τέλος	aim, purpose, end goal, design, final cause (as used by Aris	1
telesma	τέλεσμα	τέλεσμα	payment, toll, taxes	1
tele	τέλη	τέλος	aim, purpose, end goal, design, final cause (as used by Aris	1
tello	τέλλω	τέλλω	to accomplish, perform	0
telma	τέλμα	τέλμα	standing water, pond, marsh, swamp	0
telos	τέλος	τέλος	aim, purpose, end goal, design, final cause (as used by Aris	1
telous	τέλους	τέλος	aim, purpose, end goal, design, final cause (as used by Aris	1
telson	τέλσον	τέλσον	headland, the land where the plough turned	1
temakhos	τέμαχος	τέμαχος	slice of fish	0
temenos	τέμενος	τέμενος	a piece of ground cut or marked off, precinct	0
temnein	τέμνειν	τέμνω	to cut	0
temno	τέμνω	τέμνω	to cut	0
temomen	τέμωμεν	τέμνω	to cut	0
tenagos	τέναγος	τέναγος	shoal water, shallows, lagoon, whether in the sea or in rive	0
tendo	τένδω	τένδω	to gnaw	0
tenthes	τένθης	τένθης	glutton, gourmand	0
tenonte	τένοντε	τένων	tendon, sinew	1
tenon	τένων	τένων	tendon, sinew	1
teramnon	τέραμνον	τέραμνον	chamber	0
teras	τέρας	τέρας	sign	1
tereina	τέρεινα	τέρην	soft, delicate, gentle	0
tereinai	τέρειναι	τέρην	soft, delicate, gentle	0
tereinan	τέρειναν	τέρην	soft, delicate, gentle	0
teren	τέρην	τέρην	soft, delicate, gentle	0
terena	τέρενα	τέρην	soft, delicate, gentle	0
terenas	τέρενας	τέρην	soft, delicate, gentle	0
terene	τέρενε	τέρην	soft, delicate, gentle	0
terenes	τέρενες	τέρην	soft, delicate, gentle	0
tereni	τέρενι	τέρην	soft, delicate, gentle	0
terenos	τέρενος	τέρην	soft, delicate, gentle	0
teresi	τέρεσι	τέρην	soft, delicate, gentle	0
teresin	τέρεσιν	τέρην	soft, delicate, gentle	0
teretron	τέρετρον	τέρετρον	borer, gimlet	0
terthron	τέρθρον	τέρθρον	the end of the sail-yard	0
terma	τέρμα	τέρμα	end, boundary	0
termata	τέρματα	τέρμα	end, boundary	0
termate	τέρματε	τέρμα	end, boundary	0
termati	τέρματι	τέρμα	end, boundary	0
termatos	τέρματος	τέρμα	end, boundary	0
terpomai	τέρπομαι	τέρπω	to delight	0
terpomen	τέρπομεν	τέρπω	to delight	0
terponto	τέρποντο	τέρπω	to delight	0
terpo	τέρπω	τέρπω	to delight	0
tersomai	τέρσομαι	τέρσομαι	to be or become dry, dry up	0
terkhnos	τέρχνος	τέρχνος	young shoot	0
terpsis	τέρψις	τέρψις	full enjoyment	0
tessares	τέσσαρες	τέσσαρες	four	1
tetanos	τέτανος	τέτανος	Convulsive tension, tetanus	1
tetaros	τέταρος	τέταρος	pheasant (Phasianus colchicus)	0
tetarton	τέταρτον	τέταρτος	fourth	0
tetartos	τέταρτος	τέταρτος	fourth	0
tetato	τέτατο	τείνω	to stretch, extend	0
tetlathi	τέτλαθι	ἔτλην	to suffer, undergo	0
tetrax	τέτραξ	τέτραξ	hazel grouse (Tetrastes bonasia)	0
tetratos	τέτρατος	τέταρτος	fourth	0
tetrakha	τέτραχα	τέτραχα	in four parts	0
tetrix	τέτριξ	τέτριξ	pipit (bird of the genus Anthus)	0
tettares	τέτταρες	τέσσαρες	four	1
tettix	τέττιξ	τέττιξ	cicada (Lyristes plebejus or allied species	1
tetuktai	τέτυκται	τεύχω	to make	0
tetukto	τέτυκτο	τεύχω	to make	0
tephra	τέφρα	τέφρα	ashes, as of the funeral pyre	1
tekhnai	τέχναι	τέχνη	craft, skill, trade	1
tekhnais	τέχναις	τέχνη	craft, skill, trade	1
tekhnas	τέχνας	τέχνη	craft, skill, trade	1
tekhne	τέχνη	τέχνη	craft, skill, trade	1
tekhnen	τέχνην	τέχνη	craft, skill, trade	1
tekhnes	τέχνης	τέχνη	craft, skill, trade	1
teon	τέων	ὁ	the	0
teos	τέως	τέως	until	0
tebenna	τήβεννα	τήβεννα	garment of a distinguished person similar to a toga	0
tethe	τήθη	τήθη	grandmother	0
tethen	τήθην	τήθη	grandmother	0
tethes	τήθης	τήθη	grandmother	0
tethuon	τήθυον	τήθυον	sea squirt (tunicate of the class Ascidiacea)	0
tekein	τήκειν	τήκω	to melt, melt down	0
teko	τήκω	τήκω	to melt, melt down	0
telinos	τήλινος	τήλινος	of fenugreek	0
temeron	τήμερον	σήμερον	today	0
ten	τήν	ὁ	the	0
tende	τήνδε	ὅδε	this	0
tenella	τήνελλα	τήνελλα	hurrah	0
tete	τήτη	τήτη	want	0
tigris	τίγρις	τίγρις	tiger	0
tie	τίη	τίη	why?, wherefore?	0
tithei	τίθει	τίθημι	to put, place, set	0
tithemi	τίθημι	τίθημι	to put, place, set	0
tithesi	τίθησι	τίθημι	to put, place, set	0
tikte	τίκτε	τίκτω	to beget, give birth to	0
tiktein	τίκτειν	τίκτω	to beget, give birth to	0
tikto	τίκτω	τίκτω	to beget, give birth to	0
tillo	τίλλω	τίλλω	to pluck or pull out hair	0
tilma	τίλμα	τίλμα	anything pulled or shredded, lint	0
timesis	τίμησις	τίμησις	esteeming, honoring, a holding valuable	0
timios	τίμιος	τίμιος	honorable, worthy	0
tino	τίνω	τίνω	to pay a price, that is, as a penalty	0
tipte	τίπτε	τίπτε	what?	0
tis	τίς	τίς	who?	0
tiseian	τίσειαν	τίνω	to pay a price, that is, as a penalty	0
tisis	τίσις	τίσις	payment	0
titanos	τίτανος	τίτανος	kind of white earth, probably gypsum	0
titthe	τίτθη	τίτθη	nurse, wet nurse	0
tituros	τίτυρος	τίτυρος	satyr	0
tiphe	τίφη	τίφη	einkorn wheat	0
tiphinos	τίφινος	τίφινος	of einkorn wheat	0
tiphuon	τίφυον	τίφυον	autumn squill (Prospero autumnale)	0
tio	τίω	τίω	to pay honour to a person	0
tai	ταί	ὁ	the	0
tabala	ταβάλα	ταβάλα	a Parthian word for drum	0
tage	ταγή	ταγή	line of battle, front, array	0
tagen	ταγήν	ἀτταγᾶς	black francolin (Francolinus francolinus)	0
tagos	ταγός	ταγός	commander, ruler, chief	0
tainia	ταινία	ταινία	band, fillet, headband worn in sign of victory	0
taktike	τακτική	τακτική	tactics	1
taktikos	τακτικός	τακτικός	fit for ordering or arranging, especially in war	0
tamia	ταμία	ταμία	housekeeper	0
tamias	ταμίας	ταμίας	steward	0
tamieuo	ταμιεύω	ταμιεύω	to be treasurer or paymaster	0
tamieion	ταμιεῖον	ταμιεῖον	treasury	0
tamon	ταμών	τέμνω	to cut	0
tanagra	τανάγρα	τανάγρα	A copper, a cauldron	0
tanaekes	ταναήκης	τανυήκης	with a long point or edge	0
tanaos	ταναός	ταναός	outstretched	0
tanuekes	τανυήκης	τανυήκης	with a long point or edge	0
tanuo	τανύω	τανύω	to stretch	0
tapeton	ταπήτων	τάπης	carpet, rug, mat	0
tapeinos	ταπεινός	ταπεινός	low	0
tarasso	ταράσσω	ταράσσω	to stir	0
tarakhe	ταραχή	ταραχή	disorder, disturbance	0
tarbeo	ταρβέω	ταρβέω	to be afraid	0
tarbesas	ταρβήσας	ταρβέω	to be afraid	0
tarsos	ταρσός	ταρσός	A frame of wickerwork, crate, flat basket, for drying cheese	1
tarkhuo	ταρχύω	ταρχύω	to bury solemnly	0
tatao	τατάω	τητάω	to be in want, to be deprived of	0
tatikos	τατικός	τατικός	exerting tension	0
taphon	ταφών	τέθηπα	to be astonished, astounded, amazed	0
takheos	ταχέως	ταχέως	quickly	0
takhutes	ταχυτής	ταχυτής	speed	0
takhus	ταχύς	ταχύς	swift	1
taurois	ταύροις	ταῦρος	bull	0
taurous	ταύρους	ταῦρος	bull	0
tauron	ταύρων	ταῦρος	bull	0
tauro	ταύρῳ	ταῦρος	bull	0
tautais	ταύταις	οὗτος	this	0
tautas	ταύτας	οὗτος	this	0
tauten	ταύτην	οὗτος	this	0
tautes	ταύτης	οὗτος	this	0
tauton	ταύτων	οὗτος	this	0
taute	ταύτῃ	ταύτῃ	here	0
taos	ταώς	ταώς	peacock	0
tauto	ταὐτό	ταὐτός	the same	0
tauton	ταὐτόν	αὑτός	the same	0
tautos	ταὐτός	ταὐτός	the same	0
tautotes	ταὐτότης	ταὐτότης	identity	0
tain	ταῖν	ὁ	the	0
tainde	ταῖνδε	ὅδε	this	0
tais	ταῖς	ὁ	the	0
taisde	ταῖσδε	ὅδε	this	0
taiin	ταῖϊν	ὁ	the	0
tau	ταῦ	ταῦ	tau, the name for the nineteenth letter Τ (T), τ (t) of the	1
taure	ταῦρε	ταῦρος	bull	0
tauroi	ταῦροι	ταῦρος	bull	0
tauros	ταῦρος	ταῦρος	bull	0
tauta	ταῦτα	οὗτος	this	0
teinein	τείνειν	τείνω	to stretch, extend	0
teinomai	τείνομαι	τείνω	to stretch, extend	0
teinomen	τείνομεν	τείνω	to stretch, extend	0
teino	τείνω	τείνω	to stretch, extend	0
teirea	τείρεα	τείρεα	stars or constellations	0
teireto	τείρετο	τείρω	to wear out, tire	0
teiro	τείρω	τείρω	to wear out, tire	0
teikhea	τείχεα	τεῖχος	a wall, especially city wall	0
teikhee	τείχεε	τεῖχος	a wall, especially city wall	0
teikhei	τείχει	τεῖχος	a wall, especially city wall	0
teikheos	τείχεος	τεῖχος	a wall, especially city wall	0
teikhesi	τείχεσι	τεῖχος	a wall, especially city wall	0
teikheus	τείχευς	τεῖχος	a wall, especially city wall	0
teikhe	τείχη	τεῖχος	a wall, especially city wall	0
teikhous	τείχους	τεῖχος	a wall, especially city wall	0
tethesei	τεθήσει	τίθημι	to put, place, set	0
tetheie	τεθείη	τίθημι	to put, place, set	0
tetheien	τεθεῖεν	τίθημι	to put, place, set	0
tethneko	τεθνήκω	θνῄσκω	to die	0
tethnexo	τεθνήξω	θνῄσκω	to die	0
tethneos	τεθνεώς	θνῄσκω	to die	0
tethenai	τεθῆναι	τίθημι	to put, place, set	0
tethe	τεθῇ	τίθημι	to put, place, set	0
tethosin	τεθῶσιν	τίθημι	to put, place, set	0
teikheon	τειχέων	τεῖχος	a wall, especially city wall	0
teikhizo	τειχίζω	τειχίζω	to build a wall	0
teikhoin	τειχοῖν	τεῖχος	a wall, especially city wall	0
teikhon	τειχῶν	τεῖχος	a wall, especially city wall	0
tekmerio	τεκμηρίῳ	τεκμήριον	proof (through argument)	0
teleei	τελέει	τελέω	to bring about, complete, fulfill	0
teleessi	τελέεσσι	τέλος	aim, purpose, end goal, design, final cause (as used by Aris	1
teletho	τελέθω	τελέθω	to come around (of a period of time)	0
teleousi	τελέουσι	τελέω	to bring about, complete, fulfill	0
telesai	τελέσαι	τελέω	to bring about, complete, fulfill	0
teleseie	τελέσειε	τελέω	to bring about, complete, fulfill	0
telessai	τελέσσαι	τελέω	to bring about, complete, fulfill	0
teleo	τελέω	τελέω	to bring about, complete, fulfill	0
teleon	τελέων	τέλος	aim, purpose, end goal, design, final cause (as used by Aris	1
teleeis	τελήεις	τελήεις	complete	0
telamon	τελαμών	τελαμών	broad strap or band for bearing or supporting anything	0
telamona	τελαμῶνα	τελαμών	broad strap or band for bearing or supporting anything	0
telamoni	τελαμῶνι	τελαμών	broad strap or band for bearing or supporting anything	0
teleiais	τελείαις	τέλειος	having reached its end, finished	0
teleian	τελείαν	τέλειος	having reached its end, finished	0
teleias	τελείας	τέλειος	having reached its end, finished	0
teleioin	τελείοιν	τέλειος	having reached its end, finished	0
teleiois	τελείοις	τέλειος	having reached its end, finished	0
teleiou	τελείου	τέλειος	having reached its end, finished	0
teleious	τελείους	τέλειος	having reached its end, finished	0
teleio	τελείω	τελέω	to bring about, complete, fulfill	0
teleio	τελείῳ	τέλειος	having reached its end, finished	0
teleioo	τελειόω	τελειόω	to make perfect, complete, accomplish	0
telete	τελετή	τελετή	rite (esp	0
teleutas	τελευτάς	τελευτή	end, termination	0
teleutao	τελευτάω	τελευτάω	to accomplish	0
teleuteo	τελευτέω	τελευτάω	to accomplish	0
teleute	τελευτή	τελευτή	end, termination	0
teleuten	τελευτήν	τελευτή	end, termination	0
teleutai	τελευταί	τελευτή	end, termination	0
teleutes	τελευτῆς	τελευτή	end, termination	0
teleitai	τελεῖται	τελέω	to bring about, complete, fulfill	0
telika	τελικά	τελικός	pertaining to the supreme end	1
telike	τελικέ	τελικός	pertaining to the supreme end	1
telikoi	τελικοί	τελικός	pertaining to the supreme end	1
telikous	τελικούς	τελικός	pertaining to the supreme end	1
telikos	τελικός	τελικός	pertaining to the supreme end	1
teloin	τελοῖν	τέλος	aim, purpose, end goal, design, final cause (as used by Aris	1
telonon	τελωνῶν	τελώνης	a farmer or collector or the tolls, customs or taxes of a st	0
telona	τελώνα	τελώνης	a farmer or collector or the tolls, customs or taxes of a st	0
telonain	τελώναιν	τελώνης	a farmer or collector or the tolls, customs or taxes of a st	0
telonais	τελώναις	τελώνης	a farmer or collector or the tolls, customs or taxes of a st	0
telonas	τελώνας	τελώνης	a farmer or collector or the tolls, customs or taxes of a st	0
telone	τελώνη	τελώνης	a farmer or collector or the tolls, customs or taxes of a st	0
telonen	τελώνην	τελώνης	a farmer or collector or the tolls, customs or taxes of a st	0
telones	τελώνης	τελώνης	a farmer or collector or the tolls, customs or taxes of a st	0
telonion	τελώνιον	τελώνιον	custom house	1
telonou	τελώνου	τελώνης	a farmer or collector or the tolls, customs or taxes of a st	0
telo	τελῶ	τελέω	to bring about, complete, fulfill	0
telon	τελῶν	τέλος	aim, purpose, end goal, design, final cause (as used by Aris	1
telonai	τελῶναι	τελώνης	a farmer or collector or the tolls, customs or taxes of a st	0
temene	τεμένη	τέμενος	a piece of ground cut or marked off, precinct	0
temenous	τεμένους	τέμενος	a piece of ground cut or marked off, precinct	0
temenon	τεμενῶν	τέμενος	a piece of ground cut or marked off, precinct	0
temoumen	τεμοῦμεν	τέμνω	to cut	0
terenoin	τερένοιν	τέρην	soft, delicate, gentle	0
terenon	τερένων	τέρην	soft, delicate, gentle	0
tereinas	τερείνας	τέρην	soft, delicate, gentle	0
tereines	τερείνης	τέρην	soft, delicate, gentle	0
tereine	τερείνῃ	τέρην	soft, delicate, gentle	0
tereinon	τερεινῶν	τέρην	soft, delicate, gentle	0
termaton	τερμάτων	τέρμα	end, boundary	0
terpna	τερπνά	τερπνός	pleasant	0
terpnas	τερπνάς	τερπνός	pleasant	0
terpne	τερπνέ	τερπνός	pleasant	0
terpnen	τερπνήν	τερπνός	pleasant	0
terpnai	τερπναί	τερπνός	pleasant	0
terpnain	τερπναῖν	τερπνός	pleasant	0
terpnais	τερπναῖς	τερπνός	pleasant	0
terpnoi	τερπνοί	τερπνός	pleasant	0
terpnous	τερπνούς	τερπνός	pleasant	0
terpnoin	τερπνοῖν	τερπνός	pleasant	0
terpnois	τερπνοῖς	τερπνός	pleasant	0
terpnou	τερπνοῦ	τερπνός	pleasant	0
terpnon	τερπνόν	τερπνός	pleasant	0
terpnos	τερπνός	τερπνός	pleasant	0
terpno	τερπνώ	τερπνός	pleasant	0
terpnes	τερπνῆς	τερπνός	pleasant	0
tetarte	τετάρτη	τέταρτος	fourth	0
tetiemai	τετίημαι	τετίημαι	to be sorrowful	0
tetagon	τεταγών	τεταγών	having seized	0
tetanos	τετανός	τετανός	Stretched, rigid	0
tetleos	τετληώς	ἔτλην	to suffer, undergo	0
tetrazo	τετράζω	τετράζω	to cackle like the hazel grouse, on laying an egg	0
tetrakis	τετράκις	τετράκις	four times	1
tetras	τετράς	τετράς	the number four	0
tetraon	τετράων	τετράων	grouse	0
tetraino	τετραίνω	τετραίνω	to bore through, pierce, perforate	0
teuthis	τευθίς	τευθίς	squid (Loligo vulgaris)	0
teutazo	τευτάζω	τευτάζω	to be employed upon, engaged in, concerned with a thing	0
tekhnazo	τεχνάζω	τεχνάζω	to employ art, create utilizing art	0
tekhneta	τεχνητά	τεχνητός	artificial	0
tekhnete	τεχνητέ	τεχνητός	artificial	0
tekhnika	τεχνικά	τεχνικός	artistic, skillful, workmanlike	0
tekhnike	τεχνικέ	τεχνικός	artistic, skillful, workmanlike	0
tekhnon	τεχνῶν	τέχνη	craft, skill, trade	1
teukrion	τεύκριον	τεύκριον	tree germander (Teucrium fruticans)	0
teutlou	τεύτλου	τεῦτλον	beet (Beta vulgaris)	0
teutlo	τεύτλῳ	τεῦτλον	beet (Beta vulgaris)	0
teukhea	τεύχεα	τεῦχος	implements of war, armor, arms	0
teukhesi	τεύχεσι	τεῦχος	implements of war, armor, arms	0
teukhe	τεύχη	τεῦχος	implements of war, armor, arms	0
teukho	τεύχω	τεύχω	to make	0
teukhon	τεύχων	τεύχω	to make	0
teire	τεῖρε	τείρω	to wear out, tire	0
teikhos	τεῖχος	τεῖχος	a wall, especially city wall	0
teuxe	τεῦξε	τεύχω	to make	0
teutla	τεῦτλα	τεῦτλον	beet (Beta vulgaris)	0
teutlon	τεῦτλον	τεῦτλον	beet (Beta vulgaris)	0
teukhe	τεῦχε	τεύχω	to make	0
teukhos	τεῦχος	τεῦχος	implements of war, armor, arms	0
teusion	τηΰσιον	τηΰσιος	idle, vain, undertaken to no purpose	0
teusios	τηΰσιος	τηΰσιος	idle, vain, undertaken to no purpose	0
teganion	τηγάνιον	τηγάνιον	frying pan, skillet	0
telia	τηλία	τηλία	board or table with a raised rim or edge	0
telikos	τηλίκος	τηλίκος	of such an age	0
teline	τηλίνη	τηλίνη	moon trefoil (Medicago arborea)	0
telauges	τηλαυγής	τηλαυγής	far-shining, far-beaming	0
telou	τηλοῦ	τηλοῦ	at a distance, far away	0
telothen	τηλόθεν	τηλόθεν	from far away	0
telothi	τηλόθι	τηλόθι	at a distance, far away	0
temeleo	τημελέω	τημελέω	to take care of, look after	0
tenika	τηνίκα	τηνίκα	at that time, then (correlative with ἡνίκα (hēníka))	0
tenikade	τηνικάδε	τηνικάδε	at that time, then	0
tereo	τηρέω	τηρέω	to watch over, take care of, guard	0
teresas	τηρήσας	τηρέω	to watch over, take care of, guard	0
terein	τηρεῖν	τηρέω	to watch over, take care of, guard	0
teros	τηρός	τηρός	warden, guard	0
tetao	τητάω	τητάω	to be in want, to be deprived of	0
tetinos	τητινός	τητινός	of this year	0
tiara	τιάρα	τιάρα	tiara, the Persian headdress used on solemn occasions	0
tiben	τιβήν	τιβήν	tripod, three-legged cauldron	0
tithenai	τιθέναι	τίθημι	to put, place, set	0
tithene	τιθήνη	τιθήνη	nurse, wet nurse	0
timao	τιμάω	τιμάω	to pay honor to	0
time	τιμή	τιμή	honor	0
timoreo	τιμωρέω	τιμωρέω	to avenge, exact vengeance	0
timoria	τιμωρία	τιμωρία	vengeance, revenge, retribution	0
timoros	τιμωρός	τιμωρός	avenging, helping one to vengeance for a thing	0
timoni	τιμόνι	τιμόνι	rudder, tiller, helm	0
tina	τινά	τις	someone	0
tinasso	τινάσσω	τινάσσω	to shake or brandish (a weapon, etc	0
tinas	τινας	τινας	unaccented form of τῐνᾰ́ς (tĭnắs)	0
tinthos	τινθός	τινθός	boiling hot	0
tinos	τινός	τις	someone	0
tinon	τινῶν	τις	someone	0
tis	τις	τις	someone	0
tisi	τισί	τις	someone	0
titis	τιτίς	τιτίς	small chirping bird	0
titaino	τιταίνω	τείνω	to stretch, extend	0
titthos	τιτθός	τιτθός	breast, especially a woman's breast	0
titrosko	τιτρώσκω	τιτρώσκω	to harm, hurt	0
titusko	τιτύσκω	τιτύσκω	to make ready	0
tlemona	τλήμονα	τλήμων	patient	0
tlemonas	τλήμονας	τλήμων	patient	0
tlemone	τλήμονε	τλήμων	patient	0
tlemones	τλήμονες	τλήμων	patient	0
tlemoni	τλήμονι	τλήμων	patient	0
tlemonos	τλήμονος	τλήμων	patient	0
tlemosi	τλήμοσι	τλήμων	patient	0
tlemosin	τλήμοσιν	τλήμων	patient	0
tlemon	τλήμων	τλήμων	patient	0
tlesomai	τλήσομαι	ἔτλην	to suffer, undergo	0
tlaies	τλαίης	ἔτλην	to suffer, undergo	0
tlemonon	τλημόνων	τλήμων	patient	0
tle	τλῆ	ἔτλην	to suffer, undergo	0
tmego	τμήγω	τμήγω	to cut, cut apart	0
tmemasi	τμήμασι	τμῆμα	something cut off	0
tmemasin	τμήμασιν	τμῆμα	something cut off	0
tmemata	τμήματα	τμῆμα	something cut off	0
tmemate	τμήματε	τμῆμα	something cut off	0
tmemati	τμήματι	τμῆμα	something cut off	0
tmematos	τμήματος	τμῆμα	something cut off	0
tmematon	τμημάτων	τμῆμα	something cut off	0
tmema	τμῆμα	τμῆμα	something cut off	0
tmesis	τμῆσις	τμῆσις	cutting	1
toi	τοί	ὁ	the	0
toide	τοίδε	ὅδε	this	0
toie	τοίη	τοῖος	of this sort, such	0
toien	τοίην	τοῖος	of this sort, such	0
toies	τοίης	τοῖος	of this sort, such	0
toinun	τοίνυν	τοίνυν	therefore	0
toioisi	τοίοισι	τοῖος	of this sort, such	0
toioisin	τοίοισιν	τοῖος	of this sort, such	0
toiou	τοίου	τοῖος	of this sort, such	0
toisdesi	τοίσδεσι	ὅδε	this	0
toikhou	τοίχου	τοῖχος	wall (inside a building)	0
toikhous	τοίχους	τοῖχος	wall (inside a building)	0
toikhon	τοίχων	τοῖχος	wall (inside a building)	0
toikho	τοίχῳ	τοῖχος	wall (inside a building)	0
toio	τοίω	τοῖος	of this sort, such	0
toion	τοίων	τοῖος	of this sort, such	0
toi	τοι	τοι	let me tell you	0
toiade	τοιάδε	τοιόσδε	of this sort or kind, such	0
toiande	τοιάνδε	τοιόσδε	of this sort or kind, such	0
toiasde	τοιάσδε	τοιόσδε	of this sort or kind, such	0
toiaide	τοιαίδε	τοιόσδε	of this sort or kind, such	0
toiautas	τοιαύτας	τοιοῦτος	of this sort or kind, such	0
toiaute	τοιαύτη	τοιοῦτος	of this sort or kind, such	0
toiauten	τοιαύτην	τοιοῦτος	of this sort or kind, such	0
toiautes	τοιαύτης	τοιοῦτος	of this sort or kind, such	0
toiaisde	τοιαῖσδε	τοιόσδε	of this sort or kind, such	0
toiauta	τοιαῦτα	τοιαῦτα	in such wise, in such a manner	0
toiautai	τοιαῦται	τοιοῦτος	of this sort or kind, such	0
toigar	τοιγάρ	τοιγάρ	therefore, accordingly	0
toioide	τοιοίδε	τοιόσδε	of this sort or kind, such	0
toiousde	τοιούσδε	τοιόσδε	of this sort or kind, such	0
toioutou	τοιούτου	τοιοῦτος	of this sort or kind, such	0
toiouto	τοιούτω	τοιοῦτος	of this sort or kind, such	0
toiouton	τοιούτων	τοιοῦτος	of this sort or kind, such	0
toioisde	τοιοῖσδε	τοιόσδε	of this sort or kind, such	0
toioude	τοιοῦδε	τοιόσδε	of this sort or kind, such	0
toioutoi	τοιοῦτοι	τοιοῦτος	of this sort or kind, such	0
toioutos	τοιοῦτος	τοιοῦτος	of this sort or kind, such	0
toiside	τοισίδε	ὅδε	this	0
toionde	τοιόνδε	τοιόσδε	of this sort or kind, such	0
toiosde	τοιόσδε	τοιόσδε	of this sort or kind, such	0
toiode	τοιῷδε	τοιόσδε	of this sort or kind, such	0
tokeon	τοκήων	τοκεύς	parent	0
tokeus	τοκεύς	τοκεύς	parent	0
tokeusi	τοκεῦσι	τοκεύς	parent	0
tokeusin	τοκεῦσιν	τοκεύς	parent	0
tokeas	τοκῆας	τοκεύς	parent	0
tokees	τοκῆες	τοκεύς	parent	0
tolmao	τολμάω	τολμάω	to dare	0
tolmeros	τολμηρός	τολμηρός	daring, bold	0
tolmetes	τολμητής	τολμητής	bold, adventurous person	0
tolmetai	τολμηταί	τολμητής	bold, adventurous person	0
tolmesai	τολμῆσαι	τολμάω	to dare	0
tolmomen	τολμῶμεν	τολμάω	to dare	0
tolupe	τολύπη	τολύπη	clew, ball of wool ready for spinning	1
tomarion	τομάριον	τομάριον	small volume, tract	0
tome	τομή	τομή	intersection	0
tomos	τομός	τομός	cutting, sharp	0
tonikos	τονικός	τονικός	extendable	1
toxeuo	τοξεύω	τοξεύω	shoot with the bow	0
toxikon	τοξικόν	τοξικόν	poison used on the tips of arrows	0
toxikos	τοξικός	τοξικός	of or for the bow	0
toxoton	τοξοτῶν	τοξότης	archer, bowman	1
toxota	τοξότα	τοξότης	archer, bowman	1
toxotai	τοξόται	τοξότης	archer, bowman	1
toxotais	τοξόταις	τοξότης	archer, bowman	1
toxotas	τοξότας	τοξότης	archer, bowman	1
toxoten	τοξότην	τοξότης	archer, bowman	1
toxotes	τοξότης	τοξότης	archer, bowman	1
toxotou	τοξότου	τοξότης	archer, bowman	1
toxote	τοξότῃ	τοξότης	archer, bowman	1
topazion	τοπάζιον	τόπαζος	gem of green hue, probably chrysolite or peridot	0
topeion	τοπεῖον	τοπεῖον	rope, cord	0
topikos	τοπικός	τοπικός	of or for place, in respect to place	1
toreo	τορέω	τορέω	to bore, to pierce	0
toros	τορός	τορός	piercing, thrilling, shrill	0
torune	τορύνη	τορύνη	stirrer, ladle for stirring things while boiling	0
tosade	τοσάδε	τοσόσδε	this much, this many	0
tosakis	τοσάκις	τοσάκις	so many times	0
tosasde	τοσάσδε	τοσόσδε	this much, this many	0
tosede	τοσήδε	τοσόσδε	this much, this many	0
tosende	τοσήνδε	τοσόσδε	this much, this many	0
tosaide	τοσαίδε	τοσόσδε	this much, this many	0
tosautas	τοσαύτας	τοσοῦτος	so much, thus much	0
tosaute	τοσαύτη	τοσοῦτος	so much, thus much	0
tosauten	τοσαύτην	τοσοῦτος	so much, thus much	0
tosautes	τοσαύτης	τοσοῦτος	so much, thus much	0
tosaisde	τοσαῖσδε	τοσόσδε	this much, this many	0
tosauta	τοσαῦτα	τοσοῦτος	so much, thus much	0
tosautai	τοσαῦται	τοσοῦτος	so much, thus much	0
tosoide	τοσοίδε	τοσόσδε	this much, this many	0
tosousde	τοσούσδε	τοσόσδε	this much, this many	0
tosoutou	τοσούτου	τοσοῦτος	so much, thus much	0
tosouton	τοσούτων	τοσοῦτος	so much, thus much	0
tosouto	τοσούτῳ	τοσοῦτος	so much, thus much	0
tosoisde	τοσοῖσδε	τοσόσδε	this much, this many	0
tosoude	τοσοῦδε	τοσόσδε	this much, this many	0
tosoutoi	τοσοῦτοι	τοσοῦτος	so much, thus much	0
tosoutos	τοσοῦτος	τοσοῦτος	so much, thus much	0
tosonde	τοσόνδε	τοσόσδε	this much, this many	0
tososde	τοσόσδε	τοσόσδε	this much, this many	0
tosesde	τοσῆσδε	τοσόσδε	this much, this many	0
tosode	τοσῷδε	τοσόσδε	this much, this many	0
tote	τοτέ	τοτέ	at times, now and then	0
tou	του	τις	someone	0
tous	τούς	ὁ	the	0
tousde	τούσδε	ὅδε	this	0
toutoin	τούτοιν	οὗτος	this	0
toutou	τούτου	οὗτος	this	0
toutous	τούτους	οὗτος	this	0
touto	τούτω	οὗτος	this	0
touton	τούτων	οὗτος	this	0
touneka	τοὔνεκα	τοὔνεκα	for that reason, therefore	0
toia	τοῖα	τοῖος	of this sort, such	0
toiai	τοῖαι	τοῖος	of this sort, such	0
toin	τοῖν	ὁ	the	0
toinde	τοῖνδε	ὅδε	this	0
toio	τοῖο	ὁ	the	0
toioi	τοῖοι	τοῖος	of this sort, such	0
toios	τοῖος	τοῖος	of this sort, such	0
tois	τοῖς	ὁ	the	0
toisde	τοῖσδε	ὅδε	this	0
toisi	τοῖσι	ὁ	the	0
toisin	τοῖσιν	ὁ	the	0
toikhos	τοῖχος	τοῖχος	wall (inside a building)	0
toiin	τοῖϊν	ὁ	the	0
tou	τοῦ	ὁ	the	0
toude	τοῦδε	ὅδε	this	0
toutos	τοῦτος	τοῦτος	this	0
tragaina	τράγαινα	τράγαινα	barren she-goat	0
trage	τράγε	τράγος	billy-goat	1
tragema	τράγημα	τράγημα	dried fruits or sweetmeats, eaten as dessert	1
traginos	τράγινος	τράγινος	of a he-goat	0
tragion	τράγιον	τράγιον	stinking tutsan (Hypericum hircinum)	0
tragoi	τράγοι	τράγος	billy-goat	1
tragos	τράγος	τράγος	billy-goat	1
tragou	τράγου	τράγος	billy-goat	1
trago	τράγω	τρώγω	to gnaw	0
trakton	τράκτον	τράκτον	long piece of dough pulled out in making pastry	0
trampis	τράμπις	τράμπις	a kind of foreign ship	0
trapeza	τράπεζα	τράπεζα	table	0
trapo	τράπω	τρέπω	turn, divert, turn back, rout an enemy	0
traphen	τράφεν	τρέφω	to make to grow, to increase, bring up, breed, rear (especia	0
traphex	τράφηξ	τράφηξ	beam in framework of helepolis	0
trapho	τράφω	τρέφω	to make to grow, to increase, bring up, breed, rear (especia	0
trakho	τράχω	τρέχω	to run	0
trakhoma	τράχωμα	τράχωμα	trachoma	1
tremo	τρέμω	τρέμω	to tremble in fear	0
trepe	τρέπε	τρέπω	turn, divert, turn back, rout an enemy	0
trepein	τρέπειν	τρέπω	turn, divert, turn back, rout an enemy	0
trepomai	τρέπομαι	τρέπω	turn, divert, turn back, rout an enemy	0
trepomen	τρέπομεν	τρέπω	turn, divert, turn back, rout an enemy	0
trepo	τρέπω	τρέπω	turn, divert, turn back, rout an enemy	0
trephe	τρέφε	τρέφω	to make to grow, to increase, bring up, breed, rear (especia	0
trephei	τρέφει	τρέφω	to make to grow, to increase, bring up, breed, rear (especia	0
trephein	τρέφειν	τρέφω	to make to grow, to increase, bring up, breed, rear (especia	0
trepheis	τρέφεις	τρέφω	to make to grow, to increase, bring up, breed, rear (especia	0
trephoi	τρέφοι	τρέφω	to make to grow, to increase, bring up, breed, rear (especia	0
trephois	τρέφοις	τρέφω	to make to grow, to increase, bring up, breed, rear (especia	0
trephou	τρέφου	τρέφω	to make to grow, to increase, bring up, breed, rear (especia	0
trepho	τρέφω	τρέφω	to make to grow, to increase, bring up, breed, rear (especia	0
trephon	τρέφων	τρέφω	to make to grow, to increase, bring up, breed, rear (especia	0
trephosi	τρέφωσι	τρέφω	to make to grow, to increase, bring up, breed, rear (especia	0
trephes	τρέφῃς	τρέφω	to make to grow, to increase, bring up, breed, rear (especia	0
trekhei	τρέχει	τρέχω	to run	0
trekhein	τρέχειν	πωλέω	to sell	0
trekheis	τρέχεις	τρέχω	to run	0
trekhoi	τρέχοι	τρέχω	to run	0
trekho	τρέχω	τρέχω	to run	0
trekhosi	τρέχωσι	τρέχω	to run	0
trekhe	τρέχῃ	τρέχω	to run	0
trekhes	τρέχῃς	τρέχω	to run	0
trepsete	τρέψητε	τρέπω	turn, divert, turn back, rout an enemy	0
treo	τρέω	τρέω	to flee from fear	0
treron	τρήρων	τρήρων	timorous, shy, pavid	0
trerona	τρήρωνα	τρήρων	timorous, shy, pavid	0
tria	τρία	τρεῖς	three	0
triaina	τρίαινα	τρίαινα	trident, the badge of Poseidon	0
tribanon	τρίβανον	τρίβανον	oil-flask	0
tribolos	τρίβολος	τρίβολος	name of various prickly plants	0
tribos	τρίβος	τρίβος	a worn or beaten track, road, path	0
tribo	τρίβω	τρίβω	to rub	0
trigle	τρίγλη	τρίγλη	red mullet (Mullus barbatus)	0
trigonon	τρίγωνον	τρίγωνον	triangle (geometric shape)	1
trigonos	τρίγωνος	τρίγωνος	three-cornered, triangular	0
trietes	τρίετες	τρίετες	for three years	0
trizo	τρίζω	τρίζω	to scream, cry	0
trimitos	τρίμιτος	τρίμιτος	three-threaded	0
trinax	τρίναξ	τρίναξ	three-pronged mattock	0
tripous	τρίπους	τρίπους	measuring three feet	1
tris	τρίς	τρίς	thrice, three times	0
trikha	τρίχα	τρίχα	in three parts	0
trabea	τραβέα	τραβέα	trabea, a white or purple toga	0
traganos	τραγανός	τραγανός	goat	0
tragikos	τραγικός	τραγικός	of or like a goat, goatish	0
tragodeo	τραγῳδέω	τραγῳδέω	to act a tragedy, represent in tragedy	0
tragodia	τραγῳδία	τραγῳδία	a tragedy or heroic play	0
tragodos	τραγῳδός	τραγῳδός	tragic poet and singer	0
tranes	τρανής	τρανής	clear, distinct	0
trapezia	τραπέζια	τραπέζιον	small table	0
trasia	τρασιά	τρασιά	hurdle, crate, whereon to dry figs	0
traulos	τραυλός	τραυλός	mispronouncing letters, stammering, lisping	1
trakhus	τραχύς	τραχύς	jagged	1
trauxana	τραύξανα	τραύξανα	dry chips, waste that falls from the manger	0
trauma	τραῦμα	τραῦμα	wound, hurt	1
trepheto	τρεφέτω	τρέφω	to make to grow, to increase, bring up, breed, rear (especia	0
treis	τρεῖς	τρεῖς	three	0
triazo	τριάζω	τριάζω	to defeat	0
trias	τριάς	τριάς	the number three	1
trietes	τριέτης	τριέτης	of or for three years	0
trieres	τριήρης	τριήρης	having three storeys	0
tribas	τριβάς	τριβάς	lesbian, woman who has sex with women	1
tribe	τριβή	τριβή	a rubbing down, wearing away, wasting	0
tribakos	τριβακός	τριβακός	rubbed, worn	0
trigenes	τριγενής	τριγενής	thrice-born	1
trikumia	τρικυμία	τρικυμία	a group of three waves	0
trilogia	τριλογία	τριλογία	trilogy, group of three tragedies performed together	0
trisi	τρισί	τρεῖς	three	0
trisin	τρισίν	τρεῖς	three	0
tritaioi	τριταῖοι	τριταῖος	on the third day	0
tritaios	τριταῖος	τριταῖος	on the third day	0
trikhas	τριχάς	τριχάς	song thrush (Turdus philomelos)	0
triodous	τριόδους	τριόδους	trident, leister, for spearing fish	0
trion	τριῶν	τρεῖς	three	0
tromeo	τρομέω	τρομέω	to tremble, fear, quake, quiver	0
trope	τροπή	τροπή	a turning	0
tropaiou	τροπαίου	τρόπαιον	trophy, a monument to an enemy's defeat	0
tropaion	τροπαῖον	τροπαῖος	of a turning or change	0
tropaios	τροπαῖος	τροπαῖος	of a turning or change	0
tropike	τροπική	τροπικός	of or pertaining to a turn or change	1
tropikon	τροπικόν	τροπικός	of or pertaining to a turn or change	1
tropikos	τροπικός	τροπικός	of or pertaining to a turn or change	1
tropes	τροπῆς	τροπή	a turning	0
trophas	τροφάς	τροφή	nourishment, food	0
trophe	τροφέ	τροφός	nurse (person who takes care of other people's young)	0
trophe	τροφή	τροφή	nourishment, food	0
trophen	τροφήν	τροφή	nourishment, food	0
trophai	τροφαί	τροφή	nourishment, food	0
trophais	τροφαῖς	τροφή	nourishment, food	0
tropheus	τροφεύς	τροφεύς	foster-father, guardian	0
trophoi	τροφοί	τροφός	nurse (person who takes care of other people's young)	0
trophous	τροφούς	τροφός	nurse (person who takes care of other people's young)	0
trophois	τροφοῖς	τροφός	nurse (person who takes care of other people's young)	0
trophou	τροφοῦ	τροφός	nurse (person who takes care of other people's young)	0
trophon	τροφόν	τροφός	nurse (person who takes care of other people's young)	0
trophos	τροφός	τροφός	nurse (person who takes care of other people's young)	0
trophes	τροφῆς	τροφή	nourishment, food	0
trophon	τροφῶν	τροφή	nourishment, food	0
tropho	τροφῷ	τροφός	nurse (person who takes care of other people's young)	0
trokhazo	τροχάζω	τροχάζω	to run quickly	0
trokhe	τροχή	τροχή	course, path	0
trokhoin	τροχοῖν	τροχός	wheel	0
trokhois	τροχοῖς	τροχός	wheel	0
trokhou	τροχοῦ	τροχός	wheel	0
trokhon	τροχόν	τροχός	wheel	0
trokhos	τροχός	τροχός	wheel	0
trokho	τροχώ	τροχός	wheel	0
trugao	τρυγάω	τρυγάω	to harvest	0
trugon	τρυγών	τρυγών	turtle dove	0
trupao	τρυπάω	τρυπάω	to bore, pierce through	0
trutane	τρυτάνη	τρυτάνη	balance, pair of scales	0
truphao	τρυφάω	τρυφάω	to live softly, delicately, luxuriously	0
truphe	τρυφή	τρυφή	softness, delicacy, daintiness	0
trogalia	τρωγάλια	τρωγάλια	fruits eaten at dessert, like figs, nuts	0
troseoin	τρωσέοιν	τρῶσις	wounding, injury	0
tromos	τρόμος	τρόμος	trembling, tremor, shudder	0
tropaion	τρόπαιον	τρόπαιον	trophy, a monument to an enemy's defeat	0
tropalis	τρόπαλις	τρόπαλις	bundle, bunch	0
trope	τρόπε	τρόπος	a turn, way, manner, style	1
tropis	τρόπις	τρόπις	keel of a ship	0
tropoi	τρόποι	τρόπος	a turn, way, manner, style	1
tropoin	τρόποιν	τρόπος	a turn, way, manner, style	1
tropois	τρόποις	τρόπος	a turn, way, manner, style	1
tropon	τρόπον	τρόπος	a turn, way, manner, style	1
tropos	τρόπος	τρόπος	a turn, way, manner, style	1
tropou	τρόπου	τρόπος	a turn, way, manner, style	1
tropous	τρόπους	τρόπος	a turn, way, manner, style	1
tropo	τρόπω	τρόπος	a turn, way, manner, style	1
trokhis	τρόχις	τρόχις	a courier, a messenger, a runner, a footman	0
trublion	τρύβλιον	τρύβλιον	cup, bowl	0
truggas	τρύγγας	τρύγγας	kind of bird, probably the common redshank (Tringa totanus)	0
truginos	τρύγινος	τρύγινος	made of dregs of wine	0
trux	τρύξ	τρύξ	must (wine not yet fermented)	0
trupanon	τρύπανον	τρύπανον	borer, auger, rotated by a thong	1
trupema	τρύπημα	τρύπημα	that which is bored, a hole	0
truphos	τρύφος	τρύφος	that which is broken off, fragment, morsel	0
trukho	τρύχω	τρύχω	to wear out, waste, consume, exhaust, impoverish	0
truo	τρύω	τρύω	to rub down, wear out	0
trogei	τρώγει	τρώγω	to gnaw	0
trogle	τρώγλη	τρώγλη	hole, hollow	0
trogomai	τρώγομαι	τρώγω	to gnaw	0
trogo	τρώγω	τρώγω	to gnaw	0
troktes	τρώκτης	τρώκτης	gnawer, nibbler	0
trosei	τρώσει	τρῶσις	wounding, injury	0
troseis	τρώσεις	τρῶσις	wounding, injury	0
trosesi	τρώσεσι	τρῶσις	wounding, injury	0
trosesin	τρώσεσιν	τρῶσις	wounding, injury	0
troseon	τρώσεων	τρῶσις	wounding, injury	0
troseos	τρώσεως	τρῶσις	wounding, injury	0
trema	τρῆμα	τρῆμα	hole, aperture, perforation	1
trimma	τρῖμμα	τρῖμμα	that which is rubbed	0
tripsis	τρῖψις	τρῖψις	rubbing, friction	1
trupa	τρῦπα	τρῦπα	a hole	1
trukhos	τρῦχος	τρῦχος	worn out, tattered garment, rag	0
trosi	τρῶσι	τρῶσις	wounding, injury	0
trosin	τρῶσιν	τρῶσις	wounding, injury	0
trosis	τρῶσις	τρῶσις	wounding, injury	0
tugkhano	τυγχάνω	τυγχάνω	Expressing coincidence	0
tukane	τυκάνη	τυκάνη	kind of threshing instrument	0
tukizo	τυκίζω	τυκίζω	to work stones	0
tulas	τυλάς	τυλάς	kind of thrush, perhaps the redwing (Turdus iliacus)	0
tulisso	τυλίσσω	τυλίσσω	to twist or roll up	0
tumbeuo	τυμβεύω	τυμβεύω	to bury	0
tupeis	τυπείς	τύπτω	to beat	0
tupikos	τυπικός	τυπικός	impressionable	0
turanneo	τυραννέω	τυραννέω	to be a monarch, absolute ruler (optionally with the people	0
turannia	τυραννία	τυραννία	tyrannous conduct	1
turannis	τυραννίς	τυραννίς	monarchy	0
tureia	τυρεία	τυρεία	cheese-making	0
turenis	τυρηνίς	τυρηνίς	a kind of Persian plaster	0
turos	τυρός	τυρός	cheese	0
tutthon	τυτθόν	τυτθόν	a little, a bit	0
tutthos	τυτθός	τυτθός	small, little, young	0
tuto	τυτώ	τυτώ	kind of owl, possibly the barn owl	0
tuphlais	τυφλαῖς	τυφλός	blind	0
tuphloin	τυφλοῖν	τυφλός	blind	0
tuphlou	τυφλοῦ	τυφλός	blind	0
tuphlos	τυφλός	τυφλός	blind	0
tuphlo	τυφλώ	τυφλός	blind	0
tuphles	τυφλῆς	τυφλός	blind	0
tuphlon	τυφλῶν	τυφλός	blind	0
tuphoo	τυφόω	τυφόω	to delude, especially	0
tuphon	τυφῶν	τυφῶν	a kind of comet	1
tukhaios	τυχαῖος	τυχαῖος	accidental, fortuitous, by chance	0
tukheros	τυχηρός	τυχηρός	lucky	0
tothazo	τωθάζω	τωθάζω	to mock, jeer at, flout	0
tokalion	τωκάλιον	τωκάλιον	name of an unknown article	0
tode	τόδε	τόδε	hither, to this spot	0
tothen	τόθεν	τόθεν	hence, thence	0
tothi	τόθι	τόθι	there	0
tokos	τόκος	τόκος	childbirth, parturition	1
tolma	τόλμα	τόλμα	courage, hardihood	0
tolman	τόλμαν	τόλμα	courage, hardihood	0
tolmes	τόλμης	τόλμα	courage, hardihood	0
tomos	τόμος	τόμος	slice, piece	1
ton	τόν	ὁ	the	0
tonde	τόνδε	ὅδε	this	0
tone	τόνε	τόνος	tension (as produced in something which is stretched)	0
tonoi	τόνοι	τόνος	tension (as produced in something which is stretched)	0
tonoin	τόνοιν	τόνος	tension (as produced in something which is stretched)	0
tonois	τόνοις	τόνος	tension (as produced in something which is stretched)	0
tonon	τόνον	τόνος	tension (as produced in something which is stretched)	0
tonos	τόνος	τόνος	tension (as produced in something which is stretched)	0
tonou	τόνου	τόνος	tension (as produced in something which is stretched)	0
tonous	τόνους	τόνος	tension (as produced in something which is stretched)	0
tono	τόνω	τόνος	tension (as produced in something which is stretched)	0
toxa	τόξα	τόξον	bow (weapon for shooting arrows)	0
toxeuma	τόξευμα	τόξευμα	arrow	0
toxois	τόξοις	τόξον	bow (weapon for shooting arrows)	0
toxon	τόξον	τόξον	bow (weapon for shooting arrows)	0
toxou	τόξου	τόξον	bow (weapon for shooting arrows)	0
toxo	τόξῳ	τόξον	bow (weapon for shooting arrows)	0
topazos	τόπαζος	τόπαζος	gem of green hue, probably chrysolite or peridot	0
tope	τόπε	τόπος	place, location	1
topion	τόπιον	τόπιον	field, landscape	0
topoi	τόποι	τόπος	place, location	1
topoin	τόποιν	τόπος	place, location	1
topois	τόποις	τόπος	place, location	1
topon	τόπον	τόπος	place, location	1
topos	τόπος	τόπος	place, location	1
topou	τόπου	τόπος	place, location	1
topous	τόπους	τόπος	place, location	1
topo	τόπω	τόπος	place, location	1
torgos	τόργος	τόργος	vulture	0
tordulon	τόρδυλον	τόρδυλον	hartwort (Tordylium officinale)	0
tormos	τόρμος	τόρμος	a hole or socket in which a peg is stuck	0
tornos	τόρνος	τόρνος	A tool similar to a pair of compasses used to draw a circle	0
tosa	τόσα	τόσος	so much, so very, so great	0
toson	τόσον	τόσος	so much, so very, so great	0
tosos	τόσος	τόσος	so much, so very, so great	0
tossos	τόσσος	τόσος	so much, so very, so great	0
toso	τόσῳ	τόσος	so much, so very, so great	0
tote	τότε	τότε	at that time, then	0
tophra	τόφρα	τόφρα	up to that time	0
tubaris	τύβαρις	τύβαρις	kind of Dorian salad, celery pickled in vinegar	0
tukos	τύκος	τύκος	instrument for stonework, mason's hammer or pick	0
tule	τύλη	τύλη	swelling, callus	0
tulos	τύλος	τύλος	knot, callus (especially inside the hands)	1
tumbeuma	τύμβευμα	τύμβευμα	tomb, grave	0
tumbos	τύμβος	τύμβος	funeral mound	0
tumma	τύμμα	τύμμα	a blow	0
tumpanon	τύμπανον	τύμπανον	drum, kettledrum	1
tupos	τύπος	τύπος	A blow, pressing	0
tupte	τύπτε	τύπτω	to beat	0
tupto	τύπτω	τύπτω	to beat	0
turannos	τύραννος	τύραννος	absolute ruler (originally applied to the Lydian king Gyges)	0
turbe	τύρβη	τύρβη	disorder, confusion, tumult	0
turinos	τύρινος	τύρινος	of Tyrian purple	0
turma	τύρμα	τύρμα	turma, troop, squadron of cavalry	0
turris	τύρρις	τύρσις	tower	0
tursis	τύρσις	τύρσις	tower	0
tuphe	τύφη	τύφη	a plant used for stuffing bolsters and beds	0
tupho	τύφω	τύφω	to smoke, fill with smoke	0
tukhe	τύχη	τύχη	the act of a god	0
tupse	τύψε	τύπτω	to beat	0
tuigga	τύϊγγα	τύϊγγα	some kind of small bird	0
tode	τώδε	ὅδε	this	0
tos	τώς	τώς	so, this way	0
takei	τἀκεῖ	τἀκεῖ	what happens there	0
tandri	τἀνδρί	τῷ	then, thereupon	0
tondri	τὠνδρί	τῷ	then, thereupon	0
talis	τᾶλις	τᾶλις	marriageable maiden	0
tan	τᾶν	τᾶν	friendly term of address	0
tele	τῆλε	τῆλε	far off, afar, far away	0
telis	τῆλις	τῆλις	fenugreek (Trigonella foenum-graecum)	0
temos	τῆμος	τῆμος	then, thereupon	0
texis	τῆξις	τῆξις	a melting	0
tes	τῆς	ὁ	the	0
tesde	τῆσδε	ὅδε	this	0
tei	τῇ	τῇ	here	0
tede	τῇδε	ὅδε	this	0
tesi	τῇσι	ὁ	the	0
tesin	τῇσιν	ὁ	the	0
tilos	τῖλος	τῖλος	thin stool, as in diarrhea	0
tuphos	τῦφος	τῦφος	smoke, vapour	0
toi	τῷ	τῷ	then, thereupon	0
uiasi	υἱάσι	υἱός	son	0
uiasin	υἱάσιν	υἱός	son	0
uie	υἱέ	υἱός	son	0
uieas	υἱέας	υἱός	son	0
uiees	υἱέες	υἱός	son	0
uieos	υἱέος	υἱός	son	0
uiei	υἱέϊ	υἱός	son	0
uieis	υἱεῖς	υἱός	son	0
uioi	υἱοί	υἱός	son	0
uious	υἱούς	υἱός	son	0
uiou	υἱοῦ	υἱός	son	0
uionos	υἱωνός	υἱωνός	grandson	0
uion	υἱόν	υἱός	son	0
uios	υἱός	υἱός	son	0
uius	υἱύς	υἱός	son	0
uio	υἱῷ	υἱός	son	0
hui	υἵ	ὗς	pig	0
uia	υἷα	υἱός	son	0
uias	υἷας	υἱός	son	0
uies	υἷες	υἱός	son	0
uii	υἷι	υἱός	son	0
phagos	φάγος	φάγος	glutton	1
phagros	φάγρος	φάγρος	red porgy (Pagrus pagrus)	0
phakelos	φάκελος	φάκελος	bundle, faggot	0
phakinos	φάκινος	φάκινος	made of lentils	0
phalagx	φάλαγξ	φάλαγξ	line of battle, battle-array	0
phalaina	φάλαινα	φάλλαινα	whale	0
phalaron	φάλαρον	φάλαρον	boss or disc of metal	0
phalaros	φάλαρος	φάλαρος	having a patch of white or a white spot	0
phalkes	φάλκης	φάλκης	part of a ship, maybe the rib	0
phalon	φάλον	φάλος	crest of a helmet	0
phalos	φάλος	φάλος	crest of a helmet	0
phamenos	φάμενος	φημί	to speak	0
phanai	φάναι	φημί	to speak	0
phane	φάνη	φαίνω	to cause to appear	1
phaos	φάος	φάος	light (especially daylight)	0
pharagx	φάραγξ	φάραγξ	ravine	0
pharea	φάρεα	φᾶρος	large piece of cloth, web	0
pharee	φάρεε	φᾶρος	large piece of cloth, web	0
pharei	φάρει	φᾶρος	large piece of cloth, web	0
phareos	φάρεος	φᾶρος	large piece of cloth, web	0
pharesi	φάρεσι	φᾶρος	large piece of cloth, web	0
pharesin	φάρεσιν	φᾶρος	large piece of cloth, web	0
pharessi	φάρεσσι	φᾶρος	large piece of cloth, web	0
phareus	φάρευς	φᾶρος	large piece of cloth, web	0
phare	φάρη	φᾶρος	large piece of cloth, web	0
pharinos	φάρινος	φάρινος	of cloth	0
pharos	φάρος	φάρος	plough	0
pharous	φάρους	φᾶρος	large piece of cloth, web	0
pharsos	φάρσος	φάρσος	Any piece cut off, portion	0
pharugx	φάρυγξ	φάρυγξ	throat	1
pharux	φάρυξ	φάρυξ	Epic and Lyric form of φᾰ́ρῠγξ (phắrŭnx)	0
pharo	φάρω	φέρω	to bring, bear, carry	0
phaselos	φάσηλος	φάσηλος	cowpea	0
phasthai	φάσθαι	φημί	to speak	0
phasis	φάσις	φάσις	appearance	0
phaskon	φάσκον	φάσκον	a kind of moss drooping from oaks	0
phasko	φάσκω	φάσκω	to declare	0
phasma	φάσμα	φάσμα	Apparition, phantom	0
phaso	φάσο	φημί	to speak	0
phassa	φάσσα	φάσσα	wood pigeon	0
phatne	φάτνη	φάτνη	manger	0
phato	φάτο	φημί	to speak	0
phaps	φάψ	φάψ	wild pigeon	0
phebomai	φέβομαι	φέβομαι	to be put to flight, to flee	0
phebonto	φέβοντο	φέβομαι	to be put to flight, to flee	0
pheggos	φέγγος	φέγγος	light, splendour, lustre	0
phekle	φέκλη	φέκλη	faecula, tartar deposited by wine	0
phenax	φέναξ	φέναξ	cheat	0
pherbo	φέρβω	φέρβω	to feed, nourish	0
phere	φέρε	φέρω	to bring, bear, carry	0
pherei	φέρει	φέρω	to bring, bear, carry	0
pherein	φέρειν	φέρω	to bring, bear, carry	0
phereis	φέρεις	φέρω	to bring, bear, carry	0
pheren	φέρεν	φέρω	to bring, bear, carry	0
phereo	φέρεο	φέρω	to bring, bear, carry	0
pheretai	φέρεται	φέρω	to bring, bear, carry	0
pherete	φέρετε	φέρω	to bring, bear, carry	0
phereton	φέρετον	φέρω	to bring, bear, carry	0
phereu	φέρευ	φέρω	to bring, bear, carry	0
pherma	φέρμα	φέρμα	that which is borne, fruit of the womb	0
phermasi	φέρμασι	φέρμα	that which is borne, fruit of the womb	0
phermata	φέρματα	φέρμα	that which is borne, fruit of the womb	0
phermate	φέρματε	φέρμα	that which is borne, fruit of the womb	0
phermati	φέρματι	φέρμα	that which is borne, fruit of the womb	0
phernion	φέρνιον	φέρνιον	fish-basket	0
pheroi	φέροι	φέρω	to bring, bear, carry	0
pheroien	φέροιεν	φέρω	to bring, bear, carry	0
pheroimi	φέροιμι	φέρω	to bring, bear, carry	0
pheroio	φέροιο	φέρω	to bring, bear, carry	0
pherois	φέροις	φέρω	to bring, bear, carry	0
pheroite	φέροιτε	φέρω	to bring, bear, carry	0
pheroito	φέροιτο	φέρω	to bring, bear, carry	0
pheromai	φέρομαι	φέρω	to bring, bear, carry	0
pheromen	φέρομεν	φέρω	to bring, bear, carry	0
phero	φέρω	φέρω	to bring, bear, carry	0
pheron	φέρων	φέρω	to bring, bear, carry	0
pherosi	φέρωσι	φέρω	to bring, bear, carry	0
pherosin	φέρωσιν	φέρω	to bring, bear, carry	0
pheres	φέρῃς	φέρω	to bring, bear, carry	0
phe	φή	φή	like, as	0
pheginos	φήγινος	φήγινος	oaken	0
phelex	φήληξ	φήληξ	wild fig	0
pheme	φήμη	φήμη	prophetic voice	0
phemes	φήμης	φήμη	prophetic voice	0
phene	φήνη	φήνη	lammergeier, ossifrage (Gypaetus barbatus)	0
pher	φήρ	θήρ	a wild beast, beast of prey, especially a lion	1
phesei	φήσει	φημί	to speak	0
phesein	φήσειν	φημί	to speak	0
pheseis	φήσεις	φημί	to speak	0
phesete	φήσετε	φημί	to speak	0
phesoi	φήσοι	φημί	to speak	0
phesomen	φήσομεν	φημί	to speak	0
phesousi	φήσουσι	φημί	to speak	0
pheso	φήσω	φημί	to speak	0
phesosi	φήσωσι	φημί	to speak	0
phesosin	φήσωσιν	φημί	to speak	0
phese	φήσῃ	φημί	to speak	0
pheses	φήσῃς	φημί	to speak	0
phile	φίλη	φίλη	female friend, woman or girl who is dear to one	0
philema	φίλημα	φίλημα	a kiss	0
philios	φίλιος	φίλιος	friendly	0
philos	φίλος	φίλος	that which is loved or important	0
philtron	φίλτρον	φίλτρον	a magical means of causing love, such as a love charm or lov	1
philos	φίλως	φίλως	gladly	0
phimosis	φίμωσις	φίμωσις	muzzling, silencing of death	1
phaetho	φαέθω	φαέθω	to shine, to be radiant	0
phaethon	φαέθων	φαέθων	shining, radiant	0
phaidra	φαίδρα	φαιδρός	bright, beaming	0
phaie	φαίη	φημί	to speak	0
phaiemen	φαίημεν	φημί	to speak	0
phaien	φαίην	φημί	to speak	0
phaies	φαίης	φημί	to speak	0
phaiete	φαίητε	φημί	to speak	0
phainei	φαίνει	φαίνω	to cause to appear	1
phainein	φαίνειν	φαίνω	to cause to appear	1
phaineis	φαίνεις	φαίνω	to cause to appear	1
phainete	φαίνετε	φαίνω	to cause to appear	1
phaineto	φαίνετο	φαίνω	to cause to appear	1
phainoi	φαίνοι	φαίνω	to cause to appear	1
phainoio	φαίνοιο	φαίνω	to cause to appear	1
phainois	φαίνοις	φαίνω	to cause to appear	1
phainou	φαίνου	φαίνω	to cause to appear	1
phaino	φαίνω	φαίνω	to cause to appear	1
phainon	φαίνων	φαίνων	shining	0
phainosi	φαίνωσι	φαίνω	to cause to appear	1
phaine	φαίνῃ	φαίνω	to cause to appear	1
phaines	φαίνῃς	φαίνω	to cause to appear	1
phaidron	φαιδρόν	φαιδρός	bright, beaming	0
phaidros	φαιδρός	φαιδρός	bright, beaming	0
phaios	φαιός	φαιός	grey, of any colour mixed of black and white	1
phakos	φακός	φακός	lentil (Lens culinaris) and its seed	0
phalakra	φαλακρά	φαλακρός	bald	0
phalaris	φαλαρίς	φαλαρίς	coot (Fulica atra)	0
phallos	φαλλός	φαλλός	penis	1
phalos	φαλός	φαλός	white	0
phane	φανή	φανή	torch, firebrand	0
phanee	φανήῃ	φαίνω	to cause to appear	1
phaneran	φανεράν	φανερός	visible, manifest, evident, apparent	1
phaneros	φανερός	φανερός	visible, manifest, evident, apparent	1
phaneroo	φανερόω	φανερόω	to make manifest	0
phaneros	φανερῶς	φανερῶς	openly, manifestly	0
phanero	φανερῷ	φανερός	visible, manifest, evident, apparent	1
phantazo	φαντάζω	φαντάζω	to show	0
phantos	φαντός	φαντός	visible	0
phanos	φανός	φανός	bright	0
phanenai	φανῆναι	φαίνω	to cause to appear	1
phareesi	φαρέεσι	φᾶρος	large piece of cloth, web	0
phareoin	φαρέοιν	φᾶρος	large piece of cloth, web	0
pharetra	φαρέτρα	φαρέτρα	quiver for arrows	0
phareon	φαρέων	φᾶρος	large piece of cloth, web	0
pharia	φαρία	φαρία	kind of vessel	0
pharkis	φαρκίς	φαρκίς	wrinkle, crease in the skin	0
pharoin	φαροῖν	φᾶρος	large piece of cloth, web	0
pharon	φαρῶν	φᾶρος	large piece of cloth, web	0
phaskia	φασκία	φασκία	fascia, bandage, strip	0
phatos	φατός	φατός	that may be spoken, speakable, utterable	0
phaulia	φαυλία	φαυλία	coarse kind of olive, produced from the wild olive	0
phaulais	φαύλαις	φαῦλος	easy, slight	0
phaulas	φαύλας	φαῦλος	easy, slight	0
phaule	φαύλη	φαῦλος	easy, slight	0
phaulen	φαύλην	φαῦλος	easy, slight	0
phaules	φαύλης	φαῦλος	easy, slight	0
phaulois	φαύλοις	φαῦλος	easy, slight	0
phaulou	φαύλου	φαῦλος	easy, slight	0
phaulous	φαύλους	φαῦλος	easy, slight	0
phaulon	φαύλων	φαῦλος	easy, slight	0
phaulo	φαύλῳ	φαῦλος	easy, slight	0
phaimen	φαῖμεν	φημί	to speak	0
phaula	φαῦλα	φαῦλος	easy, slight	0
phaulai	φαῦλαι	φαῦλος	easy, slight	0
phauloi	φαῦλοι	φαῦλος	easy, slight	0
phaulos	φαῦλος	φαῦλος	easy, slight	0
pheidos	φειδός	φειδός	sparing, thrifty	0
pheido	φειδώ	φειδώ	sparing	0
phelleus	φελλεύς	φελλεύς	uneven, stony ground	0
phellos	φελλός	φελλός	cork oak (Quercus suber)	0
phenake	φενάκη	φενάκη	false hair, wig	0
pheremen	φερέμεν	φέρω	to bring, bear, carry	0
phereto	φερέτω	φέρω	to bring, bear, carry	0
pherna	φερνά	φερνή	that which is brought by the wife, a dowry	0
phernas	φερνάς	φερνή	that which is brought by the wife, a dowry	0
pherne	φερνή	φερνή	that which is brought by the wife, a dowry	0
phernen	φερνήν	φερνή	that which is brought by the wife, a dowry	0
phernai	φερναί	φερνή	that which is brought by the wife, a dowry	0
phernain	φερναῖν	φερνή	that which is brought by the wife, a dowry	0
phernais	φερναῖς	φερνή	that which is brought by the wife, a dowry	0
phernes	φερνῆς	φερνή	that which is brought by the wife, a dowry	0
phernon	φερνῶν	φερνή	that which is brought by the wife, a dowry	0
pheugeto	φευγέτω	φεύγω	to flee, run off, go a certain direction with haste (often w	0
pheugei	φεύγει	φεύγω	to flee, run off, go a certain direction with haste (often w	0
pheugein	φεύγειν	φεύγω	to flee, run off, go a certain direction with haste (often w	0
pheugeis	φεύγεις	φεύγω	to flee, run off, go a certain direction with haste (often w	0
pheugoi	φεύγοι	φεύγω	to flee, run off, go a certain direction with haste (often w	0
pheugois	φεύγοις	φεύγω	to flee, run off, go a certain direction with haste (often w	0
pheugo	φεύγω	φεύγω	to flee, run off, go a certain direction with haste (often w	0
pheugon	φεύγων	φεύγω	to flee, run off, go a certain direction with haste (often w	0
pheugosi	φεύγωσι	φεύγω	to flee, run off, go a certain direction with haste (often w	0
pheuge	φεύγῃ	φεύγω	to flee, run off, go a certain direction with haste (often w	0
pheuges	φεύγῃς	φεύγω	to flee, run off, go a certain direction with haste (often w	0
phei	φεῖ	φεῖ	phi, the name for the twenty-first letter Φ, φ of the Ancien	1
pheu	φεῦ	φεῦ	alas!	0
phegos	φηγός	φηγός	oak	0
phego	φηγῷ	φηγός	oak	0
phemi	φημί	φημί	to speak	0
phthano	φθάνω	φθάνω	to come or do, first or before others	0
phthegma	φθέγμα	φθέγμα	voice	0
phthina	φθίνα	φθίνα	mildew	0
phthino	φθίνω	φθίω	to wane, decay, dwindle	0
phthisis	φθίσις	φθίσις	decline, decay	1
phthio	φθίω	φθίω	to wane, decay, dwindle	0
phtheir	φθείρ	φθείρ	louse	0
phtheiro	φθείρω	φθείρω	to destroy	0
phthoneo	φθονέω	φθονέω	to bear ill-will, to be envious (toward one	0
phthora	φθορά	φθορά	destruction, ruin	1
phthoria	φθορία	φθορία	corruption, mischief	0
phthonos	φθόνος	φθόνος	envy, jealousy	0
phiale	φιάλη	φιάλη	round and shallow bowl, saucer, or pan	1
phiales	φιάλης	φιάλη	round and shallow bowl, saucer, or pan	1
phiaros	φιαρός	φιαρός	gleaming, shining, bright	0
phileo	φιλέω	φιλέω	to love, like, regard with affection	0
phileon	φιλέων	φιλέω	to love, like, regard with affection	0
philemon	φιλήμων	φιλήμων	kindly, affectionate	0
philia	φιλία	φιλία	friendship, love, affection, fondness	1
phileis	φιλεῖς	φιλέω	to love, like, regard with affection	0
phileite	φιλεῖτε	φιλέω	to love, like, regard with affection	0
philousi	φιλοῦσι	φιλέω	to love, like, regard with affection	0
philurea	φιλυρέα	φιλυρέα	mock privet (Phillyrea latifolia)	0
philotes	φιλότης	φιλότης	friendship, love, affection	0
philuke	φιλύκη	φιλύκη	alatern (Rhamnus alaternus)	0
philura	φιλύρα	φιλύρα	linden, lime tree (Tilia europaea)	0
philodos	φιλῳδός	φιλῳδός	fond of singing	0
phimos	φιμός	φιμός	muzzle for dogs, calves	0
phimoo	φιμόω	φιμόω	to muzzle, shut up as with a muzzle	0
phitros	φιτρός	φιτρός	block of wood, log	0
phleba	φλέβα	φλέψ	vein	1
phlebas	φλέβας	φλέψ	vein	1
phlebes	φλέβες	φλέψ	vein	1
phlegma	φλέγμα	φλέγμα	flame, fire, heat	1
phlego	φλέγω	φλέγω	to set on fire, burn, scorch	0
phledon	φλέδων	φλέδων	idle talker, babbler, chatterer	0
phleps	φλέψ	φλέψ	vein	1
phleo	φλέω	φλέω	to overflow, teem, abound, gush	0
phleos	φλέως	φλέως	Ravenna grass (Saccharum ravennae or Erianthus ravennae)	0
phlauros	φλαῦρος	φλαῦρος	petty, paltry, trivial	0
phlebi	φλεβί	φλέψ	vein	1
phleboin	φλεβοῖν	φλέψ	vein	1
phlebos	φλεβός	φλέψ	vein	1
phlebon	φλεβῶν	φλέψ	vein	1
phlepsi	φλεψί	φλέψ	vein	1
phlepsin	φλεψίν	φλέψ	vein	1
phlia	φλιά	φλιά	doorpost, doorjamb	0
phlogi	φλογί	φλόξ	flame, blaze	1
phlogos	φλογός	φλόξ	flame, blaze	1
phloios	φλοιός	φλοιός	bark of trees, especially smooth bark	0
phlomis	φλομίς	φλομίς	phlomis, a herbaceous plant of the species Phlomis samia	1
phluareo	φλυαρέω	φλυαρέω	to talk nonsense, babble idly, maunder, make jokes, play the	0
phluaria	φλυαρία	φλυαρία	nonsense	0
phluktis	φλυκτίς	φλυκτίς	boil	0
phloga	φλόγα	φλόξ	flame, blaze	1
phlomos	φλόμος	φλόμος	mullein (Verbascum sinuatum)	0
phlox	φλόξ	φλόξ	flame, blaze	1
phloos	φλόος	φλόος	rind, bark, peel	0
phloinos	φλόϊνος	φλόϊνος	made of bark	0
phluaros	φλύαρος	φλύαρος	silly talk, foolery, nonsense, babble	0
phluo	φλύω	φλύω	to be full of juice, thrive	0
phoiniki	φοίνικι	φοῖνιξ	purple or crimson	0
phoita	φοίτα	φοιτάω	to go back and forth	0
phobeo	φοβέω	φοβέω	to put to flight	0
phobesei	φοβήσει	φοβέω	to put to flight	0
phobeso	φοβήσω	φοβέω	to put to flight	0
phobeson	φοβήσων	φοβέω	to put to flight	0
phobera	φοβερά	φοβερός	fearful (inspiring fear), terrifying	0
phoberon	φοβερόν	φοβερός	fearful (inspiring fear), terrifying	0
phoberos	φοβερός	φοβερός	fearful (inspiring fear), terrifying	0
phobei	φοβεῖ	φοβέω	to put to flight	0
phobeis	φοβεῖς	φοβέω	to put to flight	0
phobeite	φοβεῖτε	φοβέω	to put to flight	0
phobo	φοβῶ	φοβέω	to put to flight	0
phobon	φοβῶν	φοβέω	to put to flight	0
phoina	φοινά	φοινός	blood red, crimson, reddish	0
phoinos	φοινός	φοινός	blood red, crimson, reddish	0
phoino	φοινῷ	φοινός	blood red, crimson, reddish	0
phoitao	φοιτάω	φοιτάω	to go back and forth	0
phoiton	φοιτῶν	φοιτάω	to go back and forth	0
pholis	φολίς	φολίς	horny scale (opposed to λεπίς (lepís), used of fish’s scales	1
pholkos	φολκός	φολκός	epithet of Thersites, perhaps meaning bandy-legged	0
phonea	φονέα	φονεύς	murderer	0
phoneas	φονέας	φονεύς	murderer	0
phoneoin	φονέοιν	φονεύς	murderer	0
phoneon	φονέων	φονεύς	murderer	0
phoneos	φονέως	φονεύς	murderer	0
phoneus	φονεύς	φονεύς	murderer	0
phoneuo	φονεύω	φονεύω	to murder, kill, slay	0
phonei	φονεῖ	φονεύς	murderer	0
phoneis	φονεῖς	φονεύς	murderer	0
phoneu	φονεῦ	φονεύς	murderer	0
phoneusi	φονεῦσι	φονεύς	murderer	0
phone	φονῆ	φονεύς	murderer	0
phones	φονῆς	φονεύς	murderer	0
phoxos	φοξός	φοξός	sharp, pointed	0
phoxinos	φοξῖνος	φοξῖνος	type of fish, perhaps the minnow	0
phora	φορά	φορά	an act	0
phoreei	φορέει	φορέω	frequentative of φέρω (phérō)	1
phoreso	φορέσω	φορέω	frequentative of φέρω (phérō)	1
phoreo	φορέω	φορέω	frequentative of φέρω (phérō)	1
phorine	φορίνη	φορίνη	hide of thick-skinned animals, especially of swine	0
phorbe	φορβή	φορβή	forage, fodder, food, booty	0
phoreus	φορεύς	φορεύς	bearer, carrier	0
phorei	φορεῖ	φορέω	frequentative of φέρω (phérō)	1
phorein	φορεῖν	φορέω	frequentative of φέρω (phérō)	1
phoreion	φορεῖον	φορεῖον	sedan chair	0
phoreis	φορεῖς	φορέω	frequentative of φέρω (phérō)	1
phormos	φορμός	φορμός	basket for carrying corn	0
phortizo	φορτίζω	φορτίζω	to load up, load	0
phortion	φορτίον	φορτίον	load, burden	0
phortoo	φορτόω	φορτόω	to load	0
phorto	φορτῶ	φορτόω	to load	0
phorutos	φορυτός	φορυτός	whatever the wind carries along	0
phoros	φορός	φορός	bringing on one's way, forwarding	0
phoruno	φορύνω	φορύνω	to be mingled	0
phoro	φορώ	φορός	bringing on one's way, forwarding	0
phoron	φορῶν	φορέω	frequentative of φέρω (phérō)	1
phournou	φούρνου	φοῦρνος	oven	0
phournon	φούρνων	φοῦρνος	oven	0
phourno	φούρνῳ	φοῦρνος	oven	0
phoibos	φοῖβος	φοῖβος	pure, bright, radiant	0
phoinix	φοῖνιξ	φοῖνιξ	purple or crimson	0
phou	φοῦ	φοῦ	kind of valerian (Valeriana phu)	0
phourne	φοῦρνε	φοῦρνος	oven	0
phournoi	φοῦρνοι	φοῦρνος	oven	0
phournos	φοῦρνος	φοῦρνος	oven	0
phragma	φράγμα	φράγμα	A fence, a screen, a breastwork	1
phrazein	φράζειν	φράζω	to make known, point out, intimate, show	0
phrazeo	φράζεο	φράζω	to make known, point out, intimate, show	0
phrazeu	φράζευ	φράζω	to make known, point out, intimate, show	0
phrazo	φράζω	φράζω	to make known, point out, intimate, show	0
phraktes	φράκτης	φράκτης	sluice with gates	0
phrasai	φράσαι	φράζω	to make known, point out, intimate, show	0
phrasis	φράσις	φράσις	speech	0
phrasso	φράσσω	φράσσω	to fence in, hedge around, secure, fortify	0
phrater	φράτηρ	φράτηρ	member of a community	0
phrear	φρέαρ	φρέαρ	artificial well	1
phrena	φρένα	φρήν	the midriff, stomach and lower chest or breast	0
phrenas	φρένας	φρήν	the midriff, stomach and lower chest or breast	0
phrene	φρένε	φρήν	the midriff, stomach and lower chest or breast	0
phrenes	φρένες	φρήν	the midriff, stomach and lower chest or breast	0
phrenesi	φρένεσι	φρήν	the midriff, stomach and lower chest or breast	0
phrenion	φρένιον	φρένιον	poppy anemone (Anemone coronaria)	0
phreo	φρέω	φρέω	unattested by itself	0
phren	φρήν	φρήν	the midriff, stomach and lower chest or breast	0
phrike	φρίκη	φρίκη	shuddering, shivering	0
phrix	φρίξ	φρίξ	ruffling	0
phrisso	φρίσσω	φρίσσω	to be rough	0
phragmos	φραγμός	φραγμός	blockage, stoppage, stopping up	1
phrades	φραδής	φραδής	understanding	0
phratria	φρατρία	φρατρία	tribe	1
phreatia	φρεατία	φρεατία	a tank, cistern, or reservoir	0
phreni	φρενί	φρήν	the midriff, stomach and lower chest or breast	0
phrenoin	φρενοῖν	φρήν	the midriff, stomach and lower chest or breast	0
phrenos	φρενός	φρήν	the midriff, stomach and lower chest or breast	0
phrenon	φρενῶν	φρήν	the midriff, stomach and lower chest or breast	0
phresi	φρεσί	φρήν	the midriff, stomach and lower chest or breast	0
phresin	φρεσίν	φρήν	the midriff, stomach and lower chest or breast	0
phriktos	φρικτός	φρικτός	what makes one shudder, abhorrent, awful	0
phroneo	φρονέω	φρονέω	to think, to have understanding, to be wise, prudent	0
phroneon	φρονέων	φρονέω	to think, to have understanding, to be wise, prudent	0
phrontis	φροντίς	φροντίς	thought	0
phroura	φρουρά	φρουρά	the duty of watching, guarding	0
phroure	φρουρέ	φρουρός	watcher	0
phroureo	φρουρέω	φρουρέω	to keep watch, be on guard	0
phrouroi	φρουροί	φρουρός	watcher	0
phrourou	φρουροῦ	φρουρός	watcher	0
phrouron	φρουρόν	φρουρός	watcher	0
phrouros	φρουρός	φρουρός	watcher	0
phrouro	φρουρώ	φρουρός	watcher	0
phroudos	φροῦδος	φροῦδος	gone, fled, departed	0
phruktos	φρυκτός	φρυκτός	roasted	0
phronema	φρόνημα	φρόνημα	mind, spirit	0
phrugo	φρύγω	φρύγω	to roast	0
phrune	φρύνη	φρύνη	toad	0
phue	φυή	φυή	Growth, stature, especially fine growth or noble stature	0
phuen	φυήν	φυή	Growth, stature, especially fine growth or noble stature	0
phuio	φυίω	φύω	to bring forth, produce, generate, cause to grow	0
phugas	φυγάς	φυγάς	one who flees from his or her country	0
phugeein	φυγέειν	φεύγω	to flee, run off, go a certain direction with haste (often w	0
phuge	φυγή	φυγή	flight	0
phugai	φυγαί	φυγή	flight	0
phuggano	φυγγάνω	φεύγω	to flee, run off, go a certain direction with haste (often w	0
phugon	φυγών	φεύγω	to flee, run off, go a certain direction with haste (often w	0
phulasso	φυλάσσω	φυλάσσω	to watch, guard, protect, defend	0
phule	φυλή	φυλή	a union of individuals into a community	1
phulia	φυλία	φυλία	kind of wild olive but distinguished from κότινος (kótinos)	0
phulakeo	φυλακέω	φυλακέω	to guard	0
phulake	φυλακή	φυλακή	detention	0
phullis	φυλλίς	φυλλίς	salad, a food made of a mixture of vegetables	0
phusao	φυσάω	φυσάω	to blow	0
phuseter	φυσητήρ	φυσητήρ	blowpipe or tube, an instrument for blowing	0
phusike	φυσικέ	φυσικός	natural, produced or caused by nature, inborn, native	0
phusike	φυσική	φυσική	natural sciences	0
phusikoi	φυσικοί	φυσικός	natural, produced or caused by nature, inborn, native	0
phusikou	φυσικοῦ	φυσικός	natural, produced or caused by nature, inborn, native	0
phusikon	φυσικόν	φυσικός	natural, produced or caused by nature, inborn, native	0
phusikos	φυσικός	φυσικός	natural, produced or caused by nature, inborn, native	0
phusiko	φυσικῷ	φυσικός	natural, produced or caused by nature, inborn, native	0
phuskon	φυσκών	φυσκών	pot-belly, fatso	0
phuste	φυστή	φυστή	a light pastry, type of barley cake whereof the dough has be	0
phuteuei	φυτεύει	φυτεύω	to plant (place growing thing in soil)	0
phuteuo	φυτεύω	φυτεύω	to plant (place growing thing in soil)	0
phutikos	φυτικός	φυτικός	of or belonging to plants	0
phuton	φυτόν	φυτόν	plant	1
phutos	φυτός	φυτός	natural (which has grown naturally)	0
pholeos	φωλεός	φωλεός	den, lair	0
pholeuo	φωλεύω	φωλεύω	to lurk in a hole or den	0
phonaeis	φωνάεις	φωνήεις	endowed with speech, vocal	0
phoneei	φωνέει	φωνέει	uncontracted third-person singular present active indicative	0
phoneo	φωνέω	φωνέω	to produce a sound or tone	0
phone	φωνή	φωνή	sound	1
phoneeis	φωνήεις	φωνήεις	endowed with speech, vocal	0
phonen	φωνήν	φωνή	sound	1
phonesas	φωνήσας	φωνέω	to produce a sound or tone	0
phonesei	φωνήσει	φωνέω	to produce a sound or tone	0
phoneso	φωνήσω	φωνέω	to produce a sound or tone	0
phonion	φωνίον	φωνή	sound	1
phonis	φωνίς	φωνή	sound	1
phonai	φωναί	φωνή	sound	1
phonais	φωναῖς	φωνή	sound	1
phonei	φωνεῖ	φωνέω	to produce a sound or tone	0
phonein	φωνεῖν	φωνέω	to produce a sound or tone	0
phoneis	φωνεῖς	φωνέω	to produce a sound or tone	0
phoneite	φωνεῖτε	φωνεῖτε	contracted second-person plural present active indicative/im	0
phonoie	φωνοίη	φωνέω	to produce a sound or tone	0
phonoun	φωνοῦν	φωνέω	to produce a sound or tone	0
phonousa	φωνοῦσα	φωνέω	to produce a sound or tone	0
phonousi	φωνοῦσι	φωνέω	to produce a sound or tone	0
phoneen	φωνῆεν	φωνῆεν	the power of speech	0
phonen	φωνῆν	φωνῆεν	the power of speech	0
phones	φωνῆς	φωνήεις	endowed with speech, vocal	0
phono	φωνῶ	φωνέω	to produce a sound or tone	0
phonomen	φωνῶμεν	φωνέω	to produce a sound or tone	0
phonon	φωνῶν	φωνή	sound	1
phonosin	φωνῶσιν	φωνέω	to produce a sound or tone	0
phoros	φωρός	φώρ	a thief	0
phoster	φωστήρ	φωστήρ	that which gives light, as the sun or stars	0
phoboi	φόβοι	φόβος	fear, terror, alarm, fright, panic	1
phoboio	φόβοιο	φόβος	fear, terror, alarm, fright, panic	1
phobois	φόβοις	φόβος	fear, terror, alarm, fright, panic	1
phobon	φόβον	φόβος	fear, terror, alarm, fright, panic	1
phobos	φόβος	φόβος	fear, terror, alarm, fright, panic	1
phobou	φόβου	φόβος	fear, terror, alarm, fright, panic	1
phobous	φόβους	φόβος	fear, terror, alarm, fright, panic	1
phobo	φόβῳ	φόβος	fear, terror, alarm, fright, panic	1
phone	φόνε	φόνος	murder, slaughter	0
phonoi	φόνοι	φόνος	murder, slaughter	0
phonoin	φόνοιν	φόνος	murder, slaughter	0
phonoio	φόνοιο	φόνος	murder, slaughter	0
phonois	φόνοις	φόνος	murder, slaughter	0
phonoisi	φόνοισι	φόνος	murder, slaughter	0
phonoiin	φόνοιϊν	φόνος	murder, slaughter	0
phonon	φόνον	φόνος	murder, slaughter	0
phonos	φόνος	φόνος	murder, slaughter	0
phonou	φόνου	φόνος	murder, slaughter	0
phonous	φόνους	φόνος	murder, slaughter	0
phono	φόνω	φόνος	murder, slaughter	0
phorema	φόρημα	φόρημα	that which is carried, load	0
phoresa	φόρησα	φορέω	frequentative of φέρω (phérō)	1
phoresis	φόρησις	φόρησις	wearing (of clothing)	1
phormigx	φόρμιγξ	φόρμιγξ	lyre	0
phoron	φόρον	φόρος	tribute	0
phoros	φόρος	φόρος	tribute	0
phorou	φόρου	φόρος	tribute	0
phortos	φόρτος	φόρτος	load, freight, cargo	0
phortou	φόρτου	φόρτος	load, freight, cargo	0
phoosde	φόωσδε	φόωσδε	to the light (of day)	0
phugen	φύγεν	φεύγω	to flee, run off, go a certain direction with haste (often w	0
phugoi	φύγοι	φεύγω	to flee, run off, go a certain direction with haste (often w	0
phuge	φύγῃ	φεύγω	to flee, run off, go a certain direction with haste (often w	0
phugesi	φύγῃσι	φεύγω	to flee, run off, go a certain direction with haste (often w	0
phuza	φύζα	φύζα	panicked retreat from battlefield, rout	0
phuzan	φύζαν	φύζα	panicked retreat from battlefield, rout	0
phukeos	φύκεος	φῦκος	seaweed	0
phulax	φύλαξ	φύλαξ	guard	0
phulaxis	φύλαξις	φύλαξις	an act of watching, guarding	1
phulla	φύλλα	φύλλα	foliage	0
phullon	φύλλον	φύλλον	leaf	1
phulopis	φύλοπις	φύλοπις	battle cry	0
phulou	φύλου	φῦλον	a set of people or other beings	1
phulon	φῦλον	φῦλον	a set of people or other beings	1
phuro	φύρω	φύρω	to mix something dry with something wet	0
phus	φύς	φύς	he who has sprung forth/been brought forth, he who has been	0
phusas	φύσας	φύσας	"he who has brought forth/produced/generated/begot, he who h	0
phusis	φύσις	φύσις	origin	1
phuske	φύσκη	φύσκη	large intestine	0
phuteuma	φύτευμα	φύτευμα	that which is planted, plant	0
phutle	φύτλη	φύτλη	stock, generation, race	0
phutor	φύτωρ	φύτωρ	begetter	0
phuo	φύω	φύω	to bring forth, produce, generate, cause to grow	0
phogo	φώγω	φώγω	to roast, toast, parch	0
phokaina	φώκαινα	φώκαινα	porpoise, Delphinus phocaena	0
phoke	φώκη	φώκη	seal (marine animal)	0
phokes	φώκης	φώκη	seal (marine animal)	0
phonema	φώνημα	φώνημα	sound made, utterance	0
phonesen	φώνησεν	φωνέω	to produce a sound or tone	0
phor	φώρ	φώρ	a thief	0
phos	φώς	φώς	man, mortal	0
phosson	φώσσων	φώσσων	coarse linen garment, used in Egypt	0
phar	φᾶρ	φᾶρος	large piece of cloth, web	0
pharos	φᾶρος	φᾶρος	large piece of cloth, web	0
phe	φῆ	φημί	to speak	0
phelos	φῆλος	φῆλος	deceitful	0
phemin	φῆμιν	φῆμις	speech, talk	0
phemis	φῆμις	φῆμις	speech, talk	0
phen	φῆν	φημί	to speak	0
phes	φῆς	φημί	to speak	0
phesai	φῆσαι	φημί	to speak	0
phete	φῆτε	φημί	to speak	0
phi	φῖ	φεῖ	phi, the name for the twenty-first letter Φ, φ of the Ancien	1
phu	φῦ	φύω	to bring forth, produce, generate, cause to grow	0
phukos	φῦκος	φῦκος	seaweed	0
phula	φῦλα	φῦλον	a set of people or other beings	1
phuma	φῦμα	φῦμα	growth, tumor	1
phusa	φῦσα	φῦσα	pair of bellows	0
phusigx	φῦσιγξ	φῦσιγξ	blister on the heel caused by a burn	0
pho	φῶ	φημί	to speak	0
phomen	φῶμεν	φημί	to speak	0
khazeto	χάζετο	χάζομαι	to give way, fall back, retreat	0
khazomai	χάζομαι	χάζομαι	to give way, fall back, retreat	0
khalaza	χάλαζα	χάλαζα	hail	0
khalasis	χάλασις	χάλασις	relaxation, slackening, loosening	0
khalima	χάλιμα	χάλιμα	drunk?	0
khalix	χάλιξ	χάλιξ	small stone, pebble	0
khalis	χάλις	χάλις	pure, unmixed wine	0
khalkea	χάλκεα	χάλκεος	of copper or bronze, brazen	0
khalkeon	χάλκεον	χάλκεος	of copper or bronze, brazen	0
khalkeos	χάλκεος	χάλκεος	of copper or bronze, brazen	0
khalups	χάλυψ	χάλυψ	steel	0
khanne	χάννη	χάννη	comber (Serranus cabrilla)	0
khanoi	χάνοι	χάσκω	to yawn, gape, open wide	0
khanos	χάνος	χάνος	mouth	0
khaos	χάος	χάος	chaos	1
kharagma	χάραγμα	χάραγμα	any engraved, imprinted or branded mark	0
kharax	χάραξ	χάραξ	pointed stake	0
kharin	χάριν	χάριν	as a favor to, for the pleasure of	0
kharis	χάρις	χάρις	beauty, elegance, charm, grace	0
kharisma	χάρισμα	χάρισμα	a favourable disposition towards	1
kharma	χάρμα	χάρμα	source of joy or delight	0
kharme	χάρμη	χάρμη	joy of battle	0
khartes	χάρτης	χάρτης	sheet of paper	0
khasko	χάσκω	χάσκω	to yawn, gape, open wide	0
khasma	χάσμα	χάσμα	hollow, chasm, gulf	1
khasmata	χάσματα	χάσμα	hollow, chasm, gulf	1
kheai	χέαι	χέω	to pour	0
kheei	χέει	χέω	to pour	0
kheein	χέειν	χέειν	uncontracted present active infinitive of χέω (khéō)	0
kheeis	χέεις	χέεις	uncontracted second-person singular present active indicativ	0
khezo	χέζω	χέζω	to defecate, shit	1
kheetai	χέηται	χέηται	uncontracted third-person singular present mediopassive subj	0
khelus	χέλυς	χέλυς	tortoise	0
khennion	χέννιον	χέννιον	quail, salted and eaten by the Egyptians	0
kheointo	χέοιντο	χέω	to pour	0
kheoito	χέοιτο	χέω	to pour	0
kheomen	χέομεν	χέω	to pour	0
kheontai	χέονται	χέω	to pour	0
kheousi	χέουσι	χέω	to pour	0
khera	χέρα	χείρ	hand	1
kherados	χέραδος	χέραδος	silt, debris, gravel and rubbish, brought down by torrents	0
kheras	χέρας	χείρ	hand	1
khere	χέρε	χείρ	hand	1
kheres	χέρες	χείρ	hand	1
kheresi	χέρεσι	χείρ	hand	1
kheresin	χέρεσιν	χείρ	hand	1
kheressi	χέρεσσι	χείρ	hand	1
kherea	χέρηα	χέρηα	weaker, worse, inferior	0
khernips	χέρνιψ	χέρνιψ	water for washing the hands (especially before sacrifices)	0
khersa	χέρσα	χέρσος	dry land (as opposed to sea)	0
kherse	χέρσε	χέρσος	dry land (as opposed to sea)	0
kherson	χέρσον	χέρσος	dry land (as opposed to sea)	0
khersos	χέρσος	χέρσος	dry land (as opposed to sea)	0
khersou	χέρσου	χέρσος	dry land (as opposed to sea)	0
kheo	χέω	χέω	to pour	0
kheon	χέων	χέω	to pour	0
kheosi	χέωσι	χέω	to pour	0
kheosin	χέωσιν	χέω	to pour	0
khee	χέῃ	χέω	to pour	0
kheleuma	χήλευμα	χήλευμα	awl	0
khelinos	χήλινος	χήλινος	netted, plaited	0
kheme	χήμη	χήμη	yawning, gaping	0
khemosis	χήμωσις	χήμωσις	an affection of the eyes, when the cornea swells like a cock	0
khen	χήν	χήν	goose	0
kher	χήρ	χήρ	hedgehog	0
khera	χήρα	χήρα	widow	0
khiasma	χίασμα	χίασμα	crosspiece	1
khilioi	χίλιοι	χίλιοι	thousand	0
khimaira	χίμαιρα	χίμαιρα	a she-goat	0
khimaros	χίμαρος	χίμαρος	a he-goat	0
khainein	χαίνειν	χαίνω	late present of χάσκω (kháskō)	0
khaino	χαίνω	χαίνω	late present of χάσκω (kháskō)	0
khairete	χαίρετε	χαίρετε	hail	0
khairo	χαίρω	χαίρω	to be full of cheer	0
khairon	χαίρων	χαίρω	to be full of cheer	0
khaita	χαίτα	χαίτη	loose, flowing hair	1
khaitas	χαίτας	χαίτη	loose, flowing hair	1
khaite	χαίτη	χαίτη	loose, flowing hair	1
khaites	χαίτης	χαίτη	loose, flowing hair	1
khaganos	χαγᾶνος	χαγᾶνος	khan	0
khalao	χαλάω	χαλάω	to slacken	0
khalepto	χαλέπτω	χαλέπτω	to oppress, crush	0
khalaros	χαλαρός	χαλαρός	slack, loose, supple	0
khalaroo	χαλαρόω	χαλαρόω	to be relaxed in tension	0
khalbane	χαλβάνη	χαλβάνη	galbanum, the resinous juice produced by plants of the genus	0
khalepos	χαλεπός	χαλεπός	difficult, hard	0
khalepos	χαλεπῶς	χαλεπῶς	with difficulty, hardly	0
khalinos	χαλινός	χαλινός	bridle, rein, bit	0
khalkis	χαλκίς	χαλκίς	unknown bird mentioned by Aristotle	0
khalkeus	χαλκεύς	χαλκεύς	coppersmith	0
khalkous	χαλκοῦς	χάλκεος	of copper or bronze, brazen	0
khalkos	χαλκός	χαλκός	copper	0
khamadis	χαμάδις	χαμάδις	to the ground	0
khamai	χαμαί	χαμαί	on the earth, near the ground	0
khameune	χαμεύνη	χαμεύνη	bed on the ground, pallet-bed	0
khamelos	χαμηλός	χαμηλός	low on the ground	0
khamaze	χαμᾶζε	χαμᾶζε	to the ground	0
khandano	χανδάνω	χανδάνω	to take in, hold, comprise, contain	0
khandos	χανδός	χανδός	yawning, roomy	0
khara	χαρά	χαρά	joy	0
kharadra	χαράδρα	χαράδρα	torrent, mountain stream	0
kharasso	χαράσσω	χαράσσω	to sharpen	0
kharieis	χαρίεις	χαρίεις	graceful	0
kharitoo	χαριτόω	χαριτόω	to show grace to, to bestow favor on or upon	0
kharopos	χαροπός	χαροπός	amber (color)	0
khatizo	χατίζω	χατίζω	to have need of, crave, lack	0
khatizon	χατίζων	χατίζων	needy, in want, poor	0
khauon	χαυών	χαυών	kind of cake	0
khaoo	χαόω	χαόω	to destroy utterly, swallow up	0
khaios	χαῖος	χαῖος	shepherd's staff or crook	0
khaire	χαῖρε	χαῖρε	hail	0
khaitai	χαῖται	χαίτη	loose, flowing hair	1
khaunos	χαῦνος	χαῦνος	porous, spongy	0
kheeto	χεέτω	χεέτω	uncontracted third-person singular present active imperative	0
kheilea	χείλεα	χεῖλος	lip	0
kheile	χείλη	χεῖλος	lip	0
kheilous	χείλους	χεῖλος	lip	0
kheir	χείρ	χείρ	hand	1
kheiresi	χείρεσι	χείρ	hand	1
kheirous	χείρους	χείρων	worse in quality, inferior	0
kheiron	χείρων	χείρων	worse in quality, inferior	0
kheito	χείτω	χέω	to pour	0
khedropa	χεδροπά	χεδροπά	pulse, leguminous fruits	0
kheileon	χειλέων	χεῖλος	lip	0
kheilon	χειλῶν	χεῖλος	lip	0
kheimon	χειμών	χειμών	winter	0
kheimona	χειμῶνα	χειμών	winter	0
kheimoni	χειμῶνι	χειμών	winter	0
kheimosi	χειμῶσι	χειμών	winter	0
kheiri	χειρί	χείρ	hand	1
kheiroin	χειροῖν	χείρ	hand	1
kheirsi	χειρσί	χείρ	hand	1
kheirsin	χειρσίν	χείρ	hand	1
kheiros	χειρός	χείρ	hand	1
kheiron	χειρῶν	χείρ	hand	1
khelidon	χελιδών	χελιδών	the swallow	0
khelona	χελώνα	χελώνη	tortoise	1
khelone	χελώνη	χελώνη	tortoise	1
kheri	χερί	χείρ	hand	1
khermas	χερμάς	χερμάς	large pebble or stone, especially for throwing or slinging	0
kheroub	χερούβ	χερούβ	cherub	1
kheroin	χεροῖν	χείρ	hand	1
kheroiin	χεροῖϊν	χείρ	hand	1
khersi	χερσί	χείρ	hand	1
khersin	χερσίν	χείρ	hand	1
kheros	χερός	χείρ	hand	1
kheron	χερῶν	χείρ	hand	1
kheseio	χεσείω	χέζω	to defecate, shit	1
kheuo	χεύω	χέω	to pour	0
khei	χεῖ	χεῖ	chi, the name for the twenty-second letter Χ, χ of the Ancie	1
kheilos	χεῖλος	χεῖλος	lip	0
kheima	χεῖμα	χεῖμα	winter	0
khein	χεῖν	χέω	to pour	0
kheira	χεῖρα	χείρ	hand	1
kheiras	χεῖρας	χείρ	hand	1
kheire	χεῖρε	χείρ	hand	1
kheires	χεῖρες	χείρ	hand	1
kheiron	χεῖρον	χεῖρον	worse	0
kheis	χεῖς	χέω	to pour	0
kheitai	χεῖται	χέω	to pour	0
kheite	χεῖτε	χέω	to pour	0
kheua	χεῦα	χέω	to pour	0
kheuai	χεῦαι	χέω	to pour	0
kheue	χεῦε	χέω	to pour	0
kheuen	χεῦεν	χέω	to pour	0
khele	χηλή	χηλή	hoof	1
khelen	χηλήν	χηλή	hoof	1
khelos	χηλός	χηλός	large chest, coffer	0
kheramos	χηραμός	χηραμός	hole, cleft, slit, hollow	0
khthes	χθές	χθές	yesterday	0
khthizos	χθιζός	χθιζός	of yesterday	0
khthoni	χθονί	χθών	ground, soil, surface of the earth	0
khthonio	χθονίω	χθόνιος	underground, subterranean, chthonian	1
khthonia	χθονίᾳ	χθόνιος	underground, subterranean, chthonian	1
khthonos	χθονός	χθών	ground, soil, surface of the earth	0
khthona	χθόνα	χθών	ground, soil, surface of the earth	0
khthon	χθών	χθών	ground, soil, surface of the earth	0
khiazo	χιάζω	χιάζω	to behave like a Chian	0
khiasmos	χιασμός	χιασμός	placing crosswise	0
khilias	χιλιάς	χιλιάς	1000, the number one thousand	1
khiloter	χιλωτήρ	χιλωτήρ	nosebag for cattle or horses	0
khilos	χιλός	χιλός	green fodder for cattle, forage, provender	0
khimarou	χιμάρου	χίμαρος	a he-goat	0
khiton	χιτών	χιτών	tunic	1
khitona	χιτῶνα	χιτών	tunic	1
khitone	χιτῶνε	χιτών	tunic	1
khitoni	χιτῶνι	χιτών	tunic	1
khion	χιών	χιών	snow	0
khlamus	χλαμύς	χλαμύς	cloak	0
khlaina	χλαῖνα	χλαῖνα	outer garment also used as blanket	0
khlainai	χλαῖναι	χλαῖνα	outer garment also used as blanket	0
khleuazo	χλευάζω	χλευάζω	to jest, scoff, jeer, treat scornfully	0
khleue	χλεύη	χλεύη	joke, jest	0
khleues	χλεύης	χλεύη	joke, jest	0
khliaino	χλιαίνω	χλιαίνω	to warm, warm up	0
khliaros	χλιαρός	χλιαρός	lukewarm, tepid	0
khlounes	χλούνης	χλούνης	A wild boar described as τομίας (tomías, “castrated”), μονιό	0
khlora	χλωρά	χλωρός	greenish-yellow, pale green (color/colour)	1
khloris	χλωρίς	χλωρίς	greenfinch (Chloris chloris)	0
khloron	χλωρόν	χλωρός	greenish-yellow, pale green (color/colour)	1
khloros	χλωρός	χλωρός	greenish-yellow, pale green (color/colour)	1
khloe	χλόη	χλόη	A new green shoot in the spring	0
khloes	χλόης	χλόη	A new green shoot in the spring	0
khnauo	χναύω	χναύω	to gnaw off, nibble	0
khnauma	χναῦμα	χναῦμα	slice, tidbit, morsel	0
khnoe	χνόη	χνόη	nave, hub, the cylindrical central part of a wheel	0
khnoos	χνόος	χνόος	incrustation from salt water	0
khoane	χοάνη	χοάνη	funnel (for pouring liquids)	1
kholas	χολάς	χολάς	abdominal cavity	0
kholera	χολέρα	χολέρα	cholera, a disease in which the humors of the body are viole	0
khole	χολή	χολή	gall, bile	0
kholen	χολήν	χολή	gall, bile	0
kholai	χολαί	χολή	gall, bile	0
kholais	χολαῖς	χολή	gall, bile	0
kholotos	χολωτός	χολωτός	angry, wrathful	0
kholoo	χολόω	χολόω	to anger, provoke	0
kholes	χολῆς	χολή	gall, bile	0
kholon	χολῶν	χολή	gall, bile	0
khondros	χονδρός	χονδρός	granular, coarse	0
khoragos	χοραγός	χορηγός	a chorus leader, who could enter the story as a character ab	1
khorde	χορδή	χορδή	guts, intestines, tripe	0
khoreia	χορεία	χορεία	dance, especially choral dance with music	1
khoreuso	χορεύσω	χορεύω	to dance in a round or choral dance	0
khoreuo	χορεύω	χορεύω	to dance in a round or choral dance	0
khoregeo	χορηγέω	χορηγέω	to lead a chorus	0
khoregos	χορηγός	χορηγός	a chorus leader, who could enter the story as a character ab	1
khortazo	χορτάζω	χορτάζω	to feed, fatten	0
khoron	χορόν	χορός	dance ring	0
khoros	χορός	χορός	dance ring	0
khoikos	χοϊκός	χοϊκός	earthen, made of earth	0
khoos	χοός	χοῦς	measure of capacity correspondent to 12 cotylae	1
khoinix	χοῖνιξ	χοῖνιξ	choenix (a dry measure for corn)	1
khoiros	χοῖρος	χοῖρος	a pig, especially a young one	0
khous	χοῦς	χοῦς	measure of capacity correspondent to 12 cotylae	1
khraomai	χράομαι	χράομαι	desire, yearn after	0
khrao	χράω	χράω	to fall upon, attack, assail	0
khremma	χρέμμα	χρέμμα	spittle, expectoration	0
khremps	χρέμψ	χρέμψ	kind of fish mentioned by Aristotle	0
khreos	χρέος	χρέος	want, need	0
khreous	χρέους	χρέος	want, need	0
khre	χρή	χρή	have to	0
khremata	χρήματα	χρῆμα	need	0
khreseis	χρήσεις	χράω	to fall upon, attack, assail	0
khrisas	χρίσας	χρίω	to rub or smear (especially the body) with oil or unguents	0
khrio	χρίω	χρίω	to rub or smear (especially the body) with oil or unguents	0
khrauo	χραύω	χραύω	to graze, scratch, wound lightly	0
khreia	χρεία	χρεία	need, want, necessity	0
khreio	χρειώ	χρεώ	want, need, necessity	0
khreo	χρεώ	χρεώ	want, need, necessity	0
khreon	χρεών	χρεών	need, necessity	0
khreios	χρεῖος	χρέος	want, need	0
khreon	χρεῶν	χρέος	want, need	0
khresmos	χρησμός	χρησμός	oracle, prophecy	0
khresta	χρηστά	χρηστός	good, useful	0
khrestas	χρηστάς	χρηστός	good, useful	0
khreste	χρηστέ	χρηστός	good, useful	0
khresten	χρηστήν	χρηστός	good, useful	0
khrestai	χρησταί	χρηστός	good, useful	0
khrestoi	χρηστοί	χρηστός	good, useful	0
khrestou	χρηστοῦ	χρηστός	good, useful	0
khreston	χρηστόν	χρηστός	good, useful	0
khrestos	χρηστός	χρηστός	good, useful	0
khresto	χρηστώ	χρηστός	good, useful	0
khrestes	χρηστῆς	χρηστός	good, useful	0
khrismos	χρισμός	χρισμός	anointing	0
khristos	χριστός	χριστός	rubbed, smeared, coated	0
khroi	χροΐ	χρώς	skin, flesh	1
khronizo	χρονίζω	χρονίζω	to spend time	0
khrooin	χροοῖν	χρώς	skin, flesh	1
khrooiin	χροοῖϊν	χρώς	skin, flesh	1
khrosi	χροσί	χρώς	skin, flesh	1
khrosin	χροσίν	χρώς	skin, flesh	1
khroos	χροός	χρώς	skin, flesh	1
khroon	χροῶν	χρώς	skin, flesh	1
khrusion	χρυσίον	χρυσίον	a piece of gold	0
khrusos	χρυσός	χρυσός	gold (substance)	0
khrusops	χρυσώψ	χρυσώψ	Gold-colored, shining like gold	0
khroti	χρωτί	χρώς	skin, flesh	1
khrotoin	χρωτοῖν	χρώς	skin, flesh	1
khrotos	χρωτός	χρώς	skin, flesh	1
khroton	χρωτῶν	χρώς	skin, flesh	1
khroa	χρόα	χρώς	skin, flesh	1
khroas	χρόας	χρώς	skin, flesh	1
khroe	χρόε	χρώς	skin, flesh	1
khroes	χρόες	χρώς	skin, flesh	1
khroessi	χρόεσσι	χρώς	skin, flesh	1
khromos	χρόμος	χρόμος	crashing sound	0
khrone	χρόνε	χρόνος	time (in the abstract sense)	1
khronios	χρόνιος	χρόνιος	after a long time, late	1
khronoi	χρόνοι	χρόνος	time (in the abstract sense)	1
khronoin	χρόνοιν	χρόνος	time (in the abstract sense)	1
khronois	χρόνοις	χρόνος	time (in the abstract sense)	1
khronon	χρόνον	χρόνος	time (in the abstract sense)	1
khronos	χρόνος	χρόνος	time (in the abstract sense)	1
khronou	χρόνου	χρόνος	time (in the abstract sense)	1
khronous	χρόνους	χρόνος	time (in the abstract sense)	1
khrono	χρόνω	χρόνος	time (in the abstract sense)	1
khrono	χρόνῳ	χρόνῳ	eventually	0
khros	χρώς	χρώς	skin, flesh	1
khruseos	χρύσεος	χρύσεος	golden	0
khromata	χρώματα	χρῶμα	skin (esp	1
khrotesi	χρώτεσι	χρώς	skin, flesh	1
khroto	χρώτῳ	χρώτῳ	a textual error for πρώτῳ (prṓtōi)	0
khrezo	χρῄζω	χρῄζω	to need, lack, desire	0
khrema	χρῆμα	χρῆμα	need	0
khren	χρῆν	χρή	have to	0
khrenai	χρῆναι	χρή	have to	0
khresthe	χρῆσθε	χράομαι	desire, yearn after	0
khresis	χρῆσις	χρῆσις	use, usage, employment	0
khretai	χρῆται	χράομαι	desire, yearn after	0
khrima	χρῖμα	χρῖμα	ointment, unguent, oil	0
khrisan	χρῖσαν	χρίω	to rub or smear (especially the body) with oil or unguents	0
khrisis	χρῖσις	χρῖσις	smearing, rubbing, application (of oil, unguents, or similar	0
khrisma	χρῖσμα	χρῖσμα	ointment, unguent, oil	1
khroma	χρῶμα	χρῶμα	skin (esp	1
khrontai	χρῶνται	χράω	to fall upon, attack, assail	0
khrota	χρῶτα	χρώς	skin, flesh	1
khrotas	χρῶτας	χρώς	skin, flesh	1
khrote	χρῶτε	χρώς	skin, flesh	1
khrotes	χρῶτες	χρώς	skin, flesh	1
khro	χρῷ	χρώς	skin, flesh	1
khudaios	χυδαῖος	χυδαῖος	poured forth copiously, abundant	0
khulos	χυλός	χυλός	juice	1
khumeia	χυμεία	χυμεία	art of alloying metals, alchemy	0
khumos	χυμός	χυμός	juice of plants	0
khutos	χυτός	χυτός	poured, shed	0
kholos	χωλός	χωλός	lame, halting, limping	0
khomaton	χωμάτων	χῶμα	earth thrown up, a bank, mound	0
khoreo	χωρέω	χωρέω	to withdraw	0
khoresas	χωρήσας	χωρέω	to withdraw	0
khoresei	χωρήσει	χωρέω	to withdraw	0
khorizo	χωρίζω	χωρίζω	to separate, divide	0
khorion	χωρίον	χωρίον	place, spot, site	0
khoris	χωρίς	χωρίς	separately, differently	0
khorousi	χωροῦσι	χωρέω	to withdraw	0
khorosi	χωρῶσι	χωρέω	to withdraw	0
khoanos	χόανος	χόανος	melting pot, crucible	0
khodanos	χόδανος	χόδανος	butt, buttocks	0
kholix	χόλιξ	χόλιξ	guts or bowels of oxen	0
kholoio	χόλοιο	χόλος	gall, bile	0
kholon	χόλον	χόλος	gall, bile	0
kholos	χόλος	χόλος	gall, bile	0
kholou	χόλου	χόλος	gall, bile	0
kholo	χόλῳ	χόλος	gall, bile	0
khondros	χόνδρος	χόνδρος	a small rounded mass	1
khorion	χόριον	χόριον	afterbirth, placenta	1
khortos	χόρτος	χόρτος	feeding place for animals, barn, pasture	0
khortou	χόρτου	χόρτος	feeding place for animals, barn, pasture	0
khoo	χόω	χόω	to throw or heap up	0
khuden	χύδην	χύδην	as if poured out	0
khuma	χύμα	χύμα	that which is poured out or flows, fluid	0
khusis	χύσις	χύσις	shedding, pouring out forth	0
khutlon	χύτλον	χύτλον	anything that can be poured, liquid, fluid	0
khuto	χύτο	χέω	to pour	0
khutra	χύτρα	χύτρα	an earthen pot, pot for boiling, pipkin	1
khoomai	χώομαι	χώομαι	to be agitated, troubled, angered	0
khora	χώρα	χώρα	location, place, spot (see Latin locus)	1
khorou	χώρου	χῶρος	space, room, place (in which a thing is)	0
khorous	χώρους	χῶρος	space, room, place (in which a thing is)	0
khoron	χώρων	χῶρος	space, room, place (in which a thing is)	0
khoro	χώρῳ	χῶρος	space, room, place (in which a thing is)	0
khi	χῖ	χεῖ	chi, the name for the twenty-second letter Χ, χ of the Ancie	1
khidron	χῖδρον	χῖδρον	unripe wheaten groats, rubbed from the ear in the hands	0
khoma	χῶμα	χῶμα	earth thrown up, a bank, mound	0
khoros	χῶρος	χῶρος	space, room, place (in which a thing is)	0
khosis	χῶσις	χῶσις	a heaping up (e	0
psagdas	ψάγδας	ψάγδας	A kind of ointment used in Egypt	0
psagios	ψάγιος	ψάγιος	oblique, askew	0
psadda	ψάδδα	ψάδδα	cinnabar	0
psakalon	ψάκαλον	ψάκαλον	new-born animal	0
psalion	ψάλιον	ψάλιον	curb chain	0
psallo	ψάλλω	ψάλλω	to touch sharply	0
psalma	ψάλμα	ψάλμα	tune played on a stringed instrument	0
psaltigx	ψάλτιγξ	ψάλτιγξ	lyre	0
psammos	ψάμμος	ψάμμος	sand	0
psar	ψάρ	ψάρ	starling (Sturnus vulgaris)	0
psao	ψάω	ψάω	to touch lightly	0
psego	ψέγω	ψέγω	to blame, chide	0
pselion	ψέλιον	ψέλιον	armlet, anklet, ornament worn by the Persians	0
psellion	ψέλλιον	ψέλιον	armlet, anklet, ornament worn by the Persians	0
psephas	ψέφας	ψέφας	gloom, darkness	0
psektra	ψήκτρα	ψήκτρα	currycomb for horses	0
psen	ψήν	ψήν	gall wasp (insect of the family Cynipidae)	0
pser	ψήρ	ψάρ	starling (Sturnus vulgaris)	0
psesas	ψήσας	ἕψω	to boil, seethe	0
psephou	ψήφου	ψῆφος	a pebble	1
psephous	ψήφους	ψῆφος	a pebble	1
psephon	ψήφων	ψῆφος	a pebble	1
psepho	ψήφῳ	ψῆφος	a pebble	1
psekho	ψήχω	ψήχω	to rub down, curry a horse	0
psiathos	ψίαθος	ψίαθος	mat made of rush used for sleeping on	0
psithios	ψίθιος	ψίθιος	epithet of a kind of grape	0
psilosis	ψίλωσις	ψίλωσις	a stripping bare (of flesh, hair, leaves, etc	1
psix	ψίξ	ψίξ	crumb	0
psikhai	ψίχαι	ψίξ	crumb	0
psakas	ψακάς	ψακάς	raindrop	0
psalis	ψαλίς	ψαλίς	scissors, shears	0
psalmos	ψαλμός	ψαλμός	twitching or twanging with the fingers	0
psalon	ψαλόν	ψαλόν	a kind of bridle, a curb chain	0
psaros	ψαρός	ψαρός	speckled, dappled, like a starling	0
psausma	ψαῦσμα	ψαῦσμα	touch, caress	0
psednos	ψεδνός	ψεδνός	thin, spare, scanty	0
psekas	ψεκάς	ψακάς	raindrop	0
psellos	ψελλός	ψελλός	faltering in speech, like a child	0
pseudea	ψευδέα	ψευδής	lying, false, untrue	0
pseudes	ψευδής	ψευδής	lying, false, untrue	0
pseudesi	ψευδέσι	ψευδής	lying, false, untrue	0
pseudeon	ψευδέων	ψευδής	lying, false, untrue	0
pseudei	ψευδεῖ	ψευδής	lying, false, untrue	0
pseudeis	ψευδεῖς	ψευδής	lying, false, untrue	0
pseudoin	ψευδοῖν	ψευδής	lying, false, untrue	0
pseudous	ψευδοῦς	ψευδής	lying, false, untrue	0
pseude	ψευδῆ	ψευδής	lying, false, untrue	0
pseudon	ψευδῶν	ψευδής	lying, false, untrue	0
pseudei	ψεύδει	ψεῦδος	a falsehood, a lie, a figment	0
pseudesi	ψεύδεσι	ψεῦδος	a falsehood, a lie, a figment	0
pseude	ψεύδη	ψεῦδος	a falsehood, a lie, a figment	0
pseudous	ψεύδους	ψεῦδος	a falsehood, a lie, a figment	0
pseudo	ψεύδω	ψεύδω	to lie, deceive	0
pseustes	ψεύστης	ψεύστης	liar, cheat	0
psei	ψεῖ	ψεῖ	psi, the name for the twenty-third letter Ψ, ψ of the Ancien	1
pseudos	ψεῦδος	ψεῦδος	a falsehood, a lie, a figment	0
psephizo	ψηφίζω	ψηφίζω	to count or reckon, properly with pebbles	0
psephion	ψηφίον	ψηφίον	small pebble, (piece of) gravel	0
psias	ψιάς	ψιάς	drop	0
psile	ψιλή	ψιλή	smooth breathing (diacritical mark indicating a lack of aspi	1
psilon	ψιλόν	ψιλόν	light soldier (lightly-armed soldier)	0
psilos	ψιλός	ψιλός	naked, bare	0
psilotes	ψιλότης	ψιλότης	bareness	0
psiloo	ψιλόω	ψιλόω	to strip (something) bare, especially	0
psoithos	ψοιθός	ψοιθός	ash-coloured, dun	0
psudnos	ψυδνός	ψυδρός	false, lying, untrue	0
psudros	ψυδρός	ψυδρός	false, lying, untrue	0
psukter	ψυκτήρ	ψυκτήρ	wine cooler	1
psuktika	ψυκτικά	ψυκτικός	cooling	0
psuktike	ψυκτικέ	ψυκτικός	cooling	0
psukhe	ψυχή	ψυχή	The animating principle of a human or animal body, vital spi	0
psukhros	ψυχρός	ψυχρός	cold	0
pskhent	ψχέντ	ψχέντ	pschent (double crown of ancient Egypt)	1
psole	ψωλή	ψωλή	penis with the foreskin drawn back (cf	0
psolos	ψωλός	ψωλός	a man whose foreskin is retracted	0
psomion	ψωμίον	ψωμίον	small morsel	0
psomoi	ψωμοί	ψωμός	morsel, bit	0
psomous	ψωμούς	ψωμός	morsel, bit	0
psomois	ψωμοῖς	ψωμός	morsel, bit	0
psomou	ψωμοῦ	ψωμός	morsel, bit	0
psomon	ψωμόν	ψωμός	morsel, bit	0
psomos	ψωμός	ψωμός	morsel, bit	0
psomo	ψωμῷ	ψωμός	morsel, bit	0
psoros	ψωρός	ψωρός	itchy, scabby, mangy	0
psokhos	ψωχός	ψωχός	sandy	0
pso	ψό	ψό	exclamation of disgust or contempt	0
psoa	ψόα	ψόα	muscles of the loins	1
psogon	ψόγον	ψόγος	blame, criticism	0
psogos	ψόγος	ψόγος	blame, criticism	0
psothos	ψόθος	ψόθος	uncleanness, foulness	0
psolos	ψόλος	ψόλος	soot, smoke	0
psophe	ψόφε	ψόφος	clattering	0
psophoi	ψόφοι	ψόφος	clattering	0
psophoin	ψόφοιν	ψόφος	clattering	0
psophois	ψόφοις	ψόφος	clattering	0
psophon	ψόφον	ψόφος	clattering	0
psophos	ψόφος	ψόφος	clattering	0
psophou	ψόφου	ψόφος	clattering	0
psophous	ψόφους	ψόφος	clattering	0
psopho	ψόφω	ψόφος	clattering	0
psuthos	ψύθος	ψύθος	lie, untruth	0
psulla	ψύλλα	ψύλλα	flea	0
psullion	ψύλλιον	ψύλλιον	fleawort (Plantago psyllium)	0
psukheos	ψύχεος	ψῦχος	cold	0
psukho	ψύχω	ψύχω	to breathe	0
psora	ψώρα	ψώρα	itch	1
psegma	ψῆγμα	ψῆγμα	that which is rubbed or scraped off, shavings, scrapings, ch	0
psen	ψῆν	ψάω	to touch lightly	0
psenas	ψῆνας	ψήν	gall wasp (insect of the family Cynipidae)	0
psenes	ψῆνες	ψήν	gall wasp (insect of the family Cynipidae)	0
psetta	ψῆττα	ψῆττα	kind of flatfish, perhaps the turbot (Scophthalmus maximus)	0
psephe	ψῆφε	ψῆφος	a pebble	1
psephoi	ψῆφοι	ψῆφος	a pebble	1
psephos	ψῆφος	ψῆφος	a pebble	1
psi	ψῖ	ψεῖ	psi, the name for the twenty-third letter Ψ, ψ of the Ancien	1
psikhes	ψῖχες	ψίξ	crumb	0
psugma	ψῦγμα	ψῦγμα	a means of cooling	0
psuxis	ψῦξις	ψῦξις	A cooling, a chilling	0
psukhos	ψῦχος	ψῦχος	cold	0
qoppa	ϙόππα	κόππα	Koppa, an archaic letter of the Ancient Greek alphabet ⟨Ϙ, ϙ	0
qora	ϙόρα	κόρη	girl, young woman, maiden	1
wex	ϝέξ	ἕξ	six	1
wepos	ϝέπος	ἔπος	something spoken	1
werro	ϝέρρω	ἔρρω	to go slowly, to limp	0
wekho	ϝέχω	ϝέχω	to bear, carry, bring	0
wau	ϝαῦ	ϝαῦ	wau (the letter Ϝ, later called δίγαμμα (dígamma))	1
wedimnos	ϝεδιμνος	μέδιμνος	corn measure, bushel	1
woikos	ϝοῖκος	οἶκος	dwelling place, settlement, house	0
woinos	ϝοῖνος	οἶνος	wine (alcoholic beverage)	1
aidelos	ἀΐδηλος	ἀΐδηλος	destructive	0
aidios	ἀΐδιος	ἀΐδιος	timeless, eternal	0
aisso	ἀΐσσω	ἀΐσσω	to move quickly, dart, shoot	0
aio	ἀΐω	ἀΐω	to perceive	0
aaei	ἀάει	ἀάω	to mislead	0
aaesthai	ἀάεσθαι	ἀάω	to mislead	0
aaesthon	ἀάεσθον	ἀάω	to mislead	0
aaetai	ἀάεται	ἀάω	to mislead	0
aaesthe	ἀάησθε	ἀάω	to mislead	0
aantha	ἀάνθα	ἀάνθα	a kind of earring	0
aaointo	ἀάοιντο	ἀάω	to mislead	0
aaoio	ἀάοιο	ἀάω	to mislead	0
aaoisthe	ἀάοισθε	ἀάω	to mislead	0
aaoito	ἀάοιτο	ἀάω	to mislead	0
aaomai	ἀάομαι	ἀάω	to mislead	0
aaontai	ἀάονται	ἀάω	to mislead	0
aaou	ἀάου	ἀάω	to mislead	0
aasai	ἀάσαι	ἀάω	to mislead	0
aasaien	ἀάσαιεν	ἀάω	to mislead	0
aasaimen	ἀάσαιμεν	ἀάω	to mislead	0
aasaimi	ἀάσαιμι	ἀάω	to mislead	0
aasainto	ἀάσαιντο	ἀάω	to mislead	0
aasaio	ἀάσαιο	ἀάω	to mislead	0
aasais	ἀάσαις	ἀάω	to mislead	0
aasaite	ἀάσαιτε	ἀάω	to mislead	0
aasaito	ἀάσαιτο	ἀάω	to mislead	0
aasaiton	ἀάσαιτον	ἀάω	to mislead	0
aasamen	ἀάσαμεν	ἀάω	to mislead	0
aasanto	ἀάσαντο	ἀάω	to mislead	0
aasas	ἀάσας	ἀάω	to mislead	0
aasato	ἀάσατο	ἀάω	to mislead	0
aaseian	ἀάσειαν	ἀάω	to mislead	0
aaseias	ἀάσειας	ἀάω	to mislead	0
aaseie	ἀάσειε	ἀάω	to mislead	0
aasesthe	ἀάσησθε	ἀάω	to mislead	0
aasetai	ἀάσηται	ἀάω	to mislead	0
aasete	ἀάσητε	ἀάω	to mislead	0
aaseton	ἀάσητον	ἀάω	to mislead	0
aasthe	ἀάσθη	ἀάω	to mislead	0
aasthen	ἀάσθην	ἀάω	to mislead	0
aasthes	ἀάσθης	ἀάω	to mislead	0
aastheti	ἀάσθητι	ἀάω	to mislead	0
aastho	ἀάσθω	ἀάω	to mislead	0
aasthon	ἀάσθων	ἀάω	to mislead	0
aaso	ἀάσω	ἀάω	to mislead	0
aasomai	ἀάσωμαι	ἀάω	to mislead	0
aasomen	ἀάσωμεν	ἀάω	to mislead	0
aasontai	ἀάσωνται	ἀάω	to mislead	0
aasosi	ἀάσωσι	ἀάω	to mislead	0
aase	ἀάσῃ	ἀάω	to mislead	0
aases	ἀάσῃς	ἀάω	to mislead	0
aao	ἀάω	ἀάω	to mislead	0
aae	ἀάῃ	ἀάω	to mislead	0
aethlion	ἀέθλιον	ἀέθλιος	gaining the prize, running for the prize	0
aethlios	ἀέθλιος	ἀέθλιος	gaining the prize, running for the prize	0
aeketi	ἀέκητι	ἀέκητι	against the will of	0
aexo	ἀέξω	αὐξάνω	to make grow, increase	0
aerinos	ἀέρινος	ἀέρινος	of or pertaining to air, like air, aerial	0
aerios	ἀέριος	ἀέριος	in the mist or thick air of morning	1
aerro	ἀέρρω	ἀείρω	to lift up, raise, support	0
aetheia	ἀήθεια	ἀήθεια	unaccustomedness	0
aethes	ἀήθης	ἀήθης	unusual	0
aer	ἀήρ	ἀήρ	mist	1
aessetos	ἀήσσητος	ἀήσσητος	undefeated	0
aetes	ἀήτης	ἀήτης	blast, gale	0
ausas	ἀΰσας	αὔω	to shout, call	0
aaestho	ἀαέσθω	ἀάω	to mislead	0
aages	ἀαγής	ἀαγής	unbreakable	0
aaoimen	ἀαοίμην	ἀάω	to mislead	0
aasanton	ἀασάντων	ἀάω	to mislead	0
aasastho	ἀασάσθω	ἀάω	to mislead	0
aasaten	ἀασάτην	ἀάω	to mislead	0
aasaton	ἀασάτων	ἀάω	to mislead	0
aasaiten	ἀασαίτην	ἀάω	to mislead	0
aastheto	ἀασθήτω	ἀάω	to mislead	0
aastheie	ἀασθείη	ἀάω	to mislead	0
aastheis	ἀασθείς	ἀάω	to mislead	0
aasthete	ἀασθῆτε	ἀάω	to mislead	0
aasthosi	ἀασθῶσι	ἀάω	to mislead	0
aaometha	ἀαόμεθα	ἀάω	to mislead	0
aaomenos	ἀαόμενος	ἀάω	to mislead	0
abessei	ἀβέσσει	ἀβέσσει	to yearn for	0
aberei	ἀβήρει	ἀβήρει	to sing	0
abades	ἀβαδής	ἀβαδής	indomitable	0
abares	ἀβαρής	ἀβαρής	without weight, weightless	0
abba	ἀββα	ἀββα	father	0
abbas	ἀββᾶς	ἀββα	father	0
ablabes	ἀβλαβής	ἀβλαβής	unharmed, unhurt, secure	0
ablepsia	ἀβλεψία	ἀβλεψία	blindness	0
aboulia	ἀβουλία	ἀβουλία	ill-advisedness, thoughtlessness	1
abramis	ἀβραμίς	ἀβραμίς	a kind of mullet salted in Egypt	0
abrotoin	ἀβρότοιν	ἄβροτος	immortal	0
abrotois	ἀβρότοις	ἄβροτος	immortal	0
abrotou	ἀβρότου	ἄβροτος	immortal	0
abrotous	ἀβρότους	ἄβροτος	immortal	0
abroto	ἀβρότω	ἄβροτος	immortal	0
abroton	ἀβρότων	ἄβροτος	immortal	0
aburtake	ἀβυρτάκη	ἀβυρτάκη	sour sauce of leeks, cress and pomegranate seeds	0
abussou	ἀβύσσου	ἄβυσσος	bottomless, boundless	0
abusso	ἀβύσσῳ	ἄβυσσος	bottomless, boundless	0
agapa	ἀγάπα	ἀγαπάω	to show affection for the dead	0
agapae	ἀγάπαε	ἀγαπάω	to show affection for the dead	0
agape	ἀγάπη	ἀγάπη	love, affection, esteem	1
agapes	ἀγάπης	ἀγάπη	love, affection, esteem	1
agapesai	ἀγάπησαι	ἀγαπάω	to show affection for the dead	0
agapeson	ἀγάπησον	ἀγαπάω	to show affection for the dead	0
agele	ἀγέλη	ἀγέλη	herd	0
agelen	ἀγέλην	ἀγέλη	herd	0
agemen	ἀγέμεν	ἄγω	to lead, fetch, bring along (a living creature), take with	0
ageretai	ἀγέρηται	ἀγείρω	to collect, gather	0
agerthe	ἀγέρθη	ἀγείρω	to collect, gather	0
agereti	ἀγέρθητι	ἀγείρω	to collect, gather	0
ageronto	ἀγέροντο	ἀγείρω	to collect, gather	0
agerro	ἀγέρρω	ἀγείρω	to collect, gather	0
agere	ἀγέρῃ	ἀγείρω	to collect, gather	0
agetes	ἀγέτης	ἡγέτης	leader	0
agegerso	ἀγήγερσο	ἀγείρω	to collect, gather	0
agegerto	ἀγήγερτο	ἀγείρω	to collect, gather	0
agenoras	ἀγήνορας	ἀγήνωρ	manly	0
agenor	ἀγήνωρ	ἀγήνωρ	manly	0
agagein	ἀγαγεῖν	ἄγω	to lead, fetch, bring along (a living creature), take with	0
agathis	ἀγαθίς	ἀγαθίς	ball of thread, clew	0
agathos	ἀγαθός	ἀγαθός	good	0
agallia	ἀγαλλία	ἀγαλλιάω	to be overjoyed, to rejoice	0
agalliae	ἀγαλλίαε	ἀγαλλιάω	to be overjoyed, to rejoice	0
agallis	ἀγαλλίς	ἀγαλλίς	Greek iris (Iris attica)	0
agalliao	ἀγαλλιάω	ἀγαλλιάω	to be overjoyed, to rejoice	0
agallian	ἀγαλλιᾶν	ἀγαλλιάω	to be overjoyed, to rejoice	0
agallias	ἀγαλλιᾷς	ἀγαλλιάω	to be overjoyed, to rejoice	0
agallioe	ἀγαλλιῴη	ἀγαλλιάω	to be overjoyed, to rejoice	0
agallio	ἀγαλλιῶ	ἀγαλλιάω	to be overjoyed, to rejoice	0
agallion	ἀγαλλιῶν	ἀγαλλιάω	to be overjoyed, to rejoice	0
agallioo	ἀγαλλιῷο	ἀγαλλιάω	to be overjoyed, to rejoice	0
agallios	ἀγαλλιῷς	ἀγαλλιάω	to be overjoyed, to rejoice	0
aganakte	ἀγανακτῇ	ἀγανακτέω	to feel a violent irritation	0
aganakto	ἀγανακτῶ	ἀγανακτέω	to feel a violent irritation	0
aganos	ἀγανός	ἀγανός	mild	0
agapaei	ἀγαπάει	ἀγαπάω	to show affection for the dead	0
agapaein	ἀγαπάειν	ἀγαπάω	to show affection for the dead	0
agapaeis	ἀγαπάεις	ἀγαπάω	to show affection for the dead	0
agapazo	ἀγαπάζω	ἀγαπάω	to show affection for the dead	0
agapaete	ἀγαπάητε	ἀγαπάω	to show affection for the dead	0
agapaoi	ἀγαπάοι	ἀγαπάω	to show affection for the dead	0
agapaoio	ἀγαπάοιο	ἀγαπάω	to show affection for the dead	0
agapaois	ἀγαπάοις	ἀγαπάω	to show affection for the dead	0
agapaou	ἀγαπάου	ἀγαπάω	to show affection for the dead	0
agapato	ἀγαπάτω	ἀγαπάω	to show affection for the dead	0
agapaton	ἀγαπάτων	ἀγαπάω	to show affection for the dead	0
agapao	ἀγαπάω	ἀγαπάω	to show affection for the dead	0
agapaon	ἀγαπάων	ἀγαπάω	to show affection for the dead	0
agapaosi	ἀγαπάωσι	ἀγαπάω	to show affection for the dead	0
agapaes	ἀγαπάῃς	ἀγαπάω	to show affection for the dead	0
agapeo	ἀγαπέω	ἀγαπάω	to show affection for the dead	0
agapesas	ἀγαπήσας	ἀγαπάω	to show affection for the dead	0
agapesei	ἀγαπήσει	ἀγαπάω	to show affection for the dead	0
agapesoi	ἀγαπήσοι	ἀγαπάω	to show affection for the dead	0
agapeso	ἀγαπήσω	ἀγαπάω	to show affection for the dead	0
agapese	ἀγαπήσῃ	ἀγαπάω	to show affection for the dead	0
agapeses	ἀγαπήσῃς	ἀγαπάω	to show affection for the dead	0
agapaeto	ἀγαπαέτω	ἀγαπάω	to show affection for the dead	0
agapethe	ἀγαπηθῇ	ἀγαπάω	to show affection for the dead	0
agapetho	ἀγαπηθῶ	ἀγαπάω	to show affection for the dead	0
agapetos	ἀγαπητός	ἀγαπητός	beloved, dear (sometimes with a sense of uniqueness	0
agapan	ἀγαπᾶν	ἀγαπάω	to show affection for the dead	0
agapatai	ἀγαπᾶται	ἀγαπάω	to show affection for the dead	0
agapate	ἀγαπᾶτε	ἀγαπάω	to show affection for the dead	0
agapas	ἀγαπᾷς	ἀγαπάω	to show affection for the dead	0
agapoe	ἀγαπῴη	ἀγαπάω	to show affection for the dead	0
agapoen	ἀγαπῴην	ἀγαπάω	to show affection for the dead	0
agapoes	ἀγαπῴης	ἀγαπάω	to show affection for the dead	0
agapoete	ἀγαπῴητε	ἀγαπάω	to show affection for the dead	0
agapomen	ἀγαπῴμην	ἀγαπάω	to show affection for the dead	0
agapoten	ἀγαπῴτην	ἀγαπάω	to show affection for the dead	0
agapo	ἀγαπῶ	ἀγαπάω	to show affection for the dead	0
agapomai	ἀγαπῶμαι	ἀγαπάω	to show affection for the dead	0
agapon	ἀγαπῶν	ἀγαπάω	to show affection for the dead	0
agaposi	ἀγαπῶσι	ἀγαπάω	to show affection for the dead	0
agapomi	ἀγαπῷμι	ἀγαπάω	to show affection for the dead	0
agaponto	ἀγαπῷντο	ἀγαπάω	to show affection for the dead	0
agapoo	ἀγαπῷο	ἀγαπάω	to show affection for the dead	0
agapos	ἀγαπῷς	ἀγαπάω	to show affection for the dead	0
agapote	ἀγαπῷτε	ἀγαπάω	to show affection for the dead	0
agapoto	ἀγαπῷτο	ἀγαπάω	to show affection for the dead	0
agapoton	ἀγαπῷτον	ἀγαπάω	to show affection for the dead	0
agarikon	ἀγαρικόν	ἀγαρικόν	type of tree-fungus, Phellinus pomaceus	1
agaue	ἀγαυή	ἀγαυός	noble	0
agauoi	ἀγαυοί	ἀγαυός	noble	0
agauous	ἀγαυούς	ἀγαυός	noble	0
agauou	ἀγαυοῦ	ἀγαυός	noble	0
agauos	ἀγαυός	ἀγαυός	noble	0
agauon	ἀγαυῶν	ἀγαυός	noble	0
aggareue	ἀγγάρευε	ἀγγαρεύω	to dispatch as a courier	0
aggelete	ἀγγέλετε	ἀγγέλλω	to carry, deliver, pass on, relay (a message, information, n	0
aggellei	ἀγγέλλει	ἀγγέλλω	to carry, deliver, pass on, relay (a message, information, n	0
aggelloi	ἀγγέλλοι	ἀγγέλλω	to carry, deliver, pass on, relay (a message, information, n	0
aggellou	ἀγγέλλου	ἀγγέλλω	to carry, deliver, pass on, relay (a message, information, n	0
aggello	ἀγγέλλω	ἀγγέλλω	to carry, deliver, pass on, relay (a message, information, n	0
aggeloin	ἀγγέλοιν	ἄγγελος	a messenger	0
aggelou	ἀγγέλου	ἄγγελος	a messenger	0
aggelous	ἀγγέλους	ἄγγελος	a messenger	0
aggelon	ἀγγέλων	ἄγγελος	a messenger	0
aggelo	ἀγγέλῳ	ἄγγελος	a messenger	0
aggeion	ἀγγεῖον	ἀγγεῖον	vessel, jar, vase, pail, bucket, box	0
aggareia	ἀγγαρεία	ἀγγαρεία	community service, impressment into public service	1
aggareuo	ἀγγαρεύω	ἀγγαρεύω	to dispatch as a courier	0
aggeilai	ἀγγείλαι	ἀγγείλαι	/(Attic) third-person singular aorist active optative of ᾰ̓γ	0
aggeilas	ἀγγείλας	ἀγγείλας	/(Attic) aorist active participle of ᾰ̓γγέλλω (ăngéllō)	0
aggeilo	ἀγγείλω	ἀγγείλω	/(Attic) first-person singular aorist active subjunctive of	0
aggeile	ἀγγείλῃ	ἀγγείλῃ	/(Attic) third-person singular aorist active subjunctive of	0
aggeiles	ἀγγείλῃς	ἀγγείλῃς	/(Attic) second-person singular aorist active subjunctive of	0
aggelia	ἀγγελία	ἀγγελία	message, news, report	0
aggeliei	ἀγγελίει	ἀγγέλλω	to carry, deliver, pass on, relay (a message, information, n	0
aggelioi	ἀγγελίοι	ἀγγέλλω	to carry, deliver, pass on, relay (a message, information, n	0
aggelio	ἀγγελίω	ἀγγέλλω	to carry, deliver, pass on, relay (a message, information, n	0
aggelion	ἀγγελίων	ἀγγέλλω	to carry, deliver, pass on, relay (a message, information, n	0
aggelthe	ἀγγελθῇ	ἀγγελθῇ	/(Attic) third-person singular aorist passive subjunctive of	0
aggeltho	ἀγγελθῶ	ἀγγελθῶ	/(Attic) first-person singular aorist passive subjunctive of	0
aggeia	ἀγγεῖα	ἀγγεῖον	vessel, jar, vase, pail, bucket, box	0
aggeilai	ἀγγεῖλαι	ἀγγεῖλαι	/(Attic) aorist active infinitive of ᾰ̓γγέλλω (ăngéllō)	0
aggourio	ἀγγουρίω	ἄγγουρον	cucumber	0
aggourou	ἀγγούρου	ἄγγουρον	cucumber	0
ageirai	ἀγείραι	ἀγείρω	to collect, gather	0
ageiraio	ἀγείραιο	ἀγείρω	to collect, gather	0
ageirais	ἀγείραις	ἀγείρω	to collect, gather	0
ageiras	ἀγείρας	ἀγείρω	to collect, gather	0
ageirate	ἀγείρατε	ἀγείρω	to collect, gather	0
ageirei	ἀγείρει	ἀγείρω	to collect, gather	0
ageireie	ἀγείρειε	ἀγείρω	to collect, gather	0
ageirein	ἀγείρειν	ἀγείρω	to collect, gather	0
ageireis	ἀγείρεις	ἀγείρω	to collect, gather	0
ageiroi	ἀγείροι	ἀγείρω	to collect, gather	0
ageiroio	ἀγείροιο	ἀγείρω	to collect, gather	0
ageirois	ἀγείροις	ἀγείρω	to collect, gather	0
ageirou	ἀγείρου	ἀγείρω	to collect, gather	0
ageiro	ἀγείρω	ἀγείρω	to collect, gather	0
ageiron	ἀγείρων	ἀγείρω	to collect, gather	0
ageire	ἀγείρῃ	ἀγείρω	to collect, gather	0
ageirato	ἀγειράτω	ἀγείρω	to collect, gather	0
ageireto	ἀγειρέτω	ἀγείρω	to collect, gather	0
agelaios	ἀγελαῖος	ἀγελαῖος	gregarious	0
ageleie	ἀγελείη	ἀγελείη	epithet of Athena	0
ageleies	ἀγελείης	ἀγελείη	epithet of Athena	0
agenes	ἀγενής	ἀγενής	unborn, uncreated	0
agenesia	ἀγενησία	ἀγενησία	uncreatedness	1
agereei	ἀγερέει	ἀγείρω	to collect, gather	0
agereein	ἀγερέειν	ἀγείρω	to collect, gather	0
agereeis	ἀγερέεις	ἀγείρω	to collect, gather	0
agereete	ἀγερέετε	ἀγείρω	to collect, gather	0
agereoi	ἀγερέοι	ἀγείρω	to collect, gather	0
agereoio	ἀγερέοιο	ἀγείρω	to collect, gather	0
agereois	ἀγερέοις	ἀγείρω	to collect, gather	0
agereo	ἀγερέω	ἀγείρω	to collect, gather	0
agereon	ἀγερέων	ἀγείρω	to collect, gather	0
ageree	ἀγερέῃ	ἀγείρω	to collect, gather	0
agerese	ἀγερήσῃ	ἀγείρω	to collect, gather	0
agerei	ἀγερεῖ	ἀγείρω	to collect, gather	0
agerein	ἀγερεῖν	ἀγείρω	to collect, gather	0
agereis	ἀγερεῖς	ἀγείρω	to collect, gather	0
agereite	ἀγερεῖτε	ἀγείρω	to collect, gather	0
agerthes	ἀγερθῇς	ἀγείρω	to collect, gather	0
agertho	ἀγερθῶ	ἀγείρω	to collect, gather	0
ageroie	ἀγεροίη	ἀγείρω	to collect, gather	0
ageroien	ἀγεροίην	ἀγείρω	to collect, gather	0
ageroies	ἀγεροίης	ἀγείρω	to collect, gather	0
ageroi	ἀγεροῖ	ἀγείρω	to collect, gather	0
ageroimi	ἀγεροῖμι	ἀγείρω	to collect, gather	0
ageroio	ἀγεροῖο	ἀγείρω	to collect, gather	0
agerois	ἀγεροῖς	ἀγείρω	to collect, gather	0
ageroite	ἀγεροῖτε	ἀγείρω	to collect, gather	0
ageroito	ἀγεροῖτο	ἀγείρω	to collect, gather	0
agerou	ἀγεροῦ	ἀγείρω	to collect, gather	0
agerousi	ἀγεροῦσι	ἀγείρω	to collect, gather	0
agero	ἀγερῶ	ἀγείρω	to collect, gather	0
ageron	ἀγερῶν	ἀγείρω	to collect, gather	0
agkale	ἀγκάλη	ἀγκάλη	the bent arm	0
agkas	ἀγκάς	ἀγκάς	in(to) the arms	0
agkulis	ἀγκυλίς	ἀγκυλίς	hook, barb	0
agkuloo	ἀγκυλόω	ἀγκυλόω	to bend, make crooked	0
agkule	ἀγκύλη	ἀγκύλη	loop, noose	0
agkulos	ἀγκύλος	ἀγκύλος	crooked, curved, rounded	1
agkon	ἀγκών	ἀγκών	bend of the arm	0
aglaos	ἀγλαός	ἀγλαός	splendid	0
agmos	ἀγμός	ἀγμός	cliff, crag	0
agneo	ἀγνέω	ἄγω	to lead, fetch, bring along (a living creature), take with	0
agnoeo	ἀγνοέω	ἀγνοέω	to not perceive or recognize, to not know, to fail to unders	0
agnoias	ἀγνοίας	ἄγνοια	The state of not knowing or perceiving	0
agnoieo	ἀγνοιέω	ἀγνοέω	to not perceive or recognize, to not know, to fail to unders	0
agnoo	ἀγνοῶ	ἀγνοέω	to not perceive or recognize, to not know, to fail to unders	0
agnoon	ἀγνοῶν	ἀγνοέω	to not perceive or recognize, to not know, to fail to unders	0
agnosia	ἀγνωσία	ἀγνωσία	ignorance	1
agnoema	ἀγνόημα	ἀγνόημα	fault of ignorance, oversight	0
agnus	ἀγνύς	ἀγνύς	loom weight	0
agnos	ἀγνώς	ἀγνώς	in passive constructions	0
agnosso	ἀγνώσσω	ἀγνοέω	to not perceive or recognize, to not know, to fail to unders	0
agoi	ἀγοί	ἀγός	leader	0
agora	ἀγορά	ἀγορά	assembly, especially an assembly of the people (as opposed t	1
agorazo	ἀγοράζω	ἀγοράζω	to be in the market, to frequent it	0
agorende	ἀγορήνδε	ἀγορήνδε	to the agora	0
agoraios	ἀγοραῖος	ἀγοραῖος	in, of, or belonging to the market	0
agoreuei	ἀγορεύει	ἀγορεύω	to speak in the assembly	0
agoreuso	ἀγορεύσω	ἀγορεύω	to speak in the assembly	0
agoreuo	ἀγορεύω	ἀγορεύω	to speak in the assembly	0
agoreuon	ἀγορεύων	ἀγορεύω	to speak in the assembly	0
agoretes	ἀγορητής	ἀγορητής	speaker, orator	0
agostos	ἀγοστός	ἀγοστός	flat of the hand	0
agosto	ἀγοστῷ	ἀγοστός	flat of the hand	0
agraphon	ἀγράφων	ἄγραφος	unwritten	0
agreo	ἀγρέω	ἀγρέω	to capture	0
agria	ἀγρία	ἄγριος	living in the open fields	0
agrauleo	ἀγραυλέω	ἀγραυλέω	to live outside	0
agreus	ἀγρεύς	ἀγρεύς	hunter	0
agreuo	ἀγρεύω	ἀγρεύω	to catch	0
agrenon	ἀγρηνόν	ἀγρηνόν	net-like woollen robe worn by Bacchanals and soothsayers	0
agrous	ἀγρούς	ἀγρός	field, land, countryside	1
agrou	ἀγροῦ	ἀγρός	field, land, countryside	1
agrupneo	ἀγρυπνέω	ἀγρυπνέω	to lie awake, be wakeful, to suffer from sleeplessness	0
agrupnia	ἀγρυπνία	ἀγρυπνία	sleeplessness, watchfulness	1
agros	ἀγρός	ἀγρός	field, land, countryside	1
agrotes	ἀγρότης	ἀγρότης	country dweller, rustic	0
agrosso	ἀγρώσσω	ἀγρώσσω	to catch, take	0
agkhou	ἀγχοῦ	ἀγχοῦ	near, nearby	0
agkhothi	ἀγχόθι	ἀγχόθι	near	0
agkhone	ἀγχόνη	ἀγχόνη	hanging rope, noose	0
agoge	ἀγωγή	ἀγωγή	transportation	1
agogoi	ἀγωγοί	ἀγωγοί	escort (group of people or vehicles, generally armed, who go	0
agogon	ἀγωγόν	ἀγωγόν	attraction	0
agogos	ἀγωγός	ἀγωγός	leading	1
agonia	ἀγωνία	ἀγωνία	contest, struggle for victory	1
agon	ἀγόν	ἀγός	leader	0
agoreue	ἀγόρευε	ἀγορεύω	to speak in the assembly	0
agoreuen	ἀγόρευεν	ἀγορεύω	to speak in the assembly	0
agos	ἀγός	ἀγός	leader	0
agon	ἀγών	ἀγών	a gathering, an assembly	0
agonisma	ἀγώνισμα	ἀγώνισμα	contest	0
adamas	ἀδάμας	ἀδάμας	adamant, the hardest metal (probably steel)	1
adapanos	ἀδάπανος	ἀδάπανος	gratuitous, free of charge	0
adarke	ἀδάρκη	ἀδάρκη	salt efflorescence on the herbage of marshes	0
adexios	ἀδέξιος	ἀδέξιος	left-handed	0
adelos	ἀδήλως	ἀδήλως	secretly	0
adelo	ἀδήλῳ	ἄδηλος	invisible	1
aden	ἀδήν	ἀδήν	gland	1
adianton	ἀδίαντον	ἀδίαντον	maidenhair (Adiantum capillus-veneris)	0
adike	ἀδίκη	ἀδίκη	nettle (Urtica dioica)	0
adikema	ἀδίκημα	ἀδίκημα	misdeed, offence, wrongdoing	0
adees	ἀδεής	ἀδεής	fearless, not experiencing fear	0
adelphe	ἀδελφή	ἀδελφή	sister	0
adelphos	ἀδελφός	ἀδελφός	brotherly or sisterly	0
adeos	ἀδεῶς	ἀδεῶς	without fear, fearlessly, confidently	0
adekos	ἀδηκώς	ἄδησα	to be sated	0
adelotes	ἀδηλότης	ἀδηλότης	uncertainty	0
adeloo	ἀδηλόω	ἀδηλόω	to render, make invisible	0
ademoneo	ἀδημονέω	ἀδημονέω	to be troubled, pained, anguished	0
ademonia	ἀδημονία	ἀδημονία	trouble, distress, predicament	0
adikeo	ἀδικέω	ἀδικέω	to be in the wrong, to have sinned, to have broken the law	0
adikesas	ἀδικήσας	ἀδικέω	to be in the wrong, to have sinned, to have broken the law	0
adikia	ἀδικία	ἀδικία	injustice, iniquity	0
adikio	ἀδικίω	ἀδικέω	to be in the wrong, to have sinned, to have broken the law	0
adikoien	ἀδικοῖεν	ἀδικέω	to be in the wrong, to have sinned, to have broken the law	0
adikousi	ἀδικοῦσι	ἀδικέω	to be in the wrong, to have sinned, to have broken the law	0
adikon	ἀδικῶν	ἀδικέω	to be in the wrong, to have sinned, to have broken the law	0
adikosi	ἀδικῶσι	ἀδικέω	to be in the wrong, to have sinned, to have broken the law	0
admeten	ἀδμήτην	ἄδμητος	unbroken	0
adnos	ἀδνός	ἁγνός	pure	0
adoxia	ἀδοξία	ἀδοξία	ill-repute, disgrace	0
adunatos	ἀδύνατος	ἀδύνατος	unable	0
adutou	ἀδύτου	ἄδυτον	innermost sanctuary, shrine	1
aei	ἀεί	ἀεί	always	0
aeido	ἀείδω	ἀείδω	to sing, chant, praise	0
aeizoon	ἀείζωον	ἀείζωον	houseleek, Sempervivum	0
aeizoos	ἀείζωος	ἀείζωος	ever-living, always living	0
aeizos	ἀείζως	ἀείζως	everliving, everlasting, immortal	0
aeiras	ἀείρας	ἀείρω	to lift up, raise, support	0
aeirein	ἀείρειν	ἀείρω	to lift up, raise, support	0
aeiro	ἀείρω	ἀείρω	to lift up, raise, support	0
aeikes	ἀεικής	ἀεικής	shameful	0
aeikizo	ἀεικίζω	ἀεικίζω	to maltreat, mistreat, treat poorly, injure	0
aeikeie	ἀεικείη	ἀεικείη	disfigurement	0
aellas	ἀελλάς	ἀελλάς	storm	0
aellopos	ἀελλόπος	ἀελλόπος	Very quick, lightning fast	0
aetes	ἀετές	ἀετές	in the same year	0
aetes	ἀετής	ἀετής	of the same year	0
aetos	ἀετός	ἀετός	eagle	0
azen	ἀζήν	ἀζήν	beard	0
azaleos	ἀζαλέος	ἀζαλέος	dry, dried up, parched, withered	0
aedes	ἀηδής	ἀηδής	unpleasant	0
aedia	ἀηδία	ἀηδία	nauseousness	0
aedon	ἀηδών	ἀηδών	nightingale (Luscinia megarhynchos)	0
athare	ἀθάρη	ἀθάρη	gruel, porridge	0
ather	ἀθήρ	ἀθήρ	awn	0
atheroma	ἀθήρωμα	ἀθήρωμα	tumour	1
athanate	ἀθανάτη	ἀθάνατος	undying, immortal	1
atheia	ἀθεΐα	ἀθεΐα	disbelief in the gods, incredulity with regard to the divine	0
atherine	ἀθερίνη	ἀθερίνη	sand smelt, any in the genus Atherina of small fishes	1
atheteo	ἀθετέω	ἀθετέω	to set aside	0
atheotes	ἀθεότης	ἀθεότης	godlessness	0
athleo	ἀθλέω	ἀθλέω	to contend for a prize, combat, wrestle	0
athletes	ἀθλητής	ἀθλητής	a combatant, champion, especially a prizefighter	0
athletai	ἀθληταί	ἀθλητής	a combatant, champion, especially a prizefighter	0
athroizo	ἀθροίζω	ἀθροίζω	to gather, to collect, to muster	0
athroos	ἀθρόος	ἀθρόος	in groups	0
athumeo	ἀθυμέω	ἀθυμέω	to despair, be despondent, be disheartened	0
athumia	ἀθυμία	ἀθυμία	lack of heart, faintheartedness, despondency	0
athuro	ἀθύρω	ἀθύρω	to play, to take delight in	0
athoos	ἀθῷος	ἀθῷος	unpunished, scot-free, unharmed by	0
akamatos	ἀκάματος	ἀκάματος	tireless	0
akanthou	ἀκάνθου	ἄκανθος	The acanthus plant	1
akation	ἀκάτιον	ἀκάτιον	light boat	0
akeon	ἀκέων	ἀκέων	soft, silent	0
ake	ἀκή	ἀκή	point	0
aken	ἀκήν	ἀκήν	silently	0
akerios	ἀκήριος	ἀκήριος	unharmed	0
akinetos	ἀκίνητος	ἀκίνητος	unmoved, motionless	0
akininos	ἀκίνινος	ἀκίνινος	made of wild basil	0
akis	ἀκίς	ἀκίς	pointed object	0
akakia	ἀκακία	ἀκακία	An acacia tree (tribe Acacieae)	0
akakias	ἀκακίας	ἀκακία	An acacia tree (tribe Acacieae)	0
akalephe	ἀκαλήφη	ἀκαλήφη	stinging nettle (Urtica dioica)	0
akanthis	ἀκανθίς	ἀκανθίς	groundsel (Senecio vulgaris)	0
akares	ἀκαρής	ἀκαρής	too short to be cut	0
akari	ἀκαρί	ἀκαρί	mite	0
akatio	ἀκατίῳ	ἀκάτιον	light boat	0
akakhizo	ἀκαχίζω	ἀχεύω	to grieve, mourn	0
akestes	ἀκεστής	ἀκεστής	mender of torn clothes	0
akedeo	ἀκηδέω	ἀκηδέω	to neglect, be neglectful	0
akedes	ἀκηδής	ἀκηδής	uncared for	0
akedia	ἀκηδία	ἀκηδία	indifference, torpor, apathy	0
akidnos	ἀκιδνός	ἀκιδνός	weak, feeble	0
akidotos	ἀκιδωτός	ἀκιδωτός	barbed, pointed	0
akinakes	ἀκινάκης	ἀκινάκης	short straight sword, used by Persians and Scythians	0
akinesia	ἀκινησία	ἀκινησία	quiescence, rest	1
akiros	ἀκιρός	ἀκιρός	weak, feeble	0
aklees	ἀκλεής	ἀκλεής	without fame	0
akmazo	ἀκμάζω	ἀκμάζω	to be at or to reach the highest point (often figuratively)	0
akmazon	ἀκμάζων	ἀκμάζω	to be at or to reach the highest point (often figuratively)	0
akme	ἀκμή	ἀκμή	point	1
akoe	ἀκοή	ἀκοή	a hearing, the sound heard	0
akonao	ἀκονάω	ἀκονάω	to sharpen	0
akontizo	ἀκοντίζω	ἀκοντίζω	to hurl a javelin	0
akoste	ἀκοστή	ἀκοστή	barley	0
akouei	ἀκούει	ἀκούω	to hear	0
akouein	ἀκούειν	ἀκούω	to hear	0
akouso	ἀκούσω	ἀκούω	to hear	0
akouses	ἀκούσῃς	ἀκούω	to hear	0
akouo	ἀκούω	ἀκούω	to hear	0
akousai	ἀκοῦσαι	ἀκούω	to hear	0
akrateia	ἀκράτεια	ἀκράτεια	lack of power, debility	0
akribeia	ἀκρίβεια	ἀκρίβεια	accuracy, precision, exactness	0
akris	ἀκρίς	ἀκρίς	grasshopper, locust, cricket	0
akraes	ἀκραής	ἀκραής	blowing strongly or favourably	0
akrasia	ἀκρασία	ἀκρασία	bad mixture, ill temperature	1
akrates	ἀκρατής	ἀκρατής	powerless, impotent	0
akremon	ἀκρεμών	ἀκρεμών	bough, branch	0
akribes	ἀκριβής	ἀκριβής	accurate, precise	0
akriboo	ἀκριβόω	ἀκριβόω	to make or be exact, perfect, precise, accurate	0
akribos	ἀκριβῶς	ἀκριβῶς	to a nicety, precisely	0
akromia	ἀκρωμία	ἀκρωμία	acromion, point of the shoulder	1
akroama	ἀκρόαμα	ἀκρόαμα	something heard	0
akroasis	ἀκρόασις	ἀκρόασις	hearing, listening	1
aktea	ἀκτέα	ἀκτέα	elder (Sambucus nigra)	0
akte	ἀκτή	ἀκτή	headland, cape, promontory	0
aktemon	ἀκτήμων	ἀκτήμων	without property, poor, possessionless	0
akten	ἀκτήν	ἀκτή	headland, cape, promontory	0
aktis	ἀκτίς	ἀκτίς	ray	0
akteris	ἀκτηρίς	ἀκτηρίς	staff, stick	0
aktes	ἀκτῆς	ἀκτή	headland, cape, promontory	0
akulees	ἀκυλεής	ἀκυλεής	eagle	0
akoke	ἀκωκή	ἀκωκή	point, tip (of a weapon)	0
akone	ἀκόνη	ἀκόνη	whetstone, hone	0
akoniton	ἀκόνιτον	ἀκόνιτον	leopard's bane, Aconitum anthora	0
akontion	ἀκόντιον	ἀκόντιον	javelin	1
alabes	ἀλάβης	ἀλάβης	A kind of fish that lives in the Nile (possibly Labeo niloti	0
alalkoi	ἀλάλκοι	ἀλέξω	to keep off	0
alalugx	ἀλάλυγξ	ἀλάλυγξ	gulping	0
alaomai	ἀλάομαι	ἀλάομαι	to wander, rove, roam	0
alape	ἀλάπη	ἀλάπη	slap, blow, smack	0
alastor	ἀλάστωρ	ἀλάστωρ	avenging spirit or deity	0
alastora	ἀλάστορα	ἀλάστωρ	avenging spirit or deity	0
alastore	ἀλάστορε	ἀλάστωρ	avenging spirit or deity	0
alastori	ἀλάστορι	ἀλάστωρ	avenging spirit or deity	0
alea	ἀλέα	ἀλέα	warmth	0
alego	ἀλέγω	ἀλέγω	to care	0
alektor	ἀλέκτωρ	ἀλέκτωρ	cock	0
alexo	ἀλέξω	ἀλέξω	to keep off	0
aleomai	ἀλέομαι	ἀλέομαι	to shun	0
aleo	ἀλέω	ἀλέω	to grind	0
aletheia	ἀλήθεια	ἀλήθεια	not a lie	1
aleten	ἀλήτην	ἀλήτης	wanderer, stroller, rover, vagabond, vagrant	0
aletes	ἀλήτης	ἀλήτης	wanderer, stroller, rover, vagabond, vagrant	0
aliaston	ἀλίαστον	ἀλίαστον	unshrinkingly, unabatingly	0
aliastos	ἀλίαστος	ἀλίαστος	unshrinking, unabating	0
alibas	ἀλίβας	ἀλίβας	corpse, dead body	0
aligkios	ἀλίγκιος	ἀλίγκιος	like, resembling (with dative)	0
alinda	ἀλίνδα	ἀλίνδα	fabulous plant mentioned by Pseudo-Plutarch	0
alino	ἀλίνω	ἀλίνω	to pound, crush, destroy	0
alazon	ἀλαζών	ἀλαζών	boastful	0
alale	ἀλαλή	ἀλαλή	A loud cry, especially a war cry	0
alaletos	ἀλαλητός	ἀλαλητός	shouting	0
alaleto	ἀλαλητῷ	ἀλαλητός	shouting	0
alaos	ἀλαός	ἀλαός	blind	0
algeo	ἀλγέω	ἀλγέω	to feel bodily pain, to suffer, to be ill	0
algion	ἀλγίων	ἀλγεινός	painful, grievous	0
algeinos	ἀλγεινός	ἀλγεινός	painful, grievous	0
algedon	ἀλγηδών	ἀλγηδών	pain, (bodily) suffering	0
aleia	ἀλεία	ἀλεία	wandering about	0
aleites	ἀλείτης	ἀλείτης	sinner	0
aleipho	ἀλείφω	ἀλείφω	to anoint someone else (smear the skin with oil after bathin	0
alegizo	ἀλεγίζω	ἀλεγίζω	to trouble, concern oneself (with a thing)	0
aleeino	ἀλεείνω	ἀλεείνω	to shun	0
aleph	ἀλεφ	ἀλεφ	aleph, the name for the first letter א of the Hebrew script	0
alethea	ἀληθέα	ἀληθής	true, real, genuine	0
alethes	ἀληθής	ἀληθής	true, real, genuine	0
aletheie	ἀληθείη	ἀλήθεια	not a lie	1
alethe	ἀληθῆ	ἀληθῆ	that's right	0
alethos	ἀληθῶς	ἀληθῶς	truly, verily (adverb of ἀληθής (alēthḗs))	0
altheo	ἀλθέω	ἀλθέω	to heal	0
altheeis	ἀλθήεις	ἀλθήεις	of or pertaining to healing, remedying	0
altheso	ἀλθήσω	ἀλθαίνω	to heal	0
althaia	ἀλθαία	ἀλθαία	marshmallow (Althaea officinalis)	0
althaino	ἀλθαίνω	ἀλθαίνω	to heal	0
altheus	ἀλθεύς	ἀλθεύς	healer	0
aliaes	ἀλιαής	ἀλιαής	blowing on or towards the sea	0
alitros	ἀλιτρός	ἀλιτρός	sinful, wicked	0
alke	ἀλκή	ἀλκή	prowess	0
alkaia	ἀλκαία	ἀλκαία	a tail, usually of a lion	0
alkaia	ἀλκαῖα	ἀλκαῖος	strong, mighty	0
alkaios	ἀλκαῖος	ἀλκαῖος	strong, mighty	0
alkter	ἀλκτήρ	ἀλκτήρ	protector	0
alkuonis	ἀλκυονίς	ἀλκυονίς	halcyon (pertaining to days during the winter when storms do	0
alkuon	ἀλκυών	ἀλκυών	kingfisher	0
alla	ἀλλά	ἀλλά	but	0
allasso	ἀλλάσσω	ἀλλάσσω	to change, alter, make other than it is	0
allelon	ἀλλήλων	ἀλλήλων	referring back to a plural subject, and expressing an action	0
allage	ἀλλαγή	ἀλλαγή	change	0
alloios	ἀλλοίως	ἀλλοίως	otherwise	0
alloioun	ἀλλοιοῦν	ἀλλοιόω	to make different, change, alter	0
alloioo	ἀλλοιόω	ἀλλοιόω	to make different, change, alter	0
allopias	ἀλλοπίας	ἀλλοπίας	A species of tuna	0
alloios	ἀλλοῖος	ἀλλοῖος	of another sort or kind	0
allas	ἀλλᾶς	ἀλλᾶς	sausage	0
aloiphe	ἀλοιφή	ἀλοιφή	grease	0
aloitis	ἀλοῖτις	ἀλοῖτις	bitterwort (Gentiana lutea)	0
alsine	ἀλσίνη	ἀλσίνη	lichwort (Parietaria lusitanica)	0
alphou	ἀλφοῦ	ἀλφός	alphos, a type of non-contagious leprosy typified by dull wh	0
alphon	ἀλφόν	ἀλφός	alphos, a type of non-contagious leprosy typified by dull wh	0
alphos	ἀλφός	ἀλφός	alphos, a type of non-contagious leprosy typified by dull wh	0
alpho	ἀλφῷ	ἀλφός	alphos, a type of non-contagious leprosy typified by dull wh	0
aloe	ἀλωή	ἀλωή	threshing floor	0
aloen	ἀλωήν	ἀλωή	threshing floor	0
alopekon	ἀλωπέκων	ἀλώπηξ	fox (small canine of the genus Vulpes)	0
alopekia	ἀλωπεκία	ἀλωπεκία	mange in foxes	1
aloes	ἀλωῆς	ἀλωή	threshing floor	0
aloe	ἀλόη	ἀλόη	aloe (Aloe vera)	0
alokhoio	ἀλόχοιο	ἄλοχος	bedpartner, wife	0
alokhou	ἀλόχου	ἄλοχος	bedpartner, wife	0
alokhous	ἀλόχους	ἄλοχος	bedpartner, wife	0
alokho	ἀλόχῳ	ἄλοχος	bedpartner, wife	0
alusko	ἀλύσκω	ἀλύσκω	to avoid	0
aluo	ἀλύω	ἀλύω	to be stirred or excited	0
alomenos	ἀλώμενος	ἀλάομαι	to wander, rove, roam	0
alopeka	ἀλώπεκα	ἀλώπηξ	fox (small canine of the genus Vulpes)	0
alopekas	ἀλώπεκας	ἀλώπηξ	fox (small canine of the genus Vulpes)	0
alopeke	ἀλώπεκε	ἀλώπηξ	fox (small canine of the genus Vulpes)	0
alopekes	ἀλώπεκες	ἀλώπηξ	fox (small canine of the genus Vulpes)	0
alopeki	ἀλώπεκι	ἀλώπηξ	fox (small canine of the genus Vulpes)	0
alopexi	ἀλώπεξι	ἀλώπηξ	fox (small canine of the genus Vulpes)	0
alopexin	ἀλώπεξιν	ἀλώπηξ	fox (small canine of the genus Vulpes)	0
alopex	ἀλώπηξ	ἀλώπηξ	fox (small canine of the genus Vulpes)	0
amamaxus	ἀμάμαξυς	ἀμάμαξυς	vine trained on two poles	0
amaomai	ἀμάομαι	ἀμάω	to reap, cut	0
amara	ἀμάρα	ἀμάρα	trench, conduit, channel for watering meadows	0
amarakon	ἀμάρακον	ἀμάρακον	marjoram (Origanum majorana)	0
amarugx	ἀμάρυγξ	ἀμάρυγξ	sparkle, twinkle, glance	0
amao	ἀμάω	ἀμάω	to reap, cut	0
amelgo	ἀμέλγω	ἀμέλγω	to milk (to extract milk from cows)	0
ameleia	ἀμέλεια	ἀμέλεια	negligence, indifference	0
amergo	ἀμέργω	ἀμέργω	to pluck or pull	0
amerdo	ἀμέρδω	ἀμέρδω	to deprive, bereave one of something	0
amesos	ἀμέσως	ἀμέσως	immediately, at once	0
amen	ἀμήν	ἀμήν	truly, certainly	0
amia	ἀμία	ἀμία	bonito (Sarda sarda)	0
amiantos	ἀμίαντος	ἀμίαντος	undefiled, pure	0
amis	ἀμίς	ἀμίς	chamber pot	0
amathes	ἀμαθής	ἀμαθής	ignorant [with genitive ‘about something’]	0
amathia	ἀμαθία	ἀμαθία	unlearnedness	0
amalduno	ἀμαλδύνω	ἀμαλδύνω	to crush, destroy, weaken	0
amalos	ἀμαλός	ἀμαλός	soft, tender, weak	0
amanites	ἀμανίτης	ἀμανίτης	a type of mushroom	1
amarusso	ἀμαρύσσω	ἀμαρύσσω	to sparkle, twinkle	0
amaures	ἀμαυρής	ἀμαυρής	dim, dark	0
amauria	ἀμαυρία	ἀμαυρία	dimness, dullness, faintness, feebleness, weakness (glossed	0
amauros	ἀμαυρός	ἀμαυρός	barely seen, dim, faint, shadowy	0
amauroo	ἀμαυρόω	ἀμαυρόω	to darken	0
ambaino	ἀμβαίνω	ἀναβαίνω	to go up, mount	0
ambluno	ἀμβλύνω	ἀμβλύνω	to blunt, dull	0
amblus	ἀμβλύς	ἀμβλύς	dull	0
ambrosia	ἀμβροσία	ἀμβροσία	ambrosia	1
ameibo	ἀμείβω	ἀμείβω	to exchange	0
ameleo	ἀμελέω	ἀμελέω	to not worry about, to not care for, to disregard	0
ameles	ἀμελής	ἀμελής	careless, negligent	0
amenena	ἀμενηνά	ἀμενηνός	powerless, fleeting, feeble	0
amenenos	ἀμενηνός	ἀμενηνός	powerless, fleeting, feeble	0
ameuomai	ἀμεύομαι	ἀμεύομαι	to surpass, outstrip	0
ameras	ἀμηρᾶς	ἀμηρᾶς	emir	0
amixia	ἀμιξία	ἀμιξία	unsociability (unwillingness to mingle with others)	0
amma	ἀμμά	ἀμμά	mother	0
amnion	ἀμνίον	ἀμνίον	a bowl in which the blood of sacrificed animals was caught	1
amnesia	ἀμνησία	ἀμνησία	forgetfulness	1
amnesiai	ἀμνησίαι	ἀμνησία	forgetfulness	1
amnesteo	ἀμνηστέω	ἀμνηστέω	to forget	0
amnestia	ἀμνηστία	ἀμνηστία	forgetfulness	1
amnos	ἀμνός	ἀμνός	a lamb	0
amoibe	ἀμοιβή	ἀμοιβή	requital, recompense	1
amolgos	ἀμολγός	ἀμολγός	the depth or gloom of night	0
amolgo	ἀμολγῷ	ἀμολγός	the depth or gloom of night	0
amorbeo	ἀμορβέω	ἀμορβέω	to accompany	0
amorbeuo	ἀμορβεύω	ἀμορβεύω	to accompany	0
amorbos	ἀμορβός	ἀμορβός	follower, attendant	0
amorgis	ἀμοργίς	ἀμοργίς	stalks of mallow, used like hemp or flax	0
ampeloin	ἀμπέλοιν	ἄμπελος	vine	0
ampelois	ἀμπέλοις	ἄμπελος	vine	0
ampelou	ἀμπέλου	ἄμπελος	vine	0
ampelous	ἀμπέλους	ἄμπελος	vine	0
ampelon	ἀμπέλων	ἄμπελος	vine	0
ampelo	ἀμπέλῳ	ἄμπελος	vine	0
ampelon	ἀμπελών	ἀμπελών	vineyard	0
amugdale	ἀμυγδάλη	ἀμυγδάλη	almond	0
amudros	ἀμυδρός	ἀμυδρός	dim, faint, obscure	0
amphepo	ἀμφέπω	ἀμφέπω	Tragic form of ἀμφιέπω (amphiépō)	0
amphekes	ἀμφήκης	ἀμφήκης	two-edged	0
amphi	ἀμφί	ἀμφί	[with genitive]	0
amphias	ἀμφίας	ἀμφίας	name of a bad Sicilian wine	0
amphibia	ἀμφίβια	ἀμφίβιος	Living a dual life on land and water	0
amphis	ἀμφίς	ἀμφίς	on both sides	0
amphialo	ἀμφιάλῳ	ἀμφίαλος	sea-girt (of islands)	0
amphiepo	ἀμφιέπω	ἀμφιέπω	to go about, to surround	0
amphidea	ἀμφιδέα	ἀμφιδέα	Anything that binds or is bound around, bracelet or anklet	1
amphideo	ἀμφιδέω	ἀμφιδέω	to bind around	0
amorge	ἀμόργη	ἀμόργη	watery part which runs out when olives are pressed, amurca	0
amulou	ἀμύλου	ἄμυλος	Not ground at the mill	0
amumon	ἀμύμων	ἀμύμων	blameless, noble, excellent	0
amuntor	ἀμύντωρ	ἀμύντωρ	defender	0
amuno	ἀμύνω	ἀμύνω	to keep off, ward off, defend, guard, assist	0
amusso	ἀμύσσω	ἀμύσσω	to scratch, tear, lacerate	0
amunai	ἀμῦναι	ἀμύνω	to keep off, ward off, defend, guard, assist	0
ana	ἀνά	ἀνά	[with genitive] (rare) on board	0
anabasis	ἀνάβασις	ἀνάβασις	ascent	1
anagka	ἀνάγκα	ἀνάγκη	force	0
anagkaze	ἀνάγκαζε	ἀναγκάζω	to force	0
anagke	ἀνάγκη	ἀνάγκη	force	0
anaguros	ἀνάγυρος	ἀνάγυρος	bean trefoil (Anagyris foetida)	0
anago	ἀνάγω	ἀνάγω	to lead up from a lower place to a higher	0
anaeire	ἀνάειρε	ἀναείρω	to lift up, to carry off	0
anathema	ἀνάθεμα	ἀνάθεμα	votive offering	0
analemma	ἀνάλημμα	ἀνάλημμα	pedestal of a sundial	1
analepsi	ἀνάληψι	ἀνάληψις	a take-up	1
analogos	ἀνάλογος	ἀνάλογος	proportionate	1
analuma	ἀνάλυμα	ἀνάλυμα	liberation	0
analusis	ἀνάλυσις	ἀνάλυσις	a loosing, releasing	0
analutos	ἀνάλυτος	ἀνάλυτος	dissolved	0
anapto	ἀνάπτω	ἀνάπτω	bind or make fast to	0
anarsios	ἀνάρσιος	ἀνάρσιος	unfriendly, hostile	0
anartios	ἀνάρτιος	ἀνάρτιος	uneven	0
anassei	ἀνάσσει	ἀνάσσω	[with dative	0
anassein	ἀνάσσειν	ἀνάσσω	[with dative	0
anasseis	ἀνάσσεις	ἀνάσσω	[with dative	0
anasso	ἀνάσσω	ἀνάσσω	[with dative	0
anasson	ἀνάσσων	ἀνάσσω	[with dative	0
anastema	ἀνάστημα	ἀνάστημα	height	0
anataxis	ἀνάταξις	ἀνάταξις	financial estimate, assessment	0
anatasis	ἀνάτασις	ἀνάτασις	extension	0
anebe	ἀνέβη	ἀναβαίνω	to go up, mount	0
anetheke	ἀνέθηκε	ἀνατίθημι	lay upon, put upon	0
anekaie	ἀνέκαιε	ἀνακαίω	to light up	0
aneme	ἀνέμη	ἀνέμη	weasel	0
anemoin	ἀνέμοιν	ἄνεμος	wind, breeze, gale	0
anemoio	ἀνέμοιο	ἄνεμος	wind, breeze, gale	0
anemois	ἀνέμοις	ἄνεμος	wind, breeze, gale	0
anemoisi	ἀνέμοισι	ἄνεμος	wind, breeze, gale	0
anemou	ἀνέμου	ἄνεμος	wind, breeze, gale	0
anemous	ἀνέμους	ἄνεμος	wind, breeze, gale	0
anemo	ἀνέμω	ἄνεμος	wind, breeze, gale	0
anemon	ἀνέμων	ἄνεμος	wind, breeze, gale	0
anestan	ἀνέσταν	ἀνίστημι	active of the present, imperfect, future, and first aorist	0
aneste	ἀνέστη	ἀνίστημι	active of the present, imperfect, future, and first aorist	0
aneskhon	ἀνέσχον	ἀνέχω	to hold up one's hands (in fight, in surrender, in prayer et	0
anekhei	ἀνέχει	ἀνέχω	to hold up one's hands (in fight, in surrender, in prayer et	0
anekho	ἀνέχω	ἀνέχω	to hold up one's hands (in fight, in surrender, in prayer et	0
anegonto	ἀνήγοντο	ἀνάγω	to lead up from a lower place to a higher	0
aneko	ἀνήκω	ἀνήκω	to have come up to a point, reach up to	0
anelikos	ἀνήλικος	ἀνήλικος	underage, not yet arrived at the age of majority	0
aner	ἀνήρ	ἀνήρ	man (adult male)	0
ania	ἀνία	ἀνία	grief, sorrow, distress, trouble	0
aniemi	ἀνίημι	ἀνίημι	to let go, loosen	0
aniketos	ἀνίκητος	ἀνίκητος	unconquered, unconquerable, invincible	0
anistato	ἀνίστατο	ἀνίστημι	active of the present, imperfect, future, and first aorist	0
anistemi	ἀνίστημι	ἀνίστημι	active of the present, imperfect, future, and first aorist	0
anaisso	ἀναΐσσω	ἀναΐσσω	to dart up	0
anaimon	ἀναίμων	ἀναίμων	bloodless	0
anaineto	ἀναίνετο	ἀναίνομαι	to spurn, reject	0
anaition	ἀναίτιον	ἀναίτιος	not the cause of	0
anaitios	ἀναίτιος	ἀναίτιος	not the cause of	0
anaballo	ἀναβάλλω	ἀναβάλλω	to throw up	0
anabas	ἀναβάς	ἀναβαίνω	to go up, mount	0
anabaino	ἀναβαίνω	ἀναβαίνω	to go up, mount	0
anablepo	ἀναβλέπω	ἀναβλέπω	to look up, especially as a mark of confidence	0
anaboao	ἀναβοάω	ἀναβοάω	to shout aloud, utter a loud cry	0
anabole	ἀναβολή	ἀναβολή	ascent, way up	0
anagkazo	ἀναγκάζω	ἀναγκάζω	to force	0
anagkaia	ἀναγκαῖα	ἀναγκαῖος	necessary	0
anagoge	ἀναγωγή	ἀναγωγή	leading up, lifting up	1
anadeo	ἀναδέω	ἀναδέω	to tie up	0
anaeiro	ἀναείρω	ἀναείρω	to lift up, to carry off	0
anaidesi	ἀναιδέσι	ἀναιδής	shameless	0
anaides	ἀναιδής	ἀναιδής	shameless	0
anaimia	ἀναιμία	ἀναιμία	lack of blood	0
anaimoti	ἀναιμωτί	ἀναιμωτί	without bloodshed	0
anaireo	ἀναιρέω	ἀναιρέω	to take up	0
anakaio	ἀνακαίω	ἀνακαίω	to light up	0
anakaleo	ἀνακαλέω	ἀνακαλέω	to call back	0
anakrino	ἀνακρίνω	ἀνακρίνω	to examine closely, to question, interrogate	0
anakrouo	ἀνακρούω	ἀνακρούω	to push back, stop short, check	0
analego	ἀναλέγω	ἀναλέγω	to pick up, gather up	0
analisko	ἀναλίσκω	ἀναλίσκω	to spend	0
analthes	ἀναλθής	ἀναλθής	powerless to heal	0
analogia	ἀναλογία	ἀναλογία	proportion (also mathematical)	0
analuter	ἀναλυτήρ	ἀναλυτήρ	deliverer	0
analusei	ἀναλύσει	ἀνάλυσις	a loosing, releasing	0
analutes	ἀναλύτης	ἀναλύτης	deliverer, liberator, unlooser	0
analuo	ἀναλύω	ἀναλύω	to cause to wander, unsettle	0
anameno	ἀναμένω	ἀναμένω	to wait for, await, hold on	0
anamix	ἀναμίξ	ἀναμίξ	promiscuously, pell-mell	0
anamone	ἀναμονή	ἀναμονή	patient abiding, endurance	0
anandria	ἀνανδρία	ἀνανδρία	lack of manhood (also in the sense of male genitals)	0
anapallo	ἀναπάλλω	ἀναπάλλω	to draw back and brandish (a weapon)	0
anapipto	ἀναπίπτω	ἀναπίπτω	to fall back	0
anapaio	ἀναπαίω	ἀναπαίω	to strike back	0
anapauo	ἀναπαύω	ἀναπαύω	to cause to rest, to soothe, refresh	0
anapneo	ἀναπνέω	ἀναπνέω	to breathe (again), take a breath, draw breath	0
anarpazo	ἀναρπάζω	ἀναρπάζω	to snatch up	0
anarkhia	ἀναρχία	ἀναρχία	lack of a leader	1
anaspao	ἀνασπάω	ἀνασπάω	to pull down	0
anastas	ἀναστάς	ἀνίστημι	active of the present, imperfect, future, and first aorist	0
anasteto	ἀναστήτω	ἀνίστημι	active of the present, imperfect, future, and first aorist	0
anaskhon	ἀνασχών	ἀνέχω	to hold up one's hands (in fight, in surrender, in prayer et	0
anatello	ἀνατέλλω	ἀνατέλλω	to raise up	0
anatemno	ἀνατέμνω	ἀνατέμνω	to cut open	0
anateino	ἀνατείνω	ἀνατείνω	to stretch up, hold up, lift up	0
anatole	ἀνατολή	ἀνατολή	rising above the horizon (of any heavenly body, especially t	1
anatome	ἀνατομή	ἀνατομή	a cutting up, especially of an animal or person, mutilation	0
anatrepo	ἀνατρέπω	ἀνατρέπω	to turn up, turn over, overturn, upset	0
anatrope	ἀνατροπή	ἀνατροπή	capsizing	0
anaphero	ἀναφέρω	ἀναφέρω	to bring, bear, carry upwards	0
anaphes	ἀναφής	ἀναφής	impalpable, intangible	0
anaphora	ἀναφορά	ἀναφορά	reference of a thing to a standard	1
anakhrio	ἀναχρίω	ἀναχρίω	to anoint, smear, or apply a substance again or thoroughly	0
anakhoro	ἀναχωρῶ	ἀναχωρέω	to go back	0
andris	ἀνδρίς	ἀνδρίς	woman	0
andreia	ἀνδρεία	ἀνδρεία	courage, bravery, fortitude (of men or women)	0
andreian	ἀνδρείαν	ἀνδρεῖος	Of or pertaining to a man	0
andreias	ἀνδρείας	ἀνδρεῖος	Of or pertaining to a man	0
andreiou	ἀνδρείου	ἀνδρεῖος	Of or pertaining to a man	0
andreion	ἀνδρείων	ἀνδρεῖος	Of or pertaining to a man	0
andreios	ἀνδρείως	ἀνδρείως	bravely	0
andreia	ἀνδρείᾳ	ἀνδρεῖος	Of or pertaining to a man	0
andreio	ἀνδρείῳ	ἀνδρεῖος	Of or pertaining to a man	0
andreiai	ἀνδρεῖαι	ἀνδρεῖος	Of or pertaining to a man	0
andreie	ἀνδρεῖε	ἀνδρεῖος	Of or pertaining to a man	0
andreioi	ἀνδρεῖοι	ἀνδρεῖος	Of or pertaining to a man	0
andreios	ἀνδρεῖος	ἀνδρεῖος	Of or pertaining to a man	0
andrias	ἀνδριάς	ἀνδριάς	image of a man, statue, puppet	0
androo	ἀνδρόω	ἀνδρόω	rear to manhood, make a man	0
andron	ἀνδρών	ἀνδρών	andron (men's apartment in a house or banqueting-hall)	1
aneimon	ἀνείμων	ἀνείμων	without clothes	0
aneireai	ἀνείρεαι	ἀνείρομαι	to inquire, ask	0
aneis	ἀνείς	ἀνίημι	to let go, loosen	0
anegeiro	ἀνεγείρω	ἀνεγείρω	wake up, rouse	0
aneimene	ἀνειμένῃ	ἀνειμένος	let go free, released from labour	0
anektos	ἀνεκτός	ἀνεκτός	bearable, sufferable, tolerable	0
anemonon	ἀνεμωνῶν	ἀνεμώνη	poppy anemone (Anemone coronaria)	1
anemolia	ἀνεμώλια	ἀνεμώλιος	windy (empty and lacking substance), good for nothing, in va	0
anemone	ἀνεμώνη	ἀνεμώνη	poppy anemone (Anemone coronaria)	1
anemonen	ἀνεμώνην	ἀνεμώνη	poppy anemone (Anemone coronaria)	1
anemones	ἀνεμώνης	ἀνεμώνη	poppy anemone (Anemone coronaria)	1
anemonai	ἀνεμῶναι	ἀνεμώνη	poppy anemone (Anemone coronaria)	1
aneile	ἀνεῖλε	ἀναιρέω	to take up	0
aneimen	ἀνεῖμεν	ἀνίημι	to let go, loosen	0
antheo	ἀνθέω	ἀνθέω	to flower	0
anthele	ἀνθήλη	ἀνθήλη	silky flower-tufts of the reed	1
anthias	ἀνθίας	ἀνθίας	marine goldfish (Anthias anthias)	1
anthizo	ἀνθίζω	ἀνθίζω	to strew or deck with flowers	0
anthemis	ἀνθεμίς	ἀνθεμίς	flower	1
anthedon	ἀνθηδών	ἀνθηδών	oriental hawthorn (Crataegus orientalis)	0
antheros	ἀνθηρός	ἀνθηρός	flowery	0
anthrene	ἀνθρήνη	ἀνθρήνη	hornet, wasp	0
anion	ἀνιών	ἀνέρχομαι	to ascend	0
annis	ἀννίς	ἀννίς	maternal or paternal grandmother	0
anoigo	ἀνοίγω	ἀνοίγω	to open	0
anoikizo	ἀνοικίζω	ἀνοικίζω	to remove (especially to a higher location)	0
anoiktos	ἀνοικτός	ἀνοικτός	opened, open, not closed	0
anokokhe	ἀνοκωχή	ἀνοκωχή	a stay, cessation	0
anomia	ἀνομία	ἀνομία	lawlessness	0
anomoios	ἀνομοίως	ἀνομοίως	dissimilarly	0
anorexia	ἀνορεξία	ἀνορεξία	lack of appetite	0
anorouo	ἀνορούω	ἀνορούω	to start up, leap up	0
anokhe	ἀνοχή	ἀνοχή	holding back, cessation of hostilities	0
anstas	ἀνστάς	ἀνίστημι	active of the present, imperfect, future, and first aorist	0
antao	ἀντάω	ἀντάω	to come opposite to, meet face to face, meet with	0
antekho	ἀντέχω	ἀντέχω	to hold out, keep	0
anti	ἀντί	ἀντί	over against, opposite	1
antia	ἀντία	ἀντίος	opposite, facing	0
antibion	ἀντίβιον	ἀντίβιος	opposing face to face, hostile	0
antibios	ἀντίβιος	ἀντίβιος	opposing face to face, hostile	0
antioi	ἀντίοι	ἀντίος	opposite, facing	0
antion	ἀντίον	ἀντίον	against (me, him, her, etc	0
antios	ἀντίος	ἀντίος	opposite, facing	0
antipais	ἀντίπαις	ἀντίπαις	like a child	0
antipous	ἀντίπους	ἀντίπους	with the feet opposite	1
antiskho	ἀντίσχω	ἀντέχω	to hold out, keep	0
antiskhe	ἀντίσχῃ	ἀντέχω	to hold out, keep	0
antairo	ἀνταίρω	ἀνταίρω	to raise (one's hands etc	0
antanago	ἀντανάγω	ἀντανάγω	to lead up against	0
anterao	ἀντεράω	ἀντεράω	to love in return	0
anteron	ἀντερῶν	ἀντιλέγω	to gainsay, contradict	0
anteipon	ἀντεῖπον	ἀντιλέγω	to gainsay, contradict	0
antiazo	ἀντιάζω	ἀντιάζω	to meet face to face, encounter	0
antiasas	ἀντιάσας	ἀντιάω	to come to meet	0
antiao	ἀντιάω	ἀντιάω	to come to meet	0
antitheo	ἀντιθέῳ	ἀντίθεος	godlike	0
antikru	ἀντικρύ	ἀντικρύ	face to face, over against	0
antilego	ἀντιλέγω	ἀντιλέγω	to gainsay, contradict	0
antistas	ἀντιστάς	ἀνθίστημι	to stand against	0
antleo	ἀντλέω	ἀντλέω	to bail out bilgewater	0
antlia	ἀντλία	ἀντλία	A baling out of bilge-water	0
antleter	ἀντλητήρ	ἀντλητήρ	one who draws water	0
anomalia	ἀνωμαλία	ἀνωμαλία	inequality, irregularity, unevenness, unsmoothness	0
anoetos	ἀνόητος	ἀνόητος	not thought on	0
anomoin	ἀνόμοιν	ἄνομος	lawless, impious	0
anomoios	ἀνόμοιος	ἀνόμοιος	dissimilar, unlike	0
anomois	ἀνόμοις	ἄνομος	lawless, impious	0
anomou	ἀνόμου	ἄνομος	lawless, impious	0
anomous	ἀνόμους	ἄνομος	lawless, impious	0
anomo	ἀνόμω	ἄνομος	lawless, impious	0
anomon	ἀνόμων	ἄνομος	lawless, impious	0
anorouse	ἀνόρουσε	ἀνορούω	to start up, leap up	0
anosios	ἀνόσιος	ἀνόσιος	unholy, profane	0
anuo	ἀνύω	ἀνύω	to cause	0
anogei	ἀνώγει	ἄνωγα	to order, command, bid	0
anogoi	ἀνώγοι	ἄνωγα	to order, command, bid	0
anoge	ἀνώγῃ	ἄνωγα	to order, command, bid	0
anodunos	ἀνώδυνος	ἀνώδυνος	free from pain, free from distress	1
anomalos	ἀνώμαλος	ἀνώμαλος	uneven, irregular	0
anonumon	ἀνώνυμον	ἀνώνυμος	anonymous, nameless	0
anonumos	ἀνώνυμος	ἀνώνυμος	anonymous, nameless	0
aneke	ἀνῆκε	ἀνίημι	to let go, loosen	0
aneken	ἀνῆκεν	ἀνίημι	to let go, loosen	0
axia	ἀξία	ἀξία	worth, value	1
axine	ἀξίνη	ἀξίνη	axe-head	0
axioma	ἀξίωμα	ἀξίωμα	that which is thought fit, a requisite	1
axios	ἀξίως	ἀξίως	worthily	0
axiosin	ἀξίωσιν	ἀξίωσις	thinking worthy or fit	0
axiosis	ἀξίωσις	ἀξίωσις	thinking worthy or fit	0
axioutai	ἀξιοῦται	ἀξιόω	to think or deem worthy	0
axiologa	ἀξιόλογα	ἀξιόλογος	worthy of mention	0
axioo	ἀξιόω	ἀξιόω	to think or deem worthy	0
aoide	ἀοιδή	ἀοιδή	the art of singing	0
aoidos	ἀοιδός	ἀοιδός	musical	1
aollees	ἀολλέες	ἀολλέες	all together	0
aorte	ἀορτή	ἀορτή	the lower extremities of the windpipe	1
aorter	ἀορτήρ	ἀορτήρ	strap, swordbelt	0
aosseo	ἀοσσέω	ἀοσσέω	to help	0
apagein	ἀπάγειν	ἀπάγω	to lead away	0
apagkho	ἀπάγχω	ἀπάγχω	to strangle, throttle	0
apago	ἀπάγω	ἀπάγω	to lead away	0
apatheia	ἀπάθεια	ἀπάθεια	want of sensation, impassibility	0
apate	ἀπάτη	ἀπάτη	deceit	0
apates	ἀπάτης	ἀπάτη	deceit	0
apator	ἀπάτωρ	ἀπάτωρ	not having a father	0
apebe	ἀπέβη	ἀποβαίνω	to go away, depart, leave	0
apenanti	ἀπέναντι	ἀπέναντι	opposite	0
apeste	ἀπέστη	ἀφίστημι	to stand off or away	0
apetalos	ἀπέταλος	ἀπέταλος	stripped of leaves, aphyllous, leafless	0
apetelos	ἀπέτηλος	ἀπέτηλος	Ionic spelling of ᾱ̓πέτᾰλος (āpétălos)	0
apekho	ἀπέχω	ἀπέχω	to keep off or away from	0
apemona	ἀπήμονα	ἀπήμων	unhurt, unharmed, free from distress, free from harm	0
apemon	ἀπήμων	ἀπήμων	unhurt, unharmed, free from distress, free from harm	0
apene	ἀπήνη	ἀπήνη	four-wheel wagon drawn by mules	0
apies	ἀπίης	ἀφίημι	to send forth, discharge, emit	0
apistos	ἀπίστως	ἀπίστως	beyond belief	0
apathes	ἀπαθής	ἀπαθής	without sensation or suffering	0
apatheis	ἀπαθεῖς	ἀπαθής	without sensation or suffering	0
apaiteo	ἀπαιτέω	ἀπαιτέω	to demand back, demand in payment	0
apaitei	ἀπαιτεῖ	ἀπαιτέω	to demand back, demand in payment	0
apallage	ἀπαλλαγή	ἀπαλλαγή	deliverance, release, relief, riddance	0
apantao	ἀπαντάω	ἀπαντάω	to meet	0
apaxioo	ἀπαξιόω	ἀπαξιόω	to deem unworthy, disown, banish	0
apaxion	ἀπαξιῶν	ἀπαξιόω	to deem unworthy, disown, banish	0
aparesko	ἀπαρέσκω	ἀπαρέσκω	to be disagreeable	0
aparine	ἀπαρίνη	ἀπαρίνη	cleavers (Galium aparine)	0
apatao	ἀπατάω	ἀπατάω	to deceive	0
apaurao	ἀπαυράω	ἀπαυράω	to wrest (something) from (someone), rob (someone) of (somet	0
apeiron	ἀπείρων	ἄπειρος	without trial or experience, not used to, ignorant of, unacq	1
apeitheo	ἀπειθέω	ἀπειθέω	to disobey	0
apeileo	ἀπειλέω	ἀπειλέω	to threaten	0
apeile	ἀπειλή	ἀπειλή	boastful promises, boasts	0
apeiria	ἀπειρία	ἀπειρία	lack of skill, inexperience, ignorance	0
apellon	ἀπελλόν	ἀπελλόν	black poplar	0
aperao	ἀπεράω	ἀπεράω	to vomit, disgorge	0
aperon	ἀπερῶν	ἀπεῖπον	to speak out	0
apeuthes	ἀπευθής	ἀπευθής	Not inquired into, unknown	0
apeipon	ἀπεῖπον	ἀπεῖπον	to speak out	0
apenea	ἀπηνέα	ἀπηνής	ungentle, harsh, rough, hard	0
apenes	ἀπηνής	ἀπηνής	ungentle, harsh, rough, hard	0
apeura	ἀπηύρα	ἀπαυράω	to wrest (something) from (someone), rob (someone) of (somet	0
apeuron	ἀπηύρων	ἀπαυράω	to wrest (something) from (someone), rob (someone) of (somet	0
apitheo	ἀπιθέω	ἀπειθέω	to disobey	0
apisteo	ἀπιστέω	ἀπιστέω	to disbelieve, doubt	0
apistia	ἀπιστία	ἀπιστία	unbelief, distrust, lack of confidence, doubt	0
apistein	ἀπιστεῖν	ἀπιστέω	to disbelieve, doubt	0
apistoie	ἀπιστοίη	ἀπιστέω	to disbelieve, doubt	0
aplestia	ἀπληστία	ἀπληστία	insatiate desire, greediness (of something	0
apoikous	ἀποίκους	ἄποικος	away from home, abroad (sometimes followed by genitive)	0
apoikon	ἀποίκων	ἄποικος	away from home, abroad (sometimes followed by genitive)	0
apoballo	ἀποβάλλω	ἀποβάλλω	to throw away, discard	0
apobaino	ἀποβαίνω	ἀποβαίνω	to go away, depart, leave	0
apobalon	ἀποβαλών	ἀποβάλλω	to throw away, discard	0
apodokhe	ἀποδοχή	ἀποδοχή	receiving back	0
apodosei	ἀποδόσει	ἀπόδοσις	giving back, restitution, return	1
apodus	ἀποδύς	ἀποδύω	to strip off (something from someone)	0
apoduo	ἀποδύω	ἀποδύω	to strip off (something from someone)	0
apozo	ἀποζῶ	ἀποζῶ	to live off	0
apotheke	ἀποθήκη	ἀποθήκη	repository, storehouse, warehouse	1
apotheoo	ἀποθεόω	ἀποθεόω	to deify	0
apoikia	ἀποικία	ἀποικία	colony	0
apoikizo	ἀποικίζω	ἀποικίζω	to send away from home	0
apokedeo	ἀποκηδέω	ἀποκηδέω	to be careless, negligent, remiss	0
apokedes	ἀποκηδής	ἀποκηδής	negligent	0
apokleio	ἀποκλείω	ἀποκλείω	to shut off from or out of, debar	0
apokopa	ἀποκοπά	ἀποκοπή	amputation	0
apokopas	ἀποκοπάς	ἀποκοπή	amputation	0
apokope	ἀποκοπή	ἀποκοπή	amputation	0
apokopen	ἀποκοπήν	ἀποκοπή	amputation	0
apokopai	ἀποκοπαί	ἀποκοπή	amputation	0
apokopes	ἀποκοπῆς	ἀποκοπή	amputation	0
apokopon	ἀποκοπῶν	ἀποκοπή	amputation	0
apokrino	ἀποκρίνω	ἀποκρίνω	to separate, set apart	0
apokrouo	ἀποκρούω	ἀποκρούω	to beat off from	0
apokoluo	ἀποκωλύω	ἀποκωλύω	to hinder or prevent	0
apokopto	ἀποκόπτω	ἀποκόπτω	to cut off, amputate	0
apokuema	ἀποκύημα	ἀποκύημα	fetus	0
apolego	ἀπολέγω	ἀπολέγω	to pick out from	0
apolegei	ἀπολήγει	ἀπολήγω	to leave off, desist	0
apolego	ἀπολήγω	ἀπολήγω	to leave off, desist	0
apolauo	ἀπολαύω	ἀπολαύω	to enjoy	0
apolauon	ἀπολαύων	ἀπολαύω	to enjoy	0
apoleipo	ἀπολείπω	ἀπολείπω	to leave (behind), desert	0
apologia	ἀπολογία	ἀπολογία	a speech made in defense of something	0
apoloito	ἀπολοῖτο	ἀπόλλυμι	to completely destroy	0
apoluo	ἀπολύω	ἀπολύω	to loose from	0
aponia	ἀπονία	ἀπονία	laziness, freedom from toil	0
apopempo	ἀποπέμπω	ἀποπέμπω	to send off or away, dismiss, dispatch	0
apopleo	ἀποπλέω	ἀποπλέω	to sail away	0
apopleon	ἀποπλέων	ἀποπλέω	to sail away	0
apoplein	ἀποπλεῖν	ἀποπλέω	to sail away	0
apoptuo	ἀποπτύω	ἀποπτύω	to spit out, spit	0
aporeo	ἀπορέω	ἀπορέω	to be at a loss	0
aporia	ἀπορία	ἀπορία	a difficulty in passage	1
aporouo	ἀπορούω	ἀπορούω	to dart away	0
aposkeue	ἀποσκευή	ἀποσκευή	removal, riddance, e	0
apostas	ἀποστάς	ἀφίστημι	to stand off or away	0
apostole	ἀποστολή	ἀποστολή	commission, mission	0
apotemno	ἀποτέμνω	ἀποτέμνω	to cut off, sever	0
apoteko	ἀποτήκω	ἀποτήκω	to melt away from	0
apotino	ἀποτίνω	ἀποτίνω	to pay back, repay, return	0
apoteleo	ἀποτελέω	ἀποτελέω	to finish (something), to accomplish, to form fully	0
apotomas	ἀποτομάς	ἀποτομάς	split or hewn piece of wood	0
apotrepo	ἀποτρέπω	ἀποτρέπω	to (cause to) turn away or turn back	0
apotrope	ἀποτροπή	ἀποτροπή	deterrence, dissuasion	0
apousia	ἀπουσία	ἀπουσία	absence	0
apokhe	ἀποχή	ἀποχή	distance	0
apokhrao	ἀποχράω	ἀποχράω	to suffice, be sufficient, be enough	0
apouras	ἀπούρας	ἀπαυράω	to wrest (something) from (someone), rob (someone) of (somet	0
apragmon	ἀπράγμων	ἀπράγμων	free from business	0
apraxia	ἀπραξία	ἀπραξία	nonaction	1
aproikou	ἀπροίκου	ἄπροικος	dowryless, without a dowry	0
aproikon	ἀπροίκων	ἄπροικος	dowryless, without a dowry	0
aproiko	ἀπροίκῳ	ἄπροικος	dowryless, without a dowry	0
appha	ἄπφα	ἄπφα	term of endearment, used as an address between siblings or b	0
apotheo	ἀπωθέω	ἀπωθέω	to thrust away, push back, cast away	0
apo	ἀπό	ἀπό	from, away from	0
apobasis	ἀπόβασις	ἀπόβασις	stepping off, disembarking, landing	0
apogeion	ἀπόγειον	ἀπόγειον	apogee, greatest distance from the Earth	1
apogeios	ἀπόγειος	ἀπόγειος	far from the Earth	0
apodosis	ἀπόδοσις	ἀπόδοσις	giving back, restitution, return	1
apozema	ἀπόζεμα	ἀπόζεμα	decoction	0
apotheos	ἀπόθεος	ἀπόθεος	far from the gods, godless	0
apokunon	ἀπόκυνον	ἀπόκυνον	dogbane (Cionura erecta)	0
apollumi	ἀπόλλυμι	ἀπόλλυμι	to completely destroy	0
apollus	ἀπόλλυς	ἀπόλλυμι	to completely destroy	0
apollusi	ἀπόλλυσι	ἀπόλλυμι	to completely destroy	0
apollute	ἀπόλλυτε	ἀπόλλυμι	to completely destroy	0
apologos	ἀπόλογος	ἀπόλογος	story, tale	0
apolonto	ἀπόλοντο	ἀπόλλυμι	to completely destroy	0
apolutos	ἀπόλυτος	ἀπόλυτος	loosed, free	0
apolole	ἀπόλωλε	ἀπόλλυμι	to completely destroy	0
apomuios	ἀπόμυιος	ἀπόμυιος	driving away flies	0
aponoia	ἀπόνοια	ἀπόνοια	desperation	0
aponoian	ἀπόνοιαν	ἀπόνοια	desperation	0
aporouse	ἀπόρουσε	ἀπορούω	to dart away	0
aporos	ἀπόρως	ἀπόρως	in an awkward situation	0
apotaxis	ἀπόταξις	ἀπόταξις	separate assessment (for tribute)	0
apotasis	ἀπότασις	ἀπότασις	lengthening, prolongation	0
apotomos	ἀπότομος	ἀπότομος	cut off, abrupt, precipitous	0
apon	ἀπών	ἀπών	absent	0
apokisan	ἀπῴκισαν	ἀποικίζω	to send away from home	0
ara	ἀρά	ἀρά	prayer, invocation	0
arabese	ἀράβησε	ἀραβέω	to clatter	0
arazo	ἀράζω	ἀράζω	to snarl, growl	0
arakinos	ἀράκινος	ἀράκινος	made of chickling vetch	0
araxa	ἀράξα	ἀράξα	A fabulous plant which grows by the river Araxes	0
araomai	ἀράομαι	ἀράομαι	to pray	0
arariza	ἀράριζα	ἀράριζα	smearwort (Aristolochia rotunda)	0
arasso	ἀράσσω	ἀράσσω	to smite	0
arakhnes	ἀράχνης	ἀράχνης	spider	0
aresthai	ἀρέσθαι	ἄρνυμαι	to get, win, gain, achieve, receive (usually in positive sen	0
aresko	ἀρέσκω	ἀρέσκω	to please, satisfy	0
areskon	ἀρέσκων	ἀρέσκω	to please, satisfy	0
areinos	ἀρέϊνος	ἀρέϊνος	made with wood of holm oak	0
are	ἀρή	ἀρή	bane, ruin, harm	0
arego	ἀρήγω	ἀρήγω	to aid, succour in war	0
aregon	ἀρήγων	ἀρήγω	to aid, succour in war	0
aren	ἀρήν	ἀρήν	stunted ears of wheat	0
areios	ἄρειος	ἄρειος	warlike	0
aria	ἀρία	ἀρία	holm oak (Quercus ilex)	0
arizelos	ἀρίζηλος	ἀρίζηλος	conspicuous, very distinct	0
aris	ἀρίς	ἀρίς	bow drill	0
aristas	ἀρίστας	ἄριστος	excellent, superb, superlative, surpassing	0
ariste	ἀρίστη	ἄριστος	excellent, superb, superlative, surpassing	0
aristen	ἀρίστην	ἄριστος	excellent, superb, superlative, surpassing	0
aristous	ἀρίστους	ἄριστος	excellent, superb, superlative, surpassing	0
aristo	ἀρίστω	ἄριστος	excellent, superb, superlative, surpassing	0
araia	ἀραία	ἀραία	narrow, slender	0
arabeo	ἀραβέω	ἀραβέω	to clatter	0
arabis	ἀραβίς	ἀραβίς	whitetop (Lepidium draba)	0
araios	ἀραιός	ἀραιός	thin	0
ararisko	ἀραρίσκω	ἀραρίσκω	join, fasten	0
aratos	ἀρατός	ἀρατός	prayed against, hence accursed	0
arbule	ἀρβύλη	ἀρβύλη	kind of tough shoe or half-boot	0
argaeis	ἀργάεις	ἀργήεις	White, shining	0
argestes	ἀργέστης	ἀργέστης	west-northwest wind (according to Pliny the Elder)	0
argeo	ἀργέω	ἀργέω	to lie idle	0
argeeis	ἀργήεις	ἀργήεις	White, shining	0
arges	ἀργής	ἀργής	Bright, glancing	0
argia	ἀργία	ἀργία	lack of employment or use	0
argaleen	ἀργαλέην	ἀργαλέος	hard to bear, difficult to endure, troublesome, vexatious	0
argaleos	ἀργαλέος	ἀργαλέος	hard to bear, difficult to endure, troublesome, vexatious	0
argaleon	ἀργαλέων	ἀργαλέος	hard to bear, difficult to endure, troublesome, vexatious	0
argaleo	ἀργαλέῳ	ἀργαλέος	hard to bear, difficult to endure, troublesome, vexatious	0
argos	ἀργός	ἀργός	shining	0
argureos	ἀργύρεος	ἀργύρεος	of silver	0
argurion	ἀργύριον	ἀργύριον	small coin, coinage	0
argeti	ἀργῆτι	ἀργής	Bright, glancing	0
ardalion	ἀρδάλιον	ἀρδάλιον	waterpot or trough	0
arete	ἀρετή	ἀρετή	human goodness, human excellence/superlativity	1
aretes	ἀρετῆς	ἀρετή	human goodness, human excellence/superlativity	1
arebos	ἀρηβώς	ἀρηβώς	kind of cassia mentioned in the Periplus of the Erythraean S	0
aremenos	ἀρημένος	ἀρημένος	distressed, worn out	0
areter	ἀρητήρ	ἀρητήρ	a priest	0
areteron	ἀρητήρων	ἀρητήρ	a priest	0
aretera	ἀρητῆρα	ἀρητήρ	a priest	0
areteres	ἀρητῆρες	ἀρητήρ	a priest	0
areteros	ἀρητῆρος	ἀρητήρ	a priest	0
arthmos	ἀρθμός	ἀρθμός	bond	0
arithmeo	ἀριθμέω	ἀριθμέω	to count	0
arithmon	ἀριθμόν	ἀριθμός	number	1
arithmos	ἀριθμός	ἀριθμός	number	1
aristeia	ἀριστεία	ἀριστεία	excellence	0
aristera	ἀριστερά	ἀριστερά	left hand	0
aristeus	ἀριστεύς	ἀριστεύς	the best man	0
aristeuo	ἀριστεύω	ἀριστεύω	to be superlative in quality, to be the best or finest	0
aristeas	ἀριστῆας	ἀριστεύς	the best man	0
aristees	ἀριστῆες	ἀριστεύς	the best man	0
aristeos	ἀριστῆος	ἀριστεύς	the best man	0
arkane	ἀρκάνη	ἀρκάνη	warp beam (bar to which the threads of the loom are fastened	0
arkesein	ἀρκέσειν	ἀρκέω	to ward off, keep off	0
arkeo	ἀρκέω	ἀρκέω	to ward off, keep off	0
arketos	ἀρκετός	ἀρκετός	sufficient, enough	0
arkein	ἀρκεῖν	ἀρκέω	to ward off, keep off	0
arktikos	ἀρκτικός	ἀρκτικός	having to do with the Great Bear (Ursa Major)	0
arkon	ἀρκῶν	ἀρκῶν	sufficient, enough	0
arneomai	ἀρνέομαι	ἀρνέομαι	to deny, disown	0
arnion	ἀρνίον	ἀρνίον	little ram, little lamb	0
arnakis	ἀρνακίς	ἀρνακίς	sheepskin coat	0
arneion	ἀρνειόν	ἀρνειός	ram, wether	0
arneios	ἀρνειός	ἀρνειός	ram, wether	0
arxeumai	ἀρξεῦμαι	ἄρχω	to begin	0
aroter	ἀροτήρ	ἀροτήρ	a plower, plowman, husbandman	0
arpedone	ἀρπεδόνη	ἀρπεδόνη	cord, for binding or snaring game	0
arrabon	ἀρραβών	ἀρραβών	earnest money, caution money	0
arrages	ἀρραγής	ἀρραγής	unbroken (not divided into parts)	0
artabe	ἀρτάβη	ἀρτάβη	Persian measure of capacity, equivalent to 1 medimnus + 3 ch	0
artane	ἀρτάνη	ἀρτάνη	rope, noose, halter, that by which something is hung up	0
artao	ἀρτάω	ἀρτάω	to fasten to or hang one thing upon another	0
artemon	ἀρτέμων	ἀρτέμων	topsail, foresail, bysail	1
artiala	ἀρτίαλα	ἀρτίαλα	earrings	0
arteria	ἀρτηρία	ἀρτηρία	windpipe, trachea	0
artutos	ἀρτυτός	ἀρτυτός	seasoned, flavored	0
artuo	ἀρτύω	ἀρτύω	to arrange	0
aruter	ἀρυτήρ	ἀρυτήρ	A ladle or cup	0
arkhas	ἀρχάς	ἀρχή	beginning, origin	0
arkhe	ἀρχή	ἀρχή	beginning, origin	0
arkhaizo	ἀρχαΐζω	ἀρχαΐζω	to be old-fashioned, copy the ancients (in manners, language	1
arkhaia	ἀρχαία	ἀρχαῖος	pertaining to the beginning	1
arkhagos	ἀρχαγός	ἀρχαγός	Lyric form of ᾰ̓ρχηγός (ărkhēgós)	0
arkhaion	ἀρχαῖον	ἀρχαῖος	pertaining to the beginning	1
arkhaios	ἀρχαῖος	ἀρχαῖος	pertaining to the beginning	1
arkheion	ἀρχεῖον	ἀρχεῖον	public building, town hall	0
arkhegos	ἀρχηγός	ἀρχηγός	leader	0
arkhikos	ἀρχικός	ἀρχικός	of or for rule, royal, official	0
arkhos	ἀρχός	ἀρχός	ruler	0
arkhes	ἀρχῆς	ἀρχή	beginning, origin	0
aroge	ἀρωγή	ἀρωγή	aid, succour	0
arogoi	ἀρωγοί	ἀρωγός	aiding, succoring, propitious	0
arogos	ἀρωγός	ἀρωγός	aiding, succoring, propitious	0
aroo	ἀρόω	ἀρόω	to plow	0
aruto	ἀρύτω	ἀρύω	to draw (water, wine, etc	0
aruo	ἀρύω	ἀρύω	to draw (water, wine, etc	0
aromata	ἀρώματα	ἄρωμα	herb, spice	0
aratai	ἀρᾶται	ἀράομαι	to pray	0
asao	ἀσάω	ἀσάω	to glut oneself, take a surfeit	0
asebeia	ἀσέβεια	ἀσέβεια	impiety, ungodliness	0
aseminos	ἀσήμινος	ἀσήμινος	made of silver	0
asaphes	ἀσαφής	ἀσαφής	dim	0
asebes	ἀσεβής	ἀσεβής	ungodly, godless, unholy, profane, sinful, sacrilegious	0
asebesi	ἀσεβέσι	ἀσεβής	ungodly, godless, unholy, profane, sinful, sacrilegious	0
asebesin	ἀσεβέσιν	ἀσεβής	ungodly, godless, unholy, profane, sinful, sacrilegious	0
asebei	ἀσεβεῖ	ἀσεβής	ungodly, godless, unholy, profane, sinful, sacrilegious	0
asebeis	ἀσεβεῖς	ἀσεβής	ungodly, godless, unholy, profane, sinful, sacrilegious	0
asebous	ἀσεβοῦς	ἀσεβής	ungodly, godless, unholy, profane, sinful, sacrilegious	0
asebe	ἀσεβῆ	ἀσεβής	ungodly, godless, unholy, profane, sinful, sacrilegious	0
asebon	ἀσεβῶν	ἀσεβής	ungodly, godless, unholy, profane, sinful, sacrilegious	0
aselges	ἀσελγής	ἀσελγής	licentious, wanton, brutal, outrageous	0
asthenea	ἀσθενέα	ἀσθενής	without strength, weak	0
asthenes	ἀσθενής	ἀσθενής	without strength, weak	0
astheneo	ἀσθενέω	ἀσθενέω	to be weak, feeble, sickly	0
asthenei	ἀσθενεῖ	ἀσθενής	without strength, weak	0
asthene	ἀσθενῆ	ἀσθενής	without strength, weak	0
asthenon	ἀσθενῶν	ἀσθενής	without strength, weak	0
askantes	ἀσκάντης	ἀσκάντης	pallet	0
askera	ἀσκέρα	ἀσκέρα	winter shoe with fur lining	0
askeo	ἀσκέω	ἀσκέω	to give form to some material	0
askesas	ἀσκήσας	ἀσκέω	to give form to some material	0
askidion	ἀσκίδιον	ἀσκίδιον	small goatskin for wine or perfume	1
askites	ἀσκίτης	ἀσκίτης	Dropsy, ascites	1
askaris	ἀσκαρίς	ἀσκαρίς	worm in the intestines	0
askethes	ἀσκηθής	ἀσκηθής	unhurt, unscathed, sound, healthy, unblemished	0
asketes	ἀσκητής	ἀσκητής	one who practices any art or trade	0
askopera	ἀσκοπήρα	ἀσκοπήρα	scrip, wallet	0
askon	ἀσκόν	ἀσκός	skin, hide made into a bag	1
askos	ἀσκός	ἀσκός	skin, hide made into a bag	1
aspasios	ἀσπάσιος	ἀσπάσιος	welcome	0
aspida	ἀσπίδα	ἀσπίς	shield	1
aspidas	ἀσπίδας	ἀσπίς	shield	1
aspides	ἀσπίδες	ἀσπίς	shield	1
aspidi	ἀσπίδι	ἀσπίς	shield	1
aspidion	ἀσπίδιον	ἀσπίδιον	small shield	0
aspis	ἀσπίς	ἀσπίς	shield	1
aspairo	ἀσπαίρω	ἀσπαίρω	to gasp, pant, struggle, resist	0
aspairon	ἀσπαίρων	ἀσπαίρω	to gasp, pant, struggle, resist	0
aspasios	ἀσπασίως	ἀσπασίως	gladly	0
aspastos	ἀσπαστός	ἀσπαστός	welcome (whose arrival is a cause of joy)	0
aspistes	ἀσπιστής	ἀσπιστής	one armed with a shield, warrior	0
assarion	ἀσσάριον	ἀσσάριον	as, a Roman coin made of bronze	0
astandes	ἀστάνδης	ἀστάνδης	courier, messenger	0
aster	ἀστήρ	ἀστήρ	a celestial body (star, planet or other visible celestial ob	0
astakos	ἀστακός	ἀστακός	spiny lobster (Palinurus elephas)	0
astaphis	ἀσταφίς	ἀσταφίς	raisins	0
asteios	ἀστεῖος	ἀστεῖος	of the city, cosmopolitan	0
astrabe	ἀστράβη	ἀστράβη	comfortable saddle for an ass or a mule	0
astrapto	ἀστράπτω	ἀστράπτω	to lighten, hurl lightning	0
astrape	ἀστραπή	ἀστραπή	lightning	0
astos	ἀστός	ἀστός	inhabitant of a town or a city-state	0
asuneteo	ἀσυνετέω	ἀσυνετέω	to lack or be without understanding or comprehension	0
asphales	ἀσφαλής	ἀσφαλής	immovable, steadfast, unshaken	0
asphalos	ἀσφαλῶς	ἀσφαλῶς	steadfastly, resolutely	0
asphuxia	ἀσφυξία	ἀσφυξία	stopping of the pulse	0
askhemon	ἀσχήμων	ἀσχήμων	misshapen, ugly, deformed	0
askhion	ἀσχίον	ἀσχίον	giant puffball (Calvatia gigantea)	0
askhalao	ἀσχαλάω	ἀσχαλάω	to be distressed, grieved	0
askholeo	ἀσχολέω	ἀσχολέω	to engage, occupy	0
askholia	ἀσχολία	ἀσχολία	occupation, business, lack of leisure	0
asotia	ἀσωτία	ἀσωτία	prodigality	0
asoteuo	ἀσωτεύω	ἀσωτεύω	to lead a lavish and prodigal life	0
asunetos	ἀσύνετος	ἀσύνετος	void of understanding, witless	0
asuphe	ἀσύφη	ἀσύφη	kind of cassia mentioned in the Periplus of the Erythraean S	0
asodes	ἀσώδης	ἀσώδης	attended with nausea	0
atallo	ἀτάλλω	ἀτάλλω	to skip in childish glee, gambol, frolic	0
atar	ἀτάρ	ἀτάρ	but, nevertheless	0
ateleia	ἀτέλεια	ἀτέλεια	exemption from public burdens, immunity	1
atembo	ἀτέμβω	ἀτέμβω	to maltreat, afflict	0
atalos	ἀταλός	ἀταλός	tender, delicate	0
ataxia	ἀταξία	ἀταξία	Indiscipline	1
ataraxia	ἀταραξία	ἀταραξία	tranquility	1
ateirea	ἀτειρέα	ἀτειρής	indestructible, durable	0
ateires	ἀτειρής	ἀτειρής	indestructible, durable	0
ateles	ἀτελής	ἀτελής	without end	0
atenizo	ἀτενίζω	ἀτενίζω	to gaze intently, to fixate one's eyes (upon), to stare	0
aterpes	ἀτερπής	ἀτερπής	unpleasing	0
atekhneo	ἀτεχνέω	ἀτεχνέω	to be unskilled, to lack talent	0
ateros	ἀτηρός	ἀτηρός	destructive, hurried to danger	0
atimazo	ἀτιμάζω	ἀτιμάζω	to dishonour, hold in dishonour	0
atimia	ἀτιμία	ἀτιμία	dishonor, disgrace	1
atitallo	ἀτιτάλλω	ἀτιτάλλω	to rear, tend, also of animals	0
atmen	ἀτμήν	ἀτμήν	servant, slave	0
atmos	ἀτμός	ἀτμός	vapor, steam, smoke	1
atonia	ἀτονία	ἀτονία	slackness, enervation, debility	1
atopia	ἀτοπία	ἀτοπία	extraordinariness, uncommonness	0
atremas	ἀτρέμας	ἀτρέμας	unmovingly, still	0
atrekeos	ἀτρεκέως	ἀτρεκέως	accurately, precisely	0
atrekes	ἀτρεκής	ἀτρεκής	precise, exact, strict	0
atrophia	ἀτροφία	ἀτροφία	lack of food or nourishment	0
attagen	ἀτταγήν	ἀτταγᾶς	black francolin (Francolinus francolinus)	0
attagas	ἀτταγᾶς	ἀτταγᾶς	black francolin (Francolinus francolinus)	0
attikizo	ἀττικίζω	ἀττικίζω	to side or ally with the Athenians	0
atukheo	ἀτυχέω	ἀτυχέω	to be unlucky or unfortunate, fail, miscarry	0
atukhes	ἀτυχής	ἀτυχής	unfortunate	0
atopois	ἀτόποις	ἄτοπος	unusual, out of place	0
atopou	ἀτόπου	ἄτοπος	unusual, out of place	0
atopous	ἀτόπους	ἄτοπος	unusual, out of place	0
atopon	ἀτόπων	ἄτοπος	unusual, out of place	0
atopo	ἀτόπῳ	ἄτοπος	unusual, out of place	0
atuzomai	ἀτύζομαι	ἀτύζομαι	to be distraught from fear, bewildered	0
aphake	ἀφάκη	ἀφάκη	vetch (Vicia sativa)	0
apharke	ἀφάρκη	ἀφάρκη	hybrid strawberry tree (Arbutus × andrachnoides)	0
aphelko	ἀφέλκω	ἀφέλκω	to drag off	0
aphia	ἀφία	ἀφία	lesser celandine (Ficaria verna)	0
aphiei	ἀφίει	ἀφίημι	to send forth, discharge, emit	0
aphiemi	ἀφίημι	ἀφίημι	to send forth, discharge, emit	0
aphikeai	ἀφίκηαι	ἀφικνέομαι	to arrive, come	0
aphaireo	ἀφαιρέω	ἀφαιρέω	to take away	0
aphanes	ἀφανής	ἀφανής	unseen, invisible	1
aphanizo	ἀφανίζω	ἀφανίζω	to make unseen, hide, hush up, lose sight of, reject, make a	0
aphanei	ἀφανεῖ	ἀφανής	unseen, invisible	1
aphaneis	ἀφανεῖς	ἀφανής	unseen, invisible	1
aphanous	ἀφανοῦς	ἀφανής	unseen, invisible	1
aphasia	ἀφασία	ἀφασία	speechlessness	1
aphauros	ἀφαυρός	ἀφαυρός	weak, feeble, powerless	0
aphedron	ἀφεδρών	ἀφεδρών	toilet, latrine	0
apheles	ἀφελής	ἀφελής	artless, plain, simple	0
aphestos	ἀφεστώς	ἀφίστημι	to stand off or away	0
apheinai	ἀφεῖναι	ἀφίημι	to send forth, discharge, emit	0
aphikano	ἀφικάνω	ἀφικάνω	to arrive at, have come to	0
aphneios	ἀφνειός	ἀφνειός	rich	0
aphorizo	ἀφορίζω	ἀφορίζω	to mark off boundary	0
aphorme	ἀφορμή	ἀφορμή	starting point, origin, occasion, pretext	0
aphormen	ἀφορμήν	ἀφορμή	starting point, origin, occasion, pretext	0
aphrakto	ἀφράκτω	ἄφρακτος	unfenced, unfortified, unguarded	0
aphrizo	ἀφρίζω	ἀφρίζω	to foam up, froth	0
aphraino	ἀφραίνω	ἀφραίνω	to be foolish	0
aphrades	ἀφραδής	ἀφραδής	insensate	0
aphradia	ἀφραδία	ἀφραδία	folly	0
aphros	ἀφρός	ἀφρός	foam, of the sea	0
aphonia	ἀφωνία	ἀφωνία	speechlessness	0
aphue	ἀφύη	ἀφύη	a small fry of various fish	0
aphusso	ἀφύσσω	ἀφύσσω	to draw liquids, decant, especially from a larger vessel wit	0
aphosin	ἀφῶσιν	ἀφίημι	to send forth, discharge, emit	0
akhane	ἀχάνη	ἀχάνη	name of a Persian measure	0
akhates	ἀχάτης	ἀχάτης	agate	1
akheo	ἀχέω	ἀχεύω	to grieve, mourn	0
akherois	ἀχερωΐς	ἀχερωΐς	white poplar (Populus alba)	0
akheuo	ἀχεύω	ἀχεύω	to grieve, mourn	0
akheuon	ἀχεύων	ἀχεύων	grieving, troubling	0
akhlus	ἀχλύς	ἀχλύς	mist	0
akhras	ἀχράς	ἀχράς	wild pear (Pyrus amygdaliformis)	0
akhreia	ἀχρεία	ἀχρεῖος	useless, unprofitable	0
akhreioi	ἀχρεῖοι	ἀχρεῖος	useless, unprofitable	0
akhreios	ἀχρεῖος	ἀχρεῖος	useless, unprofitable	0
akhuron	ἀχυρών	ἀχυρών	storehouse for chaff	0
akho	ἀχώ	ἠχώ	echo	1
apseudes	ἀψευδής	ἀψευδής	truthful, without lying	0
aides	ἀϊδής	ἀϊδής	invisible	0
aidnos	ἀϊδνός	ἀϊδνός	unseen, obscure	0
aike	ἀϊκή	ἀϊκή	a rush	0
aulotes	ἀϋλότης	ἀϋλότης	immateriality	0
aute	ἀϋτή	ἀϋτή	loud cry	0
autme	ἀϋτμή	ἀϋτμή	breath	0
aoraton	ἀόρατον	ἀόρατος	unseen, invisible	0
aoratos	ἀόρατος	ἀόρατος	unseen, invisible	0
aoristos	ἀόριστος	ἀόριστος	indefinite, indeterminate	0
aometha	ἀώμεθα	ἀάω	to mislead	0
aomenos	ἀώμενος	ἀάω	to mislead	0
aasthai	ἀᾶσθαι	ἀάω	to mislead	0
aatai	ἀᾶται	ἀάω	to mislead	0
aai	ἀᾷ	ἀάω	to mislead	0
aomen	ἀῴμην	ἀάω	to mislead	0
aosthen	ἀῴσθην	ἀάω	to mislead	0
aothen	ἀῶθεν	ἕωθεν	from morn	0
aomai	ἀῶμαι	ἀάω	to mislead	0
aontai	ἀῶνται	ἀάω	to mislead	0
aonto	ἀῷντο	ἀάω	to mislead	0
aoo	ἀῷο	ἀάω	to mislead	0
aosthe	ἀῷσθε	ἀάω	to mislead	0
aosthon	ἀῷσθον	ἀάω	to mislead	0
aoto	ἀῷτο	ἀάω	to mislead	0
abros	ἁβρός	ἁβρός	graceful	1
abros	ἁβρῶς	ἁβρῶς	gracefully, delicately	0
agizei	ἁγίζει	ἁγίζω	to hallow, make sacred, especially by burning a sacrifice	0
agizeis	ἁγίζεις	ἁγίζω	to hallow, make sacred, especially by burning a sacrifice	0
agizeton	ἁγίζετον	ἁγίζω	to hallow, make sacred, especially by burning a sacrifice	0
agizomen	ἁγίζομεν	ἁγίζω	to hallow, make sacred, especially by burning a sacrifice	0
agizousi	ἁγίζουσι	ἁγίζω	to hallow, make sacred, especially by burning a sacrifice	0
agizo	ἁγίζω	ἁγίζω	to hallow, make sacred, especially by burning a sacrifice	0
agiazo	ἁγιάζω	ἁγίζω	to hallow, make sacred, especially by burning a sacrifice	0
agiasmos	ἁγιασμός	ἁγιασμός	consecration, sanctification, holiness	0
agiosune	ἁγιωσύνη	ἁγιωσύνη	holiness	0
agiotes	ἁγιότης	ἁγιότης	holiness	0
agnizo	ἁγνίζω	ἁγνίζω	to make pure, to purify, cleanse away, especially by water	0
agneia	ἁγνεία	ἁγνεία	purity	0
agneuo	ἁγνεύω	ἁγνεύω	to consider as part religion, piety, purity	0
agnismos	ἁγνισμός	ἁγνισμός	purification, expiation	0
agnos	ἁγνός	ἁγνός	pure	0
agnotes	ἁγνότης	ἁγνότης	purity	0
adinou	ἁδινοῦ	ἁδινός	thick, close, densely packed	0
adinon	ἁδινόν	ἁδινός	thick, close, densely packed	0
adinos	ἁδινός	ἁδινός	thick, close, densely packed	0
adros	ἁδρός	ἁδρός	full-grown, grown up, adult	1
ales	ἁλής	ἁλής	thronged, crowded, in a mass	0
alia	ἁλία	ἁλία	assembly of people (in Doric states, equivalent to Attic ἐκκ	0
alizo	ἁλίζω	ἁλίζω	to gather, assemble, meet, collect	0
aliaetos	ἁλιάετος	ἁλιάετος	uncertain	0
alidines	ἁλιδινής	ἁλιδινής	sea-tossed	0
alieia	ἁλιεία	ἁλιεία	fishing	0
alieus	ἁλιεύς	ἁλιεύς	fisher, fisherman	0
alieuo	ἁλιεύω	ἁλιεύω	to be a fisher	0
almuris	ἁλμυρίς	ἁλμυρίς	salt humour, salt scum	0
almuros	ἁλμυρός	ἁλμυρός	salty	0
alotheke	ἁλοθήκη	ἁλοθήκη	saltbox	0
alourges	ἁλουργής	ἁλουργής	sea-purple (genuine purple, as opposed to imitation purple)	0
alourgis	ἁλουργίς	ἁλουργίς	purple robe	0
alteres	ἁλτῆρες	ἁλτῆρες	dumbbells	1
aloe	ἁλώῃ	ἁλίσκομαι	to be captured	0
alonai	ἁλῶναι	ἁλίσκομαι	to be captured	0
alosin	ἁλῶσιν	ἁλίσκομαι	to be captured	0
amadeon	ἁμάδεον	ἁμάδεον	a kind of fig found in Crete	0
amartema	ἁμάρτημα	ἁμάρτημα	a failure, fault, sin	0
amamelis	ἁμαμηλίς	ἁμαμηλίς	a tree with fruit like the pear, a kind of medlar (Mespilus	0
amartadi	ἁμαρτάδι	ἁμαρτάς	a fault, negligence, an error	0
amartano	ἁμαρτάνω	ἁμαρτάνω	to miss, miss the mark, especially of a thrown spear	0
amartane	ἁμαρτάνῃ	ἁμαρτάνω	to miss, miss the mark, especially of a thrown spear	0
amartas	ἁμαρτάς	ἁμαρτάς	a fault, negligence, an error	0
amarte	ἁμαρτή	ἁμαρτή	together	0
amartia	ἁμαρτία	ἁμαρτία	error, mistake, fault, failure	1
amothen	ἁμόθεν	ἁμόθεν	From some place or time	0
aner	ἁνήρ	ὁ	the	0
andano	ἁνδάνω	ἁνδάνω	to please to delight, to gratify	0
apalos	ἁπαλός	ἁπαλός	soft to the touch, tender	0
aploos	ἁπλόος	ἁπλόος	single	1
aploo	ἁπλόω	ἁπλόω	to make single, unfold, spread out	0
armamaxa	ἁρμάμαξα	ἁρμάμαξα	a covered chariot	0
armala	ἁρμαλά	ἁρμαλά	harmal (Peganum harmala)	1
armoge	ἁρμογή	ἁρμογή	joining, junction, fitting, arrangement	0
armonia	ἁρμονία	ἁρμονία	a fitting together, joint	0
armozei	ἁρμόζει	ἁρμόζω	to fit together	0
armozo	ἁρμόζω	ἁρμόζω	to fit together	0
armos	ἁρμός	ἁρμός	joint	0
arpage	ἁρπάγη	ἁρπάγη	hook	0
arpazo	ἁρπάζω	ἁρπάζω	to snatch away, carry off	0
arpis	ἁρπίς	ἁρπίς	half-boot	0
arpaston	ἁρπαστόν	ἁρπαστόν	handball	0
aphe	ἁφή	ἁφή	lighting, kindling	0
apsis	ἁψίς	ἁψίς	net	1
aaptos	ἄαπτος	ἄαπτος	untouchable	0
aasa	ἄασα	ἀάω	to mislead	0
aasan	ἄασαν	ἀάω	to mislead	0
aason	ἄασον	ἀάω	to mislead	0
aba	ἄβα	ἄβα	wheel	0
abaktos	ἄβακτος	ἄβακτος	unlucky	0
abax	ἄβαξ	ἄβαξ	board	1
abaptos	ἄβαπτος	ἄβαπτος	untempered	0
abaton	ἄβατον	ἄβατον	adytum (innermost sanctuary or shrine in an ancient temple)	1
abatos	ἄβατος	ἄβατος	untrodden	0
abin	ἄβιν	ἄβιν	silver fir, pine (accusative singular)	0
abolos	ἄβολος	ἄβολος	that has not shed his foal-teeth	0
abrote	ἄβροτε	ἄβροτος	immortal	0
abrotoi	ἄβροτοι	ἄβροτος	immortal	0
abrotos	ἄβροτος	ἄβροτος	immortal	0
abrotos	ἄβρωτος	ἄβρωτος	uneatable, inedible, not good for food	0
abusse	ἄβυσσε	ἄβυσσος	bottomless, boundless	0
abusson	ἄβυσσον	ἄβυσσος	bottomless, boundless	0
abussos	ἄβυσσος	ἄβυσσος	bottomless, boundless	0
agage	ἄγαγε	ἄγω	to lead, fetch, bring along (a living creature), take with	0
agalma	ἄγαλμα	ἄγαλμα	honor, glory, pride, delight	0
agamai	ἄγαμαι	ἄγαμαι	to wonder at	0
agamon	ἄγαμον	ἄγαμος	unmarried, single	1
agamos	ἄγαμος	ἄγαμος	unmarried, single	1
agan	ἄγαν	ἄγαν	very much	0
aggaros	ἄγγαρος	ἄγγαρος	Persian mounted courier, for carrying royal dispatches	0
aggea	ἄγγεα	ἄγγος	vessel (to hold liquids)	0
aggeilai	ἄγγειλαι	ἄγγειλαι	/(Attic) second-person singular aorist middle imperative of	0
aggeilon	ἄγγειλον	ἄγγειλον	/(Attic) second-person singular aorist active imperative of	0
aggeloi	ἄγγελοι	ἄγγελος	a messenger	0
aggelos	ἄγγελος	ἄγγελος	a messenger	0
aggos	ἄγγος	ἄγγος	vessel (to hold liquids)	0
aggouron	ἄγγουρον	ἄγγουρον	cucumber	0
aggon	ἄγγων	ἄγγων	Frankish javelin	0
age	ἄγε	ἄγε	come! come on! let's go!	0
agein	ἄγειν	ἄγω	to lead, fetch, bring along (a living creature), take with	0
ageis	ἄγεις	ἄγω	to lead, fetch, bring along (a living creature), take with	0
agesthai	ἄγεσθαι	ἄγω	to lead, fetch, bring along (a living creature), take with	0
agete	ἄγετε	ἄγετε	come! come on! let's go!	0
agkea	ἄγκεα	ἄγκος	bend	0
agkos	ἄγκος	ἄγκος	bend	0
agkura	ἄγκυρα	ἄγκυρα	anchor	0
aglis	ἄγλις	ἄγλις	clove of garlic	0
agnaptos	ἄγναπτος	ἄγναπτος	not fulled or carded, new	0
agnaphos	ἄγναφος	ἄγναπτος	not fulled or carded, new	0
agninos	ἄγνινος	ἄγνινος	made of chaste tree	0
agnoia	ἄγνοια	ἄγνοια	The state of not knowing or perceiving	0
agnos	ἄγνος	ἄγνος	chaste tree (Vitex agnus-castus)	0
agnumi	ἄγνυμι	ἄγνυμι	to break	0
agnostos	ἄγνωστος	ἄγνωστος	unknown	0
agnotos	ἄγνωτος	ἄγνωτος	unknown	0
agomen	ἄγομεν	ἄγω	to lead, fetch, bring along (a living creature), take with	0
agonos	ἄγονος	ἄγονος	infertile, sterile, unfruitful	0
agos	ἄγος	ἄγος	awe	0
agousi	ἄγουσι	ἄγω	to lead, fetch, bring along (a living creature), take with	0
agra	ἄγρα	ἄγρα	a hunt (a chase in order to capture)	0
agraulos	ἄγραυλος	ἄγραυλος	dwelling in the field	0
agraphos	ἄγραφος	ἄγραφος	unwritten	0
agrei	ἄγρει	ἀγρέω	to capture	0
agrioi	ἄγριοι	ἄγριος	living in the open fields	0
agrios	ἄγριος	ἄγριος	living in the open fields	0
agrippos	ἄγριππος	ἄγριππος	The Laconian name of the wild olive (Olea europaea subsp	0
agroikos	ἄγροικος	ἄγροικος	country-dwelling	0
agrupnos	ἄγρυπνος	ἄγρυπνος	wakeful, sleepless, vigilant	0
agrostis	ἄγρωστις	ἄγρωστις	a grass that mules fed on, perhaps Elymus repens	0
aguia	ἄγυια	ἄγυια	street	0
agkhi	ἄγχι	ἄγχι	near, nigh	1
agkhista	ἄγχιστα	ἄγχιστος	nearest, closest	0
agkhousa	ἄγχουσα	ἄγχουσα	alkanet (Alkanna tinctoria)	0
agkho	ἄγχω	ἄγχω	to compress	0
ago	ἄγω	ἄγω	to lead, fetch, bring along (a living creature), take with	0
agon	ἄγων	ἄγω	to lead, fetch, bring along (a living creature), take with	0
addix	ἄδδιξ	ἄδδιξ	unit of measure corresponding to four χοίνῐκες (khoínĭkes)	0
adeia	ἄδεια	ἄδεια	freedom from fear, security	0
adelon	ἄδηλον	ἄδηλος	invisible	1
adelos	ἄδηλος	ἄδηλος	invisible	1
adesa	ἄδησα	ἄδησα	to be sated	0
adikos	ἄδικος	ἄδικος	unjust	0
adipsos	ἄδιψος	ἄδιψος	not thirsty, without thirst	1
admetos	ἄδμητος	ἄδμητος	unbroken	0
adolos	ἄδολος	ἄδολος	guileless, honest	0
adoros	ἄδορος	ἄδορος	not skinned, not flayed	0
adoulos	ἄδουλος	ἄδουλος	unattended by slaves	0
adrua	ἄδρυα	ἄδρυα	upright pieces of a plough	0
aduton	ἄδυτον	ἄδυτον	innermost sanctuary, shrine	1
adutos	ἄδυτος	ἄδυτος	Not to be entered	0
aethlon	ἄεθλον	ἆθλον	prize of a contest	0
aethlos	ἄεθλος	ἆθλος	material for a contest	0
aeiran	ἄειραν	ἀείρω	to lift up, raise, support	0
aella	ἄελλα	ἄελλα	stormwind	0
aesa	ἄεσα	ἄω	to blow	0
azugos	ἄζυγος	ἄζυγος	unwedded, unpaired	1
azumos	ἄζυμος	ἄζυμος	unleavened	0
azo	ἄζω	ἄζω	to dry up, parch	0
azoos	ἄζωος	ἄζωος	lifeless	0
aemi	ἄημι	ἄημι	to breathe, blow	0
atheoi	ἄθεοι	ἄθεος	without gods	0
atheos	ἄθεος	ἄθεος	without gods	0
athetos	ἄθετος	ἄθετος	set aside	1
athlema	ἄθλημα	ἄθλημα	sport	0
athlios	ἄθλιος	ἄθλιος	struggling, unhappy, wretched, miserable	0
athloin	ἄθλοιν	ἆθλος	material for a contest	0
athlois	ἄθλοις	ἆθλος	material for a contest	0
athlou	ἄθλου	ἆθλος	material for a contest	0
athlo	ἄθλω	ἆθλος	material for a contest	0
athlon	ἄθλων	ἆθλος	material for a contest	0
athos	ἄθος	ἄθος	flower, blossom	0
athurma	ἄθυρμα	ἄθυρμα	toy, plaything	0
akaina	ἄκαινα	ἄκαινα	spike, prick, goad	0
akakos	ἄκακος	ἄκακος	harmless	0
akamptos	ἄκαμπτος	ἄκαμπτος	unbent, unbendable, rigid	0
akantha	ἄκανθα	ἄκανθα	thorny plant	1
akanthos	ἄκανθος	ἄκανθος	The acanthus plant	1
akapnos	ἄκαπνος	ἄκαπνος	without smoke, smokeless, not smoking	0
akarpos	ἄκαρπος	ἄκαρπος	without fruit	0
akastos	ἄκαστος	ἄκαστος	Montpellier maple (Acer monspessulanum)	0
akatos	ἄκατος	ἄκατος	light vessel, boat	0
akinos	ἄκινος	ἄκινος	wild basil (Acinos rotundifolius)	0
aklitos	ἄκλιτος	ἄκλιτος	unwavering, stable	0
akmenos	ἄκμηνος	ἄκμηνος	fasting from food	0
akmon	ἄκμων	ἄκμων	meteoric stone	0
akoitin	ἄκοιτιν	ἄκοιτις	a female bedfellow, a wife	0
akoitis	ἄκοιτις	ἄκοιτις	a female bedfellow, a wife	0
akolos	ἄκολος	ἄκολος	morsel, bit	0
akorna	ἄκορνα	ἄκορνα	soldier thistle (Picnomon acarna, syn	0
akoron	ἄκορον	ἄκορον	yellow flag, Iris pseudacorus	0
akoros	ἄκορος	ἄκορος	sweet flag (Acorus calamus)	0
akos	ἄκος	ἄκος	cure	0
akousas	ἄκουσας	ἀκούω	to hear	0
akouse	ἄκουσε	ἀκούω	to hear	0
akousen	ἄκουσεν	ἀκούω	to hear	0
akousis	ἄκουσις	ἄκουσις	Hearing	1
akousma	ἄκουσμα	ἄκουσμα	Thing heard, such as music	0
akra	ἄκρα	ἄκρα	end, point, top, peak, extremity	0
akrai	ἄκραι	ἄκρος	at the edge	0
akrain	ἄκραιν	ἄκρος	at the edge	0
akrais	ἄκραις	ἄκρος	at the edge	0
akran	ἄκραν	ἄκρος	at the edge	0
akras	ἄκρας	ἄκρος	at the edge	0
akratos	ἄκρατος	ἄκρατος	unmixed, neat, sheer (of liquids)	0
akre	ἄκρε	ἄκρος	at the edge	0
akren	ἄκρην	ἄκρος	at the edge	0
akres	ἄκρης	ἄκρος	at the edge	0
akrias	ἄκριας	ἄκρις	peak, mountaintop, hilltop	0
akrithos	ἄκριθος	ἄκριθος	not mixed with barley	0
akris	ἄκρις	ἄκρις	peak, mountaintop, hilltop	0
akrita	ἄκριτα	ἄκριτος	undistinguishable, confused	0
akriton	ἄκριτον	ἄκριτος	undistinguishable, confused	0
akritos	ἄκριτος	ἄκριτος	undistinguishable, confused	0
akroi	ἄκροι	ἄκρος	at the edge	0
akroin	ἄκροιν	ἄκρος	at the edge	0
akrois	ἄκροις	ἄκρος	at the edge	0
akron	ἄκρον	ἄκρον	peak (e	0
akros	ἄκρος	ἄκρος	at the edge	0
akrou	ἄκρου	ἄκρος	at the edge	0
akrous	ἄκρους	ἄκρος	at the edge	0
akro	ἄκρω	ἄκρος	at the edge	0
akron	ἄκρων	ἄκρος	at the edge	0
akros	ἄκρως	ἄκρως	at the point	0
akra	ἄκρᾳ	ἄκρος	at the edge	0
akro	ἄκρῳ	ἄκρον	peak (e	0
aktinos	ἄκτινος	ἄκτινος	of elder wood	0
aktor	ἄκτωρ	ἄκτωρ	leader	0
akulos	ἄκυλος	ἄκυλος	acorn of holm oak	0
akuros	ἄκυρος	ἄκυρος	without authority	0
akon	ἄκων	ἄκων	a light javelin	0
alara	ἄλαρα	ἄλαρα	hazelnuts, the fruits of the hazel tree	0
alaston	ἄλαστον	ἄλαστον	incessantly	0
alastos	ἄλαστος	ἄλαστος	insufferable, accursed	0
albos	ἄλβος	ἄλβος	white	0
algea	ἄλγεα	ἄλγος	pain (of either mind or body), sorrow, trouble, grief, distr	1
algesi	ἄλγεσι	ἄλγος	pain (of either mind or body), sorrow, trouble, grief, distr	1
algema	ἄλγημα	ἄλγημα	pain (felt or caused), suffering	0
algesis	ἄλγησις	ἄλγησις	sense of pain	0
algion	ἄλγιον	ἄλγιον	worse	0
algos	ἄλγος	ἄλγος	pain (of either mind or body), sorrow, trouble, grief, distr	1
aleiar	ἄλειαρ	ἄλειαρ	wheat-groats	0
aleison	ἄλεισον	ἄλεισον	A cup, a goblet	0
aleiphar	ἄλειφαρ	ἄλειφαρ	unguent	0
aleuron	ἄλευρον	ἄλευρον	wheat flour, wheatmeal	1
ale	ἄλη	ἄλη	ceaseless wandering	0
alektos	ἄληκτος	ἄληκτος	unceasing	0
alen	ἄλην	ἄλη	ceaseless wandering	0
aleptos	ἄληπτος	ἄληπτος	not to be laid hold of, hard to catch	0
ales	ἄλης	ἄλη	ceaseless wandering	0
althexis	ἄλθεξις	ἄλθεξις	healing	0
althesis	ἄλθησις	ἄλθησις	treatment, cure	0
althos	ἄλθος	ἄλθος	healing	0
alix	ἄλιξ	ἄλιξ	groats of einkorn wheat	0
alisma	ἄλισμα	ἄλισμα	water plantain (Alisma plantago-aquatica)	0
alips	ἄλιψ	ἄλιψ	rock	0
alke	ἄλκη	ἄλκη	moose	0
alkimos	ἄλκιμος	ἄλκιμος	stout, strong	0
alla	ἄλλα	ἄλλος	other, another, different, else	0
allagma	ἄλλαγμα	ἄλλαγμα	that which is given or taken in exchange	0
allain	ἄλλαιν	ἄλλος	other, another, different, else	0
alle	ἄλλε	ἄλλος	other, another, different, else	0
allix	ἄλλιξ	ἄλλιξ	man's upper garment, purple cloak	0
allo	ἄλλο	ἄλλος	other, another, different, else	0
allothen	ἄλλοθεν	ἄλλοθεν	from another place	0
allothi	ἄλλοθι	ἄλλοθι	elsewhere, in another place	0
alloi	ἄλλοι	ἄλλος	other, another, different, else	0
alloisi	ἄλλοισι	ἄλλος	other, another, different, else	0
alloisin	ἄλλοισιν	ἄλλος	other, another, different, else	0
allon	ἄλλον	ἄλλος	other, another, different, else	0
allos	ἄλλος	ἄλλος	other, another, different, else	0
allose	ἄλλοσε	ἄλλοσε	to somewhere else	0
allote	ἄλλοτε	ἄλλοτε	at another time	0
allous	ἄλλους	ἄλλος	other, another, different, else	0
alludis	ἄλλυδις	ἄλλυδις	to another place	0
allos	ἄλλως	ἄλλως	otherwise	0
alogon	ἄλογον	ἄλογον	animal, beast, brute	0
alogos	ἄλογος	ἄλογος	unspeaking, speechless	0
alokhoi	ἄλοχοι	ἄλοχος	bedpartner, wife	0
alokhon	ἄλοχον	ἄλοχος	bedpartner, wife	0
alokhos	ἄλοχος	ἄλοχος	bedpartner, wife	0
alsos	ἄλσος	ἄλσος	grove (especially a sacred one)	0
alupon	ἄλυπον	ἄλυπον	kind of globularia (Globularia alypum)	0
alupos	ἄλυπος	ἄλυπος	without pain, painless	0
alus	ἄλυς	ἄλυς	agitation	0
alusson	ἄλυσσον	ἄλυσσον	the name of a certain plant used for curing madness	1
alutos	ἄλυτος	ἄλυτος	that may not be untied, loosed or dissolved	0
alpha	ἄλφα	ἄλφα	alpha, the name for the first letter Α (A), α (a) of the Anc	1
alphi	ἄλφι	ἄλφι	flour	0
alphiton	ἄλφιτον	ἄλφιτον	barley-groats	0
amathos	ἄμαθος	ἄμαθος	sandy soil	0
amalla	ἄμαλλα	ἄμαλλα	sheaf, bundle of ears of corn	0
amakhos	ἄμαχος	ἄμαχος	against which cannot be fought, unovercomeable, irresistible	0
ambix	ἄμβιξ	ἄμβιξ	spouted cup	1
ambola	ἄμβολα	ἄμβολα	middle of ship's yard	0
ambrota	ἄμβροτα	ἄμβροτος	immortal, divine	0
ambroton	ἄμβροτον	ἄμβροτος	immortal, divine	0
ambrotos	ἄμβροτος	ἄμβροτος	immortal, divine	0
ambon	ἄμβων	ἄμβων	crest of a hill	1
amesos	ἄμεσος	ἄμεσος	immediate	1
ame	ἄμη	ἄμη	a shovel	1
ametos	ἄμητος	ἄμητος	harvest	0
ami	ἄμι	ἄμι	ajwain (Trachyspermum ammi)	0
amiktos	ἄμικτος	ἄμικτος	unmingled	0
amme	ἄμμε	ἡμεῖς	we, us, our	0
ammes	ἄμμες	ἡμεῖς	we, us, our	0
ammi	ἄμμι	ἡμεῖς	we, us, our	0
ammin	ἄμμιν	ἡμεῖς	we, us, our	0
amminos	ἄμμινος	ἄμμινος	sandy, made of sand	0
ammos	ἄμμος	ἄμμος	sand	0
amorphon	ἄμορφον	ἄμορφος	misshapen, ugly	1
amorphos	ἄμορφος	ἄμορφος	misshapen, ugly	1
amoton	ἄμοτον	ἄμοτον	insatiably, incessantly	0
ampele	ἄμπελε	ἄμπελος	vine	0
ampeloi	ἄμπελοι	ἄμπελος	vine	0
ampelos	ἄμπελος	ἄμπελος	vine	0
ampux	ἄμπυξ	ἄμπυξ	woman's diadem	1
amudis	ἄμυδις	ἄμυδις	together	0
amulon	ἄμυλον	ἄμυλον	starch	0
amulos	ἄμυλος	ἄμυλος	Not ground at the mill	0
amphodon	ἄμφοδον	ἄμφοδον	street (in an inhabited area)	0
ampho	ἄμφω	ἄμφω	both	0
amomon	ἄμωμον	ἄμωμον	black cardamom (Amomum subulatum)	1
anaimos	ἄναιμος	ἄναιμος	bloodless	0
analkis	ἄναλκις	ἄναλκις	weak	0
anandros	ἄνανδρος	ἄνανδρος	unmanly	1
anax	ἄναξ	ἄναξ	lord	0
anarkhos	ἄναρχος	ἄναρχος	without a ruler	0
anasse	ἄνασσε	ἀνάσσω	[with dative	0
anassen	ἄνασσεν	ἀνάσσω	[with dative	0
anastros	ἄναστρος	ἄναστρος	carrying no planet	0
anauros	ἄναυρος	ἄναυρος	mountain torrent	0
anderon	ἄνδηρον	ἄνδηρον	raised bank by the side of a river or ditch	0
andikha	ἄνδιχα	ἄνδιχα	asunder, in twain	0
aneme	ἄνεμε	ἄνεμος	wind, breeze, gale	0
anemoi	ἄνεμοι	ἄνεμος	wind, breeze, gale	0
anemos	ἄνεμος	ἄνεμος	wind, breeze, gale	0
anesis	ἄνεσις	ἄνεσις	a loosening, relaxing	0
aneu	ἄνευ	ἄνευ	without	0
aneuthe	ἄνευθε	ἄνευθεν	away	0
aneuthen	ἄνευθεν	ἄνευθεν	away	0
aneo	ἄνεῳ	ἄνεῳ	silently, without speaking	0
anethon	ἄνηθον	ἄνηθον	dill, Anethum graveolens	0
aneton	ἄνητον	ἄνηθον	dill, Anethum graveolens	0
anthemon	ἄνθεμον	ἄνθεμον	flower	1
anthinos	ἄνθινος	ἄνθινος	of or like flowers, blooming, fresh	0
anthos	ἄνθος	ἄνθος	flower	1
anthrax	ἄνθραξ	ἄνθραξ	charcoal	1
anison	ἄνισον	ἄνισον	inequality	0
anisos	ἄνισος	ἄνισος	unequal, uneven	0
anneson	ἄννησον	ἄννησον	anise (Pimpinella anisum)	0
anodos	ἄνοδος	ἄνοδος	way up, ascent, climb	1
anoia	ἄνοια	ἄνοια	lack of understanding, folly	0
anoikos	ἄνοικος	ἄνοικος	houseless, homeless	1
anoiktos	ἄνοικτος	ἄνοικτος	pitiless, ruthless	0
anoma	ἄνομα	ἄνομος	lawless, impious	0
anome	ἄνομε	ἄνομος	lawless, impious	0
anomoi	ἄνομοι	ἄνομος	lawless, impious	0
anomos	ἄνομος	ἄνομος	lawless, impious	0
anoplos	ἄνοπλος	ἄνοπλος	shieldless	0
anta	ἄντα	ἄντα	over against, face to face	0
anten	ἄντην	ἄντην	opposite	0
antlos	ἄντλος	ἄντλος	hold of a ship	0
antoikos	ἄντοικος	ἄντοικος	living in the same longitude, but in the opposite hemisphere	0
antron	ἄντρον	ἄντρον	cave	0
antux	ἄντυξ	ἄντυξ	rim of a round shield	0
ano	ἄνω	ἄνω	upwards	0
anoga	ἄνωγα	ἄνωγα	to order, command, bid	0
anogas	ἄνωγας	ἄνωγα	to order, command, bid	0
anogen	ἄνωγεν	ἄνωγα	to order, command, bid	0
anogon	ἄνωγον	ἄνωγα	to order, command, bid	0
anothen	ἄνωθεν	ἄνωθεν	from above	0
anokhthi	ἄνωχθι	ἄνωγα	to order, command, bid	0
axei	ἄξει	ἄγω	to lead, fetch, bring along (a living creature), take with	0
axein	ἄξειν	ἄγω	to lead, fetch, bring along (a living creature), take with	0
axeinos	ἄξεινος	ἄξεινος	inhospitable, not welcoming to strangers or guests	0
axia	ἄξια	ἄξιος	counterbalancing, weighing as much as, of like value	0
axioi	ἄξιοι	ἄξιος	counterbalancing, weighing as much as, of like value	0
axion	ἄξιον	ἄξιος	counterbalancing, weighing as much as, of like value	0
axios	ἄξιος	ἄξιος	counterbalancing, weighing as much as, of like value	0
axona	ἄξονα	ἄξων	an axle	0
axos	ἄξος	ἄξος	cliff, crag	0
axousi	ἄξουσι	ἄγω	to lead, fetch, bring along (a living creature), take with	0
axo	ἄξω	ἄγω	to lead, fetch, bring along (a living creature), take with	0
axon	ἄξων	ἄξων	an axle	0
aoikos	ἄοικος	ἄοικος	houseless, homeless	0
aoknoi	ἄοκνοι	ἄοκνος	resolute, without hesitation, industrious	0
aoknos	ἄοκνος	ἄοκνος	resolute, without hesitation, industrious	0
aoptos	ἄοπτος	ἄοπτος	unseen	0
aor	ἄορ	ἄορ	hanger or sword hung in a belt	0
apaston	ἄπαστον	ἄπαστον	prison	0
apastos	ἄπαστος	ἄπαστος	unfed, fasting	0
apatris	ἄπατρις	ἄπατρις	stateless (without a country)	0
apedos	ἄπεδος	ἄπεδος	level, flat, even	0
apeimi	ἄπειμι	ἄπειμι	to go away, depart	0
apeiros	ἄπειρος	ἄπειρος	without trial or experience, not used to, ignorant of, unacq	1
apithi	ἄπιθι	ἄπειμι	to go away, depart	0
apion	ἄπιον	ἄπιον	pear	0
apios	ἄπιος	ἄπιος	pear tree (Pyrus communis)	0
apista	ἄπιστα	ἄπιστος	not to be trusted	0
apistos	ἄπιστος	ἄπιστος	not to be trusted	0
aplestos	ἄπληστος	ἄπληστος	insatiable, greedy	0
apnoia	ἄπνοια	ἄπνοια	want of wind, calm	0
apnoos	ἄπνοος	ἄπνοος	without wind, with but little air	0
apo	ἄπο	ἄπο	anastrophe of ᾰ̓πό (ăpó) (used when ᾰ̓πό follows its noun)	0
apoikos	ἄποικος	ἄποικος	away from home, abroad (sometimes followed by genitive)	0
apoina	ἄποινα	ἄποινα	ransom	0
aponos	ἄπονος	ἄπονος	without toil or trouble, effortless	0
aporos	ἄπορος	ἄπορος	impassable	0
apous	ἄπους	ἄπους	without feet, footless	0
apopsis	ἄποψις	ἄποψις	outlook, view	0
apraktos	ἄπρακτος	ἄπρακτος	unsuccessful (failed, not successful)	0
aproika	ἄπροικα	ἄπροικος	dowryless, without a dowry	0
aproike	ἄπροικε	ἄπροικος	dowryless, without a dowry	0
aproikoi	ἄπροικοι	ἄπροικος	dowryless, without a dowry	0
aproikos	ἄπροικος	ἄπροικος	dowryless, without a dowry	0
apteros	ἄπτερος	ἄπτερος	wingless, unwinged	1
apugos	ἄπυγος	ἄπυγος	assless	0
apuron	ἄπυρον	ἄπυρος	without fire, fireless	0
apuros	ἄπυρος	ἄπυρος	without fire, fireless	0
apothen	ἄπωθεν	ἄπωθεν	from far away	0
ara	ἄρα	ἄρα	so	0
arabos	ἄραβος	ἄραβος	gnashing or chattering of teeth	0
arados	ἄραδος	ἄραδος	disturbance	0
arakis	ἄρακις	ἄρακις	bowl, pan	0
arakos	ἄρακος	ἄρακος	wild chickling vetch, Lathyrus annuus	0
araxe	ἄραξε	ἀράσσω	to smite	0
arbelos	ἄρβηλος	ἄρβηλος	semicircular knife used by cobblers	0
argella	ἄργελλα	ἄργελλα	vapour bath, steam bath	0
argemon	ἄργεμον	ἄργεμον	albugo, a white speck on the eye	0
argillos	ἄργιλλος	ἄργιλλος	white clay	0
argmata	ἄργματα	ἄργματα	firstlings at a feast or sacrifices	0
arguros	ἄργυρος	ἄργυρος	silver	1
arden	ἄρδην	ἄρδην	lifted up on high	0
ardis	ἄρδις	ἄρδις	point of an arrow	0
ardo	ἄρδω	ἄρδω	to water, irrigate	0
arthron	ἄρθρον	ἄρθρον	joint	1
aristoi	ἄριστοι	ἄριστος	excellent, superb, superlative, surpassing	0
ariston	ἄριστον	ἄριστον	morning meal, breakfast (early usage, i	0
aristos	ἄριστος	ἄριστος	excellent, superb, superlative, surpassing	0
arkelos	ἄρκηλος	ἄρκηλος	young panther or a species of panther	0
arkion	ἄρκιον	ἄρκιον	burdock (Arctium lappa)	0
arkteios	ἄρκτειος	ἄρκτειος	ursine, bearly	0
arktos	ἄρκτος	ἄρκτος	bear	0
arkus	ἄρκυς	ἄρκυς	net	0
armenon	ἄρμενον	ἄρμενον	tackle of a ship or sails	0
arneion	ἄρνειον	ἄρνειος	of a lamb or sheep, ovine	0
arneios	ἄρνειος	ἄρνειος	of a lamb or sheep, ovine	0
arnumai	ἄρνυμαι	ἄρνυμαι	to get, win, gain, achieve, receive (usually in positive sen	0
arxaite	ἄρξαιτε	ἄρχω	to begin	0
aroito	ἄροιτο	ἄρνυμαι	to get, win, gain, achieve, receive (usually in positive sen	0
aron	ἄρον	ἄρον	cuckoopint (Arum italicum)	1
arotron	ἄροτρον	ἄροτρον	plough	0
aroura	ἄρουρα	ἄρουρα	cultivated land	1
arpix	ἄρπιξ	ἄρπιξ	a kind of thornbush, thistle	0
arrekton	ἄρρηκτον	ἄρρηκτος	unbroken (whole, not divided into parts)	0
arrektos	ἄρρηκτος	ἄρρηκτος	unbroken (whole, not divided into parts)	0
arreta	ἄρρητα	ἄρρητα	things not to be spoken	0
arretos	ἄρρητος	ἄρρητος	unspoken	0
arrostos	ἄρρωστος	ἄρρωστος	ill, sickly	0
arsen	ἄρσην	ἄρσην	male	0
arsis	ἄρσις	ἄρσις	raising	0
artamos	ἄρταμος	ἄρταμος	butcher, cook	0
artema	ἄρτημα	ἄρτημα	earring	0
arti	ἄρτι	ἄρτι	this moment, even now	0
artios	ἄρτιος	ἄρτιος	complete	0
artos	ἄρτος	ἄρτος	a cake or loaf of wheat bread	0
artuma	ἄρτυμα	ἄρτυμα	condiment	0
arusos	ἄρυσος	ἄρυσος	wicker basket	0
arkhanos	ἄρχανος	ἄρχανος	unknown kind of seafish mentioned by Aristotle	0
arkhe	ἄρχε	ἄρχω	to begin	0
arkhein	ἄρχειν	ἄρχω	to begin	0
arkhoi	ἄρχοι	ἄρχω	to begin	0
arkhomai	ἄρχομαι	ἄρχω	to begin	0
arkhomen	ἄρχομεν	ἄρχω	to begin	0
arkhousi	ἄρχουσι	ἄρχων	ruler	1
arkho	ἄρχω	ἄρχω	to begin	0
arkhon	ἄρχων	ἄρχων	ruler	1
aroma	ἄρωμα	ἄρωμα	herb, spice	0
asarkos	ἄσαρκος	ἄσαρκος	without flesh, lean	0
asaron	ἄσαρον	ἄσαρον	hazelwort (Asarum europaeum)	0
asbestoi	ἄσβεστοι	ἄσβεστος	unquenchable, inextinguishable	1
asbeston	ἄσβεστον	ἄσβεστος	unquenchable, inextinguishable	1
asbestos	ἄσβεστος	ἄσβεστος	unquenchable, inextinguishable	1
asbolos	ἄσβολος	ἄσβολος	soot	0
ase	ἄση	ἄση	surfeit, loathing, nausea	0
asemon	ἄσημον	ἄσημον	plate, silver	0
asemos	ἄσημος	ἄσημος	without mark or sign	0
asilla	ἄσιλλα	ἄσιλλα	yoke for carrying baskets or pails	0
asis	ἄσις	ἄσις	mud, slime	0
asitos	ἄσιτος	ἄσιτος	without food, fasting	0
askaros	ἄσκαρος	ἄσκαρος	kind of castanet	0
askeptos	ἄσκεπτος	ἄσκεπτος	inconsiderate, unreflecting	0
askema	ἄσκημα	ἄσκημα	training, exercise, practice	0
askesis	ἄσκησις	ἄσκησις	exercise, training, practice	1
askios	ἄσκιος	ἄσκιος	shadowless	0
askopos	ἄσκοπος	ἄσκοπος	inconsiderate, heedless, unregarding	0
askuron	ἄσκυρον	ἄσκυρον	St	0
asmenoi	ἄσμενοι	ἄσμενος	glad, well-pleased, gratified	0
asmenos	ἄσμενος	ἄσμενος	glad, well-pleased, gratified	0
aspeta	ἄσπετα	ἄσπετος	inexpressible	0
aspeton	ἄσπετον	ἄσπετος	inexpressible	0
aspetos	ἄσπετος	ἄσπετος	inexpressible	0
asplenon	ἄσπληνον	ἄσπληνον	miltwaste (Asplenium ceterach)	0
aspondon	ἄσπονδον	ἄσπονδος	without libation or drink-offering	0
aspondos	ἄσπονδος	ἄσπονδος	without libation or drink-offering	0
aspris	ἄσπρις	ἄσπρις	Turkey oak, Quercus cerris	0
aspron	ἄσπρον	ἄσπρος	invisible, transparent	1
aspros	ἄσπρος	ἄσπρος	invisible, transparent	1
astatos	ἄστατος	ἄστατος	unstable	1
astakhus	ἄσταχυς	ἄσταχυς	ear of corn	0
astegos	ἄστεγος	ἄστεγος	without a roof	0
astra	ἄστρα	ἄστρον	A celestial body	1
astron	ἄστρον	ἄστρον	A celestial body	1
astude	ἄστυδε	ἄστυδε	into, to, or towards the city	0
asturon	ἄστυρον	ἄστυρον	small city or town	0
asulon	ἄσυλον	ἄσυλον	sanctuary	1
asulos	ἄσυλος	ἄσυλος	safe from violence, inviolate	0
askhemos	ἄσχημος	ἄσχημος	misshapen, ugly, deformed	0
askholos	ἄσχολος	ἄσχολος	without leisure, engaged, occupied, busy, unresting	0
askhu	ἄσχυ	ἄσχυ	inspissated juice of the fruit of the bird cherry	0
asotos	ἄσωτος	ἄσωτος	not saved	0
ataktos	ἄτακτος	ἄτακτος	(of troops) Not in battle-order	0
ater	ἄτερ	ἄτερ	without	0
atekhnos	ἄτεχνος	ἄτεχνος	unskilled, untalented, unartistic, uncreative, unimaginative	0
ate	ἄτη	ἄτη	disaster	0
atmeton	ἄτμητον	ἄτμητος	not cut up, unravaged	0
atmetos	ἄτμητος	ἄτμητος	not cut up, unravaged	0
atolmos	ἄτολμος	ἄτολμος	undaring, unadventurous	0
atomon	ἄτομον	ἄτομος	uncut	0
atomos	ἄτομος	ἄτομος	uncut	0
atonos	ἄτονος	ἄτονος	not stretched, relaxed	0
atopa	ἄτοπα	ἄτοπος	unusual, out of place	0
atope	ἄτοπε	ἄτοπος	unusual, out of place	0
atopoi	ἄτοποι	ἄτοπος	unusual, out of place	0
atopos	ἄτοπος	ἄτοπος	unusual, out of place	0
atraktos	ἄτρακτος	ἄτρακτος	spindle	0
atreptos	ἄτρεπτος	ἄτρεπτος	unchangeable, immutable	0
atrestos	ἄτρεστος	ἄτρεστος	untrembling, fearless	0
atropos	ἄτροπος	ἄτροπος	unchangeable	0
atta	ἄττα	ἄττα	father	0
aphar	ἄφαρ	ἄφαρ	forthwith	0
apharos	ἄφαρος	ἄφαρος	unploughed	0
aphenos	ἄφενος	ἄφενος	revenue	0
aphesis	ἄφεσις	ἄφεσις	letting go, dismissal	1
aphtha	ἄφθα	ἄφθα	aphtha, mouth ulcer, thrush	1
aphixis	ἄφιξις	ἄφιξις	an arrival	0
aphno	ἄφνω	ἄφνω	unawares, of a sudden	0
aphobos	ἄφοβος	ἄφοβος	fearless	0
aphrakta	ἄφρακτα	ἄφρακτος	unfenced, unfortified, unguarded	0
aphrakte	ἄφρακτε	ἄφρακτος	unfenced, unfortified, unguarded	0
aphrissa	ἄφρισσα	ἄφρισσα	dragonwort (Dracunculus vulgaris)	0
aphrona	ἄφρονα	ἄφρων	senseless, crazed, frantic, silly, foolish	0
aphroni	ἄφρονι	ἄφρων	senseless, crazed, frantic, silly, foolish	0
aphron	ἄφρων	ἄφρων	senseless, crazed, frantic, silly, foolish	0
aphullon	ἄφυλλον	ἄφυλλος	leafless	0
aphullos	ἄφυλλος	ἄφυλλος	leafless	0
aphonos	ἄφωνος	ἄφωνος	voiceless, dumb	0
akherdos	ἄχερδος	ἄχερδος	wild pear (Pyrus amygdaliformis)	0
akhthos	ἄχθος	ἄχθος	burden, load, weight	0
akhma	ἄχμα	ἄχμα	cargo	0
akhne	ἄχνη	ἄχνη	anything that comes off the surface	0
akhnumai	ἄχνυμαι	ἄχνυμαι	to be distressed	0
akhoros	ἄχορος	ἄχορος	without the dance (epithet of Ares)	0
akhos	ἄχος	ἄχος	distress	0
akhri	ἄχρι	ἄχρι	to the very bottom, to the uttermost, utterly	0
akhrusos	ἄχρυσος	ἄχρυσος	without gold	0
akhuron	ἄχυρον	ἄχυρον	chaff, bran, husks left after threshing or grinding	0
akhor	ἄχωρ	ἄχωρ	scurf	1
aps	ἄψ	ἄψ	back, back again	0
apsogos	ἄψογος	ἄψογος	blameless	0
apsorron	ἄψορρον	ἄψορρος	going back, returning	0
apsorros	ἄψορρος	ἄψορρος	going back, returning	0
aoros	ἄωρος	ἄωρος	untimely, unseasonable	0
aoton	ἄωτον	ἄωτον	finest wool	0
aulos	ἄϋλος	ἄϋλος	immaterial	0
aupnos	ἄϋπνος	ἄϋπνος	sleepless	0
ause	ἄϋσε	αὔω	to shout, call	0
ausen	ἄϋσεν	αὔω	to shout, call	0
abra	ἅβρα	ἅβρα	female slave working for a woman, favourite slave	0
agion	ἅγιον	ἅγιον	holy place, sanctuary	0
agios	ἅγιος	ἅγιος	devoted to the gods	1
aden	ἅδην	ἅδην	to one's fill	0
ados	ἅδος	ἅδος	satiety	0
azomai	ἅζομαι	ἅζομαι	to dread	0
alade	ἅλαδε	ἅλαδε	to the sea	0
alinos	ἅλινος	ἅλινος	of salt	0
alion	ἅλιον	ἅλιον	in vain	0
alios	ἅλιος	ἅλιος	of the sea	0
alis	ἅλις	ἅλις	in crowds	0
allomai	ἅλλομαι	ἅλλομαι	to leap, jump	0
alma	ἅλμα	ἅλμα	spring, leap, jump	0
alme	ἅλμη	ἅλμη	seawater, brine	0
als	ἅλς	ἅλς	salt	1
alusis	ἅλυσις	ἅλυσις	chain	0
alos	ἅλως	ἅλως	threshing floor	1
alosis	ἅλωσις	ἅλωσις	capture, conquest	0
ama	ἅμα	ἅμα	marking the simultaneous occurrence of two events	0
amaxa	ἅμαξα	ἅμαξα	wagon	0
amaxai	ἅμαξαι	ἅμαξα	wagon	0
amarte	ἅμαρτε	ἁμαρτάνω	to miss, miss the mark, especially of a thrown spear	0
amilla	ἅμιλλα	ἅμιλλα	competition, contest, trial	0
amma	ἅμμα	ἅμμα	anything tied or made to tie	0
apax	ἅπαξ	ἅπαξ	once, one time, only once	0
apas	ἅπας	ἅπας	quite all, the whole (in the plural) all together	0
aper	ἅπερ	ὅσπερ	the very man who, the very thing which	0
apto	ἅπτω	ἅπτω	to kindle	1
arma	ἅρμα	ἅρμα	chariot	0
armasi	ἅρμασι	ἅρμα	chariot	0
armasin	ἅρμασιν	ἅρμα	chariot	0
armata	ἅρματα	ἅρμα	chariot	0
armate	ἅρματε	ἅρμα	chariot	0
armati	ἅρματι	ἅρμα	chariot	0
armatos	ἅρματος	ἅρμα	chariot	0
arpa	ἅρπα	ἅρπη	a bird of prey, hawk, falcon, tiercel or goshawk	1
arpagma	ἅρπαγμα	ἅρπαγμα	booty	0
arpax	ἅρπαξ	ἅρπαξ	rapacious	1
arpe	ἅρπη	ἅρπη	a bird of prey, hawk, falcon, tiercel or goshawk	1
arpuia	ἅρπυια	ἅρπυια	a harpy	1
has	ἅς	ὅς	this	0
assa	ἅσσα	ὅστις	indefinite relative pronoun	0
ate	ἅτε	ἅτε	as if, as, in as much as, since, seeing that, because	0
apsos	ἅψος	ἅψος	juncture, joint	0
aon	ἅων	ὅς	this	0
athla	ἆθλα	ἆθλον	prize of a contest	0
athle	ἆθλε	ἆθλος	material for a contest	0
athloi	ἆθλοι	ἆθλος	material for a contest	0
athlon	ἆθλον	ἆθλον	prize of a contest	0
athlos	ἆθλος	ἆθλος	material for a contest	0
ara	ἆρα	ἆρα	interrogative particle, introducing a yes-no question, and o	0
asai	ἆσαι	ἄω	to blow	0
asthma	ἆσθμα	ἆσθμα	short-drawn breath, panting	1
asson	ἆσσον	ἄγχι	near, nigh	1
ean	ἐάν	ἐάν	if	0
eaousin	ἐάουσιν	ἐάω	to let someone do something, allow	0
easas	ἐάσας	ἐάω	to let someone do something, allow	0
easei	ἐάσει	ἐάω	to let someone do something, allow	0
easete	ἐάσετε	ἐάω	to let someone do something, allow	0
easomen	ἐάσομεν	ἐάω	to let someone do something, allow	0
easo	ἐάσω	ἐάω	to let someone do something, allow	0
eao	ἐάω	ἐάω	to let someone do something, allow	0
eeldetai	ἐέλδεται	ἔλδομαι	to wish, long	0
eeldor	ἐέλδωρ	ἔλδωρ	wish	0
eergo	ἐέργω	ἔργω	to close off, enclose	0
euxoon	ἐΰξοον	ἐΰξοος	well-scraped, well-planed, polished	0
euxoos	ἐΰξοος	ἐΰξοος	well-scraped, well-planed, polished	0
eus	ἐΰς	ἐΰς	good, brave, noble	0
earinos	ἐαρινός	ἐαρινός	of or in spring, vernal	0
ebalonto	ἐβάλοντο	βάλλω	to throw, cast, hurl	0
ebaten	ἐβάτην	βαίνω	to go	0
ebeninos	ἐβένινος	ἐβένινος	made of ebony	0
ebeseto	ἐβήσετο	βαίνω	to go	0
ebeten	ἐβήτην	βαίνω	to go	0
ebebekei	ἐβεβήκει	βαίνω	to go	0
ebenitis	ἐβενῖτις	ἐβενῖτις	felty germander (Teucrium polium)	0
eboethei	ἐβοήθει	βοηθέω	to help somebody, aid, assist	0
ebouleto	ἐβούλετο	βούλομαι	to will, wish, be willing, want [with accusative ‘something’	0
eboulou	ἐβούλου	βούλομαι	to will, wish, be willing, want [with accusative ‘something’	0
egelasse	ἐγέλασσε	γελάω	to laugh	0
egeneto	ἐγένετο	γίγνομαι	to come into being	0
egenonto	ἐγένοντο	γίγνομαι	to come into being	0
egenou	ἐγένου	γίγνομαι	to come into being	0
egignou	ἐγίγνου	γίγνομαι	to come into being	0
eggizo	ἐγγίζω	ἐγγίζω	to bring near, bring up to	0
eggrapho	ἐγγράφω	ἐγγράφω	to mark in or on, to paint on	0
eggone	ἐγγόνη	ἐγγόνη	granddaughter	0
eggue	ἐγγύη	ἐγγύη	pledge, surety, security, whether received or given	0
egguthen	ἐγγύθεν	ἐγγύθεν	from nearby	0
egguthi	ἐγγύθι	ἐγγύθι	near	0
eggus	ἐγγύς	ἐγγύς	near	0
eggutata	ἐγγύτατα	ἐγγύς	near	0
eggonioi	ἐγγώνιοι	ἐγγώνιος	forming an angle, especially a right angle	0
eggonios	ἐγγώνιος	ἐγγώνιος	forming an angle, especially a right angle	0
egeinato	ἐγείνατο	γείνομαι	to be born	0
egeirai	ἐγείραι	ἐγείρω	to awaken, wake up, rouse, stir	0
egeiraio	ἐγείραιο	ἐγείρω	to awaken, wake up, rouse, stir	0
egeirais	ἐγείραις	ἐγείρω	to awaken, wake up, rouse, stir	0
egeirate	ἐγείρατε	ἐγείρω	to awaken, wake up, rouse, stir	0
egeirei	ἐγείρει	ἐγείρω	to awaken, wake up, rouse, stir	0
egeireie	ἐγείρειε	ἐγείρω	to awaken, wake up, rouse, stir	0
egeirein	ἐγείρειν	ἐγείρω	to awaken, wake up, rouse, stir	0
egeireis	ἐγείρεις	ἐγείρω	to awaken, wake up, rouse, stir	0
egeirete	ἐγείρετε	ἐγείρω	to awaken, wake up, rouse, stir	0
egeiroi	ἐγείροι	ἐγείρω	to awaken, wake up, rouse, stir	0
egeiroio	ἐγείροιο	ἐγείρω	to awaken, wake up, rouse, stir	0
egeirois	ἐγείροις	ἐγείρω	to awaken, wake up, rouse, stir	0
egeirou	ἐγείρου	ἐγείρω	to awaken, wake up, rouse, stir	0
egeiro	ἐγείρω	ἐγείρω	to awaken, wake up, rouse, stir	0
egeirosi	ἐγείρωσι	ἐγείρω	to awaken, wake up, rouse, stir	0
egeire	ἐγείρῃ	ἐγείρω	to awaken, wake up, rouse, stir	0
egeires	ἐγείρῃς	ἐγείρω	to awaken, wake up, rouse, stir	0
egeirato	ἐγειράτω	ἐγείρω	to awaken, wake up, rouse, stir	0
egeireto	ἐγειρέτω	ἐγείρω	to awaken, wake up, rouse, stir	0
egenethe	ἐγενήθη	γίγνομαι	to come into being	0
egerthe	ἐγερθῇ	ἐγείρω	to awaken, wake up, rouse, stir	0
egerthes	ἐγερθῇς	ἐγείρω	to awaken, wake up, rouse, stir	0
egertho	ἐγερθῶ	ἐγείρω	to awaken, wake up, rouse, stir	0
egerteon	ἐγερτέον	ἐγερτέον	one must raise	0
egkainia	ἐγκαίνια	ἐγκαίνια	a feast of dedication, especially that established by Judas	1
egkaleo	ἐγκαλέω	ἐγκαλέω	to call in (a debt)	0
egkoilia	ἐγκοίλια	ἐγκοίλια	intestines	0
egkris	ἐγκρίς	ἐγκρίς	A cake made with oil and honey, similar to the modern loukou	0
egkrates	ἐγκρατής	ἐγκρατής	in possession of power, in charge	0
egkratei	ἐγκρατεῖ	ἐγκρατής	in possession of power, in charge	0
egkrate	ἐγκρατῆ	ἐγκρατής	in possession of power, in charge	0
egkraton	ἐγκρατῶν	ἐγκρατής	in possession of power, in charge	0
egkratos	ἐγκρατῶς	ἐγκρατῶς	with a strong hand, by force	0
egkrupto	ἐγκρύπτω	ἐγκρύπτω	to hide or conceal in	0
egkomion	ἐγκώμιον	ἐγκώμιον	a laudatory ode, a praise, a eulogy	0
egregora	ἐγρήγορα	ἐγρήγορος	wakeful	1
egkheo	ἐγχέω	ἐγχέω	to pour in	0
egkheie	ἐγχείη	ἐγχείη	spear (long stick with a sharp tip)	0
egkhrio	ἐγχρίω	ἐγχρίω	to anoint or smear into or onto a surface	0
edaen	ἐδάην	ἐδάην	to teach	0
edamasse	ἐδάμασσε	δαμάζω	to tame, subdue, control	0
edaphe	ἐδάφη	ἐδάφη	Template	0
edeesa	ἐδέησα	δέω	to bind, tie, fasten, fetter	0
edeese	ἐδέησε	δέω	to bind, tie, fasten, fetter	0
edeesen	ἐδέησεν	δέω	to bind, tie, fasten, fetter	0
edexanto	ἐδέξαντο	δέχομαι	to accept, receive	0
edexato	ἐδέξατο	δέχομαι	to accept, receive	0
edeonto	ἐδέοντο	δέω	to bind, tie, fasten, fetter	0
edekheto	ἐδέχετο	δέχομαι	to accept, receive	0
edekhou	ἐδέχου	δέχομαι	to accept, receive	0
edelou	ἐδήλου	δηλόω	to show, to make apparent or known, clear	0
edeloun	ἐδήλουν	δηλόω	to show, to make apparent or known, clear	0
edelous	ἐδήλους	δηλόω	to show, to make apparent or known, clear	0
edesato	ἐδήσατο	δέω	to bind, tie, fasten, fetter	0
edeethe	ἐδεήθη	δέω	to bind, tie, fasten, fetter	0
edeethen	ἐδεήθην	δέω	to bind, tie, fasten, fetter	0
edeethes	ἐδεήθης	δέω	to bind, tie, fasten, fetter	0
edeisate	ἐδείσατε	δείδω	to fear, to dread	0
edeueto	ἐδεύετο	δεύω	to wet, moisten, drench	0
edeloute	ἐδηλοῦτε	δηλόω	to show, to make apparent or known, clear	0
edetus	ἐδητύς	ἐδητύς	food, or eating	0
edokeite	ἐδοκεῖτε	δοκέω	to expect, think, suppose, imagine	0
edouleue	ἐδούλευε	δουλεύω	to be a slave	0
edoulose	ἐδούλωσε	δουλόω	to enslave	0
edromen	ἐδρῶμεν	δράω	to act	0
edode	ἐδωδή	ἐδωδή	food, meat, victuals	0
edodes	ἐδωδῆς	ἐδωδή	food, meat, victuals	0
edothe	ἐδόθη	δίδωμι	to give	0
edothen	ἐδόθην	δίδωμι	to give	0
edothes	ἐδόθης	δίδωμι	to give	0
edothete	ἐδόθητε	δίδωμι	to give	0
edokee	ἐδόκεε	ἐδόκεε	uncontracted third-person singular imperfect active indicati	0
edokeen	ἐδόκεεν	ἐδόκεεν	uncontracted third-person singular imperfect active indicati	0
edokees	ἐδόκεες	ἐδόκεες	uncontracted second-person singular imperfect active indicat	0
edokei	ἐδόκει	δοκέω	to expect, think, suppose, imagine	0
edokeon	ἐδόκεον	ἐδόκεον	uncontracted first-person singular/third-person plural imper	0
edokoun	ἐδόκουν	δοκέω	to expect, think, suppose, imagine	0
edomen	ἐδόμην	δίδωμι	to give	0
edoxamen	ἐδόξαμεν	δοκέω	to expect, think, suppose, imagine	0
edoxate	ἐδόξατε	δοκέω	to expect, think, suppose, imagine	0
eduseto	ἐδύσετο	δύω	to cause to sink	0
edodimos	ἐδώδιμος	ἐδώδιμος	edible, eatable, comestible	0
eeikosi	ἐείκοσι	εἴκοσι	twenty	0
eeikosin	ἐείκοσιν	εἴκοσι	twenty	0
eeisato	ἐείσατο	εἴδομαι	to be seen, appear	0
ezete	ἐζῆτε	ζῶ	to live	0
ezomen	ἐζῶμεν	ζῶ	to live	0
ethanete	ἐθάνετε	θνῄσκω	to die	0
ethelei	ἐθέλει	ἐθέλω	usually weaker than βούλομαι (boúlomai), of consent rather t	0
ethelein	ἐθέλειν	ἐθέλω	usually weaker than βούλομαι (boúlomai), of consent rather t	0
etheleis	ἐθέλεις	ἐθέλω	usually weaker than βούλομαι (boúlomai), of consent rather t	0
ethelesa	ἐθέλησα	ἐθέλω	usually weaker than βούλομαι (boúlomai), of consent rather t	0
ethelese	ἐθέλησε	ἐθέλω	usually weaker than βούλομαι (boúlomai), of consent rather t	0
ethelete	ἐθέλητε	ἐθέλω	usually weaker than βούλομαι (boúlomai), of consent rather t	0
etheloi	ἐθέλοι	ἐθέλω	usually weaker than βούλομαι (boúlomai), of consent rather t	0
ethelois	ἐθέλοις	ἐθέλω	usually weaker than βούλομαι (boúlomai), of consent rather t	0
ethelo	ἐθέλω	ἐθέλω	usually weaker than βούλομαι (boúlomai), of consent rather t	0
ethelon	ἐθέλων	ἐθέλω	usually weaker than βούλομαι (boúlomai), of consent rather t	0
ethelosi	ἐθέλωσι	ἐθέλω	usually weaker than βούλομαι (boúlomai), of consent rather t	0
ethele	ἐθέλῃ	ἐθέλω	usually weaker than βούλομαι (boúlomai), of consent rather t	0
etheles	ἐθέλῃς	ἐθέλω	usually weaker than βούλομαι (boúlomai), of consent rather t	0
ethelesi	ἐθέλῃσι	ἐθέλω	usually weaker than βούλομαι (boúlomai), of consent rather t	0
etheomen	ἐθέομεν	θέω	to run fast	0
etheon	ἐθέων	ἔθος	habit	0
ethizo	ἐθίζω	ἐθίζω	to accustom, inure	0
etheleto	ἐθελέτω	ἐθέλω	usually weaker than βούλομαι (boúlomai), of consent rather t	0
etheleso	ἐθελήσω	ἐθέλω	usually weaker than βούλομαι (boúlomai), of consent rather t	0
etheorei	ἐθεώρει	θεωρέω	to be sent (as a θεωρός (theōrós)) to consult an oracle	0
ethneon	ἐθνέων	ἔθνος	group of people	1
ethnikos	ἐθνικός	ἐθνικός	national	1
ethnoin	ἐθνοῖν	ἔθνος	group of people	1
ethnon	ἐθνῶν	ἔθνος	group of people	1
ethoin	ἐθοῖν	ἔθος	habit	0
ethon	ἐθῶν	ἔθος	habit	0
ekae	ἐκάη	καίω	to light, kindle, set on fire	0
ekalesen	ἐκάλεσεν	καλέω	to call, summon	0
ekekasto	ἐκέκαστο	καίνυμαι	to surpass, overcome	0
ekekleto	ἐκέκλετο	κέλομαι	to command	0
ekeleue	ἐκέλευε	κελεύω	to urge, bid, exhort	0
ekeleuen	ἐκέλευεν	κελεύω	to urge, bid, exhort	0
ekeleues	ἐκέλευες	κελεύω	to urge, bid, exhort	0
ekeleuon	ἐκέλευον	κελεύω	to urge, bid, exhort	0
ekeleusa	ἐκέλευσα	κελεύω	to urge, bid, exhort	0
ekeleuse	ἐκέλευσε	κελεύω	to urge, bid, exhort	0
ekballo	ἐκβάλλω	ἐκβάλλω	to throw or cast out of	0
ekbaino	ἐκβαίνω	ἐκβαίνω	to go, step	0
ekbainon	ἐκβαίνων	ἐκβαίνω	to go, step	0
ekbibazo	ἐκβιβάζω	ἐκβιβάζω	to make to go or come out, make step out	0
ekgamizo	ἐκγαμίζω	γαμίζω	to give in marriage	0
ekgegaos	ἐκγεγαώς	ἐκγίγνομαι	to be born (with the father in the genitive or the mother in	0
ekgelao	ἐκγελάω	ἐκγελάω	to laugh out loud	0
ekgonois	ἐκγόνοις	ἔκγονος	child	0
ekgonou	ἐκγόνου	ἔκγονος	child	0
ekgonon	ἐκγόνων	ἔκγονος	child	0
ekgono	ἐκγόνῳ	ἔκγονος	child	0
ekdemous	ἐκδήμους	ἔκδημος	abroad, away from home	0
ekdidomi	ἐκδίδωμι	ἐκδίδωμι	to give up, surrender (especially something seized unlawfull	0
ekdikeo	ἐκδικέω	ἐκδικέω	to avenge, punish	0
ekdioko	ἐκδιώκω	ἐκδιώκω	to chase away, banish	0
ekdokhas	ἐκδοχάς	ἐκδοχή	accession, succession	0
ekdokhe	ἐκδοχή	ἐκδοχή	accession, succession	0
ekdokhen	ἐκδοχήν	ἐκδοχή	accession, succession	0
ekdokhai	ἐκδοχαί	ἐκδοχή	accession, succession	0
ekdokhes	ἐκδοχῆς	ἐκδοχή	accession, succession	0
ekdokhon	ἐκδοχῶν	ἐκδοχή	accession, succession	0
ekduo	ἐκδύω	ἐκδύω	to take off, remove, strip	0
ekeimen	ἐκείμην	κεῖμαι	to lie, lie outstretched	0
ekeina	ἐκείνα	ἐκεῖνος	that	0
ekeinais	ἐκείναις	ἐκεῖνος	that	0
ekeinas	ἐκείνας	ἐκεῖνος	that	0
ekeine	ἐκείνη	ἐκεῖνος	that	0
ekeinen	ἐκείνην	ἐκεῖνος	that	0
ekeines	ἐκείνης	ἐκεῖνος	that	0
ekeinoin	ἐκείνοιν	ἐκεῖνος	that	0
ekeinois	ἐκείνοις	ἐκεῖνος	that	0
ekeinou	ἐκείνου	ἐκεῖνος	that	0
ekeinous	ἐκείνους	ἐκεῖνος	that	0
ekeino	ἐκείνω	ἐκεῖνος	that	0
ekeinon	ἐκείνων	ἐκεῖνος	that	0
ekeinos	ἐκείνως	ἐκείνως	in that way	0
ekeinesi	ἐκείνῃσι	ἐκεῖνος	that	0
ekei	ἐκεῖ	ἐκεῖ	demonstrative adverb there, in that place	0
ekeithen	ἐκεῖθεν	ἐκεῖθεν	from that place, thence	0
ekeithi	ἐκεῖθι	ἐκεῖθι	there	0
ekeinai	ἐκεῖναι	ἐκεῖνος	that	0
ekeinoi	ἐκεῖνοι	ἐκεῖνος	that	0
ekeinos	ἐκεῖνος	ἐκεῖνος	that	0
ekeise	ἐκεῖσε	ἐκεῖσε	there (to or into that place), thither	0
ekzeo	ἐκζέω	ἐκζέω	to boil out or over	0
ekthumia	ἐκθυμία	ἐκθυμία	spirit, ardour, eagerness	0
ekkaleo	ἐκκαλέω	ἐκκαλέω	to call out or forth, summon forth	0
ekkineo	ἐκκινέω	ἐκκινέω	to move out of	0
ekklao	ἐκκλάω	ἐκκλάω	to break off, to tear	0
ekklesia	ἐκκλησία	ἐκκλησία	assembly	0
ekkrouo	ἐκκρούω	ἐκκρούω	to knock out (of someone’s hands etc	0
ekkrupto	ἐκκρύπτω	ἐκκρύπτω	to unhide, make known	0
eklampo	ἐκλάμπω	ἐκλάμπω	to shine or beam forth	0
eklapen	ἐκλάπην	κλέπτω	to steal, filch	1
eklego	ἐκλέγω	ἐκλέγω	to pick or single out, to choose	0
eklethe	ἐκλήθη	καλέω	to call, summon	0
eklethen	ἐκλήθην	καλέω	to call, summon	0
ekleipo	ἐκλείπω	ἐκλείπω	to leave out, pass over	0
eklektos	ἐκλεκτός	ἐκλεκτός	picked out, select	0
eklipein	ἐκλιπεῖν	ἐκλείπω	to leave out, pass over	0
eklipon	ἐκλιπών	ἐκλείπω	to leave out, pass over	0
eklogas	ἐκλογάς	ἐκλογή	choice, selection	1
ekloge	ἐκλογή	ἐκλογή	choice, selection	1
eklogen	ἐκλογήν	ἐκλογή	choice, selection	1
eklogai	ἐκλογαί	ἐκλογή	choice, selection	1
eklogais	ἐκλογαῖς	ἐκλογή	choice, selection	1
ekloges	ἐκλογῆς	ἐκλογή	choice, selection	1
eklogon	ἐκλογῶν	ἐκλογή	choice, selection	1
eklutea	ἐκλυτέα	ἐκλυτέος	that must be released	0
ekluteai	ἐκλυτέαι	ἐκλυτέος	that must be released	0
eklutean	ἐκλυτέαν	ἐκλυτέος	that must be released	0
ekluteas	ἐκλυτέας	ἐκλυτέος	that must be released	0
eklutee	ἐκλυτέε	ἐκλυτέος	that must be released	0
ekluteoi	ἐκλυτέοι	ἐκλυτέος	that must be released	0
ekluteon	ἐκλυτέον	ἐκλυτέος	that must be released	0
ekluteos	ἐκλυτέος	ἐκλυτέος	that must be released	0
ekluteou	ἐκλυτέου	ἐκλυτέος	that must be released	0
ekluteo	ἐκλυτέω	ἐκλυτέος	that must be released	0
eklutika	ἐκλυτικά	ἐκλυτικός	calculated to weaken	0
eklutike	ἐκλυτικέ	ἐκλυτικός	calculated to weaken	0
eklutiko	ἐκλυτικώ	ἐκλυτικός	calculated to weaken	0
eklutroo	ἐκλυτρόω	ἐκλυτρόω	to set free, release on paying a ransom	0
eklusei	ἐκλύσει	ἔκλυσις	release, deliverance from a thing	0
ekluseis	ἐκλύσεις	ἔκλυσις	release, deliverance from a thing	0
eklusesi	ἐκλύσεσι	ἔκλυσις	release, deliverance from a thing	0
ekluseon	ἐκλύσεων	ἔκλυσις	release, deliverance from a thing	0
ekluseos	ἐκλύσεως	ἔκλυσις	release, deliverance from a thing	0
eklutoin	ἐκλύτοιν	ἔκλυτος	easy to let go, light, buoyant	0
eklutois	ἐκλύτοις	ἔκλυτος	easy to let go, light, buoyant	0
eklutou	ἐκλύτου	ἔκλυτος	easy to let go, light, buoyant	0
eklutous	ἐκλύτους	ἔκλυτος	easy to let go, light, buoyant	0
ekluto	ἐκλύτω	ἔκλυτος	easy to let go, light, buoyant	0
ekluton	ἐκλύτων	ἔκλυτος	easy to let go, light, buoyant	0
eklutos	ἐκλύτως	ἐκλύτως	in a clear, easy, relaxed way	0
ekluo	ἐκλύω	ἐκλύω	to set free, to release, to be set free, to get one set free	0
ekmasso	ἐκμάσσω	ἐκμάσσω	to wipe off	0
eknikao	ἐκνικάω	ἐκνικάω	to achieve by force	0
ekpaglos	ἐκπάγλως	ἐκπάγλως	terribly (so as to cause terror)	0
ekpempei	ἐκπέμπει	ἐκπέμπω	to send out, send forth	0
ekpempo	ἐκπέμπω	ἐκπέμπω	to send out, send forth	0
ekpertho	ἐκπέρθω	ἐκπέρθω	to destroy utterly	0
ekpersai	ἐκπέρσαι	ἐκπέρθω	to destroy utterly	0
ekpersas	ἐκπέρσας	ἐκπέρθω	to destroy utterly	0
ekpino	ἐκπίνω	ἐκπίνω	to drink out or off of, quaff	0
ekpipto	ἐκπίπτω	ἐκπίπτω	to fall out of	0
ekpleo	ἐκπλέω	ἐκπλέω	to sail out, sail away, weigh anchor	0
ekpleon	ἐκπλέων	ἐκπλέω	to sail out, sail away, weigh anchor	0
ekplesso	ἐκπλήσσω	ἐκπλήσσω	to strike out of, to drive away from, to expel	0
ekpletto	ἐκπλήττω	ἐκπλήσσω	to strike out of, to drive away from, to expel	0
ekplei	ἐκπλεῖ	ἐκπλέω	to sail out, sail away, weigh anchor	0
ekplein	ἐκπλεῖν	ἐκπλέω	to sail out, sail away, weigh anchor	0
ekplexia	ἐκπληξία	ἐκπληξία	Amazement, terror	1
ekpodon	ἐκποδών	ἐκποδών	out of the way	0
ekpompas	ἐκπομπάς	ἐκπομπή	a dispatch, an expedition	0
ekpompe	ἐκπομπή	ἐκπομπή	a dispatch, an expedition	0
ekpompen	ἐκπομπήν	ἐκπομπή	a dispatch, an expedition	0
ekpompai	ἐκπομπαί	ἐκπομπή	a dispatch, an expedition	0
ekpompes	ἐκπομπῆς	ἐκπομπή	a dispatch, an expedition	0
ekpompon	ἐκπομπῶν	ἐκπομπή	a dispatch, an expedition	0
ekporizo	ἐκπορίζω	ἐκπορίζω	to invent, contrive	0
ekporeuo	ἐκπορεύω	ἐκπορεύω	to make to go out	0
ekprepos	ἐκπρεπῶς	ἐκπρεπῶς	without reasonable grounds	0
ekreo	ἐκρέω	ἐκρέω	to flow out or forth	0
ekroas	ἐκροάς	ἐκροή	a flowing out, outflow	0
ekroe	ἐκροή	ἐκροή	a flowing out, outflow	0
ekroen	ἐκροήν	ἐκροή	a flowing out, outflow	0
ekroai	ἐκροαί	ἐκροή	a flowing out, outflow	0
ekroais	ἐκροαῖς	ἐκροή	a flowing out, outflow	0
ekroes	ἐκροῆς	ἐκροή	a flowing out, outflow	0
ekroon	ἐκροῶν	ἐκροή	a flowing out, outflow	0
ektamno	ἐκτάμνω	ἐκτέμνω	to cut out	0
ektemno	ἐκτέμνω	ἐκτέμνω	to cut out	0
ekteneia	ἐκτένεια	ἐκτένεια	extension	1
ektesato	ἐκτήσατο	κτάομαι	to get, obtain, acquire, gain, win	0
ektisthe	ἐκτίσθη	κτίζω	to people	0
ekteino	ἐκτείνω	ἐκτείνω	to stretch out	0
ekteleo	ἐκτελέω	ἐκτελέω	to bring to an end, finish	0
ektelo	ἐκτελῶ	ἐκτελέω	to bring to an end, finish	0
ektenes	ἐκτενής	ἐκτενής	stretched out, strained, outstretched, extended	0
ektome	ἐκτομή	ἐκτομή	a cutting out	1
ektomen	ἐκτομήν	ἐκτομή	a cutting out	1
ektomia	ἐκτομία	ἐκτομίας	one that is castrated, a eunuch	0
ektomiai	ἐκτομίαι	ἐκτομίας	one that is castrated, a eunuch	0
ektomias	ἐκτομίας	ἐκτομίας	one that is castrated, a eunuch	0
ektomiou	ἐκτομίου	ἐκτομίας	one that is castrated, a eunuch	0
ektomis	ἐκτομίς	ἐκτομίς	cutting down	0
ektomeus	ἐκτομεύς	ἐκτομεύς	one that cuts out	0
ektomion	ἐκτομιῶν	ἐκτομίας	one that is castrated, a eunuch	0
ektrepo	ἐκτρέπω	ἐκτρέπω	to turn out of the course, turn aside	0
ektropia	ἐκτρόπια	ἐκτρόπιον	an everted eyelid	0
ektos	ἐκτός	ἐκτός	without, outside, out	1
ektupoma	ἐκτύπωμα	ἐκτύπωμα	relief, figure in relief	0
ekpherei	ἐκφέρει	ἐκφέρω	to carry out	0
ekphero	ἐκφέρω	ἐκφέρω	to carry out	0
ekphaino	ἐκφαίνω	ἐκφαίνω	to show forth, bring to light, disclose, reveal, make manife	0
ekpheugo	ἐκφεύγω	ἐκφεύγω	to flee from, escape	0
ekphora	ἐκφορά	ἐκφορά	carrying out	0
ekkheo	ἐκχέω	ἐκχέω	to pour out	0
ekkhumoo	ἐκχυμόω	ἐκχυμόω	to extract juice from	0
ekosmeon	ἐκόσμεον	κοσμέω	to order, to arrange	0
elabete	ἐλάβετε	λαμβάνω	to take	0
elabomen	ἐλάβομεν	λαμβάνω	to take	0
eladion	ἐλάδιον	ἐλάδιον	young olive tree	1
elaseie	ἐλάσειε	ἐλαύνω	to drive, set in motion	0
elate	ἐλάτη	ἐλάτη	fir (tree of the genus Abies)	0
elatinos	ἐλάτινος	ἐλάτινος	of or made of fir	0
elaphoio	ἐλάφοιο	ἔλαφος	red deer (Cervus elaphus)	0
elakheia	ἐλάχεια	ἐλαχύς	small	0
elao	ἐλάω	ἐλαύνω	to drive, set in motion	0
elainos	ἐλάϊνος	ἐλάϊνος	made of olive tree wood	0
eleaire	ἐλέαιρε	ἐλεαίρω	to feel pity for, have pity on someone	0
elegete	ἐλέγετε	λέγω	to put in order, arrange, gather	0
elegeto	ἐλέγετο	λέγω	to put in order, arrange, gather	0
elegeton	ἐλέγετον	λέγω	to put in order, arrange, gather	0
elegomen	ἐλέγομεν	λέγω	to put in order, arrange, gather	0
elegonto	ἐλέγοντο	λέγω	to put in order, arrange, gather	0
elegou	ἐλέγου	λέγω	to put in order, arrange, gather	0
elegkhea	ἐλέγχεα	ἔλεγχος	argument of disproof, refutation	0
elegkho	ἐλέγχω	ἐλέγχω	to disgrace, put to shame	0
eleei	ἐλέει	ἔλεος	pity, mercy, compassion	0
eleesi	ἐλέεσι	ἔλεος	pity, mercy, compassion	0
eleesin	ἐλέεσιν	ἔλεος	pity, mercy, compassion	0
elee	ἐλέη	ἔλεος	pity, mercy, compassion	0
eleese	ἐλέησε	ἐλεέω	to have pity on, take pity on, show mercy to	0
eleesen	ἐλέησεν	ἐλεέω	to have pity on, take pity on, show mercy to	0
eleeson	ἐλέησον	ἐλεέω	to have pity on, take pity on, show mercy to	0
elexamen	ἐλέξαμεν	λέγω	to put in order, arrange, gather	0
eleois	ἐλέοις	ἔλεος	pity, mercy, compassion	0
eleou	ἐλέου	ἔλεος	pity, mercy, compassion	0
eleous	ἐλέους	ἔλεος	pity, mercy, compassion	0
elephas	ἐλέφας	ἐλέφας	elephant	0
elekhthe	ἐλέχθη	λέγω	to put in order, arrange, gather	0
eleon	ἐλέων	ἔλεος	pity, mercy, compassion	0
eleo	ἐλέῳ	ἔλεος	pity, mercy, compassion	0
elelutha	ἐλήλυθα	ἔρχομαι	to go	0
elephthe	ἐλήφθη	λαμβάνω	to take	0
elipete	ἐλίπετε	λείπω	to leave, leave behind	0
elipeto	ἐλίπετο	λείπω	to leave, leave behind	0
elipomen	ἐλίπομεν	λείπω	to leave, leave behind	0
eliponto	ἐλίποντο	λείπω	to leave, leave behind	0
elipou	ἐλίπου	λείπω	to leave, leave behind	0
elaia	ἐλαία	ἐλαία	olive tree	0
elaiois	ἐλαίοις	ἔλαιον	olive oil, commonly used as an anointing oil	0
elaiou	ἐλαίου	ἔλαιον	olive oil, commonly used as an anointing oil	0
elaion	ἔλαιον	ἔλαιον	olive oil, commonly used as an anointing oil	0
elaio	ἐλαίῳ	ἔλαιον	olive oil, commonly used as an anointing oil	0
elassoo	ἐλασσόω	ἐλασσόω	to make less or smaller, to diminish, reduce in amount	0
elastos	ἐλαστός	ἐλατός	ductile	0
elater	ἐλατήρ	ἐλατήρ	driver, especially of horses, charioteer	1
elatine	ἐλατίνη	ἐλατίνη	cancerwort (Kickxia spuria)	0
elatos	ἐλατός	ἐλατός	ductile	0
elaphros	ἐλαφρός	ἐλαφρός	light	0
elakhu	ἐλαχύ	ἐλαχύς	small	0
elakhus	ἐλαχύς	ἐλαχύς	small	0
elaunei	ἐλαύνει	ἐλαύνω	to drive, set in motion	0
elaunein	ἐλαύνειν	ἐλαύνω	to drive, set in motion	0
elauneis	ἐλαύνεις	ἐλαύνω	to drive, set in motion	0
elaunete	ἐλαύνετε	ἐλαύνω	to drive, set in motion	0
elauno	ἐλαύνω	ἐλαύνω	to drive, set in motion	0
eleeo	ἐλεέω	ἐλεέω	to have pity on, take pity on, show mercy to	0
eleemon	ἐλεήμων	ἐλεήμων	merciful	0
eleairei	ἐλεαίρει	ἐλεαίρω	to feel pity for, have pity on someone	0
eleairo	ἐλεαίρω	ἐλεαίρω	to feel pity for, have pity on someone	0
eleairon	ἐλεαίρων	ἐλεαίρω	to feel pity for, have pity on someone	0
elegeten	ἐλεγέτην	λέγω	to put in order, arrange, gather	0
elegeia	ἐλεγεία	ἐλεγεία	elegy	1
elelizo	ἐλελίζω	ἐλελίζω	to whirl around, turn around	0
eleleu	ἐλελεῦ	ἐλελεῦ	a cry of pain or lament, woe, alas	0
eleoin	ἐλεοῖν	ἔλεος	pity, mercy, compassion	0
eleos	ἐλεός	ἐλεός	kitchen table	0
eleutho	ἐλεύθω	ἐλεύθω	to come, go	0
eleuseai	ἐλεύσεαι	ἔρχομαι	to go	0
eleuse	ἐλεύσῃ	ἔρχομαι	to go	0
eleo	ἐλεῷ	ἐλεός	kitchen table	0
elthe	ἐλθέ	ἔρχομαι	to go	0
elthemen	ἐλθέμεν	ἔρχομαι	to go	0
eltheto	ἐλθέτω	ἔρχομαι	to go	0
elthein	ἐλθεῖν	ἔρχομαι	to go	0
elthon	ἐλθών	ἔρχομαι	to go	0
elleipo	ἐλλείπω	ἐλλείπω	to surpass, leave behind	0
ellos	ἐλλός	ἐλλός	fawn, young deer	0
elpizeis	ἐλπίζεις	ἐλπίζω	to hope for, to look for, expect	0
elpizo	ἐλπίζω	ἐλπίζω	to hope for, to look for, expect	0
elpis	ἐλπίς	ἐλπίς	hope, expectation, belief that something will happen	0
elpieei	ἐλπιέει	ἐλπίζω	to hope for, to look for, expect	0
elpieo	ἐλπιέω	ἐλπίζω	to hope for, to look for, expect	0
elpore	ἐλπωρή	ἐλπίς	hope, expectation, belief that something will happen	0
eludrion	ἐλύδριον	ἐλύδριον	greater celandine (Chelidonium majus)	0
ema	ἐμά	ἐμός	my, of mine	0
emas	ἐμάς	ἐμός	my, of mine	0
emelesa	ἐμέλησα	μέλω	to be an object of care or interest	0
emenete	ἐμένετε	μένω	to stay, wait	0
emenomen	ἐμένομεν	μένω	to stay, wait	0
emetou	ἐμέτου	ἔμετος	vomiting, sickness	0
emeo	ἐμέω	ἐμέω	to vomit, throw up, be sick	0
eme	ἐμή	ἐμός	my, of mine	0
emen	ἐμήν	ἐμός	my, of mine	0
emesato	ἐμήσατο	μήδομαι	to contrive, devise, plot	0
emai	ἐμαί	ἐμός	my, of mine	0
emauten	ἐμαυτήν	ἐμαυτοῦ	myself	0
emautou	ἐμαυτοῦ	ἐμαυτοῦ	myself	0
emauton	ἐμαυτόν	ἐμαυτοῦ	myself	0
emautes	ἐμαυτῆς	ἐμαυτοῦ	myself	0
emaute	ἐμαυτῇ	ἐμαυτοῦ	myself	0
emauto	ἐμαυτῷ	ἐμαυτοῦ	myself	0
emain	ἐμαῖν	ἐμός	my, of mine	0
emais	ἐμαῖς	ἐμός	my, of mine	0
emballo	ἐμβάλλω	ἐμβάλλω	to throw in, cast in	0
embate	ἐμβάτη	ἐμβάτη	bathtub	0
embates	ἐμβάτης	ἐμβάτης	a half-boot of felt	0
embolion	ἐμβόλιον	ἐμβόλιον	discharged object, such as a missile or javelin	0
embolois	ἐμβόλοις	ἔμβολος	A peg, stopper	1
embolou	ἐμβόλου	ἔμβολος	A peg, stopper	1
embolous	ἐμβόλους	ἔμβολος	A peg, stopper	1
embolo	ἐμβόλῳ	ἔμβολος	A peg, stopper	1
emetike	ἐμετική	ἐμετική	course of emetics	0
emetikos	ἐμετικός	ἐμετικός	provoking sickness	1
emeoutou	ἐμεωυτοῦ	ἐμαυτοῦ	myself	0
emmenein	ἐμμένειν	ἐμμένω	to abide in a place	0
emmeno	ἐμμένω	ἐμμένω	to abide in a place	0
emmemaos	ἐμμεμαώς	ἐμμεμαώς	in eager haste, eager	0
emmenes	ἐμμενές	ἐμμενές	unceasingly, continuously	0
emmeinai	ἐμμεῖναι	ἐμμένω	to abide in a place	0
emnesthe	ἐμνήσθη	μιμνήσκω	to remind [with accusative ‘someone’ and genitive ‘of someth	0
emous	ἐμούς	ἐμός	my, of mine	0
emoin	ἐμοῖν	ἐμός	my, of mine	0
emoio	ἐμοῖο	ἐμός	my, of mine	0
emois	ἐμοῖς	ἐμέω	to vomit, throw up, be sick	0
emoisi	ἐμοῖσι	ἐμός	my, of mine	0
emoisin	ἐμοῖσιν	ἐμός	my, of mine	0
empazeto	ἐμπάζετο	ἐμπάζομαι	to busy oneself about, take heed of, care for	0
empipto	ἐμπίπτω	ἐμπίπτω	to fall into, fall upon	0
empis	ἐμπίς	ἐμπίς	mosquito, gnat	0
empaizo	ἐμπαίζω	ἐμπαίζω	to mock	0
empeiria	ἐμπειρία	ἐμπειρία	experience	0
empleko	ἐμπλέκω	ἐμπλέκω	to plait or weave in, entwine	0
emplokas	ἐμπλοκάς	ἐμπλοκή	braiding	0
emploke	ἐμπλοκή	ἐμπλοκή	braiding	0
emploken	ἐμπλοκήν	ἐμπλοκή	braiding	0
emplokes	ἐμπλοκῆς	ἐμπλοκή	braiding	0
empneo	ἐμπνέω	ἐμπνέω	to blow or breathe upon	0
empodizo	ἐμποδίζω	ἐμποδίζω	to fetter, bind the feet	0
empodon	ἐμποδών	ἐμποδών	in the way, underfoot	0
empoieo	ἐμποιέω	ἐμποιέω	to put into, introduce into	0
empolao	ἐμπολάω	ἐμπολάω	to get by barter or traffic	0
empole	ἐμπολή	ἐμπολή	merchandise, wares	0
emporia	ἐμπορία	ἐμπορία	trade, commerce	0
empueo	ἐμπυέω	ἐμπυέω	to suppurate	0
empodios	ἐμπόδιος	ἐμπόδιος	at one's feet, coming in the way, meeting	0
emporion	ἐμπόριον	ἐμπόριον	trading station, mart, factory, emporium	0
empuema	ἐμπύημα	ἐμπύημα	Gathering or abscess, especially internal, of the kidneys or	1
empurios	ἐμπύριος	ἐμπύριος	pertaining to burnt sacrifices	1
emphaino	ἐμφαίνω	ἐμφαίνω	to let be seen in a mirror, reflect	0
emphanes	ἐμφανής	ἐμφανής	showing in itself, reflecting	0
emphusao	ἐμφυσάω	ἐμφυσάω	to blow in, to breathe into	0
emphuo	ἐμφύω	ἐμφύω	to implant, graft	0
emoutou	ἐμωυτοῦ	ἐμαυτοῦ	myself	0
emogesen	ἐμόγησεν	μογέω	to toil, labor	0
emon	ἐμόν	ἐμός	my, of mine	0
emos	ἐμός	ἐμός	my, of mine	0
emus	ἐμύς	ἐμύς	freshwater tortoise (Emys orbicularis)	1
emo	ἐμώ	ἐμός	my, of mine	0
emes	ἐμῆς	ἐμός	my, of mine	0
emes	ἐμῇς	ἐμέω	to vomit, throw up, be sick	0
enago	ἐνάγω	ἐνάγω	to lead in or on	0
enalios	ἐνάλιος	ἐνάλιος	in, on or of the sea, marine	0
enargeia	ἐνάργεια	ἐνάργεια	clarity	1
enaretos	ἐνάρετος	ἐνάρετος	virtuous	0
enarizon	ἐνάριζον	ἐναρίζω	to strip of armor, despoil	0
enate	ἐνάτη	ἔνατος	ninth	0
enater	ἐνάτηρ	ἐνάτηρ	brother's wife	0
enegkete	ἐνέγκητε	φέρω	to bring, bear, carry	0
enegko	ἐνέγκω	φέρω	to bring, bear, carry	0
enegkosi	ἐνέγκωσι	φέρω	to bring, bear, carry	0
enegke	ἐνέγκῃ	φέρω	to bring, bear, carry	0
enegkes	ἐνέγκῃς	φέρω	to bring, bear, carry	0
enedesen	ἐνέδησεν	ἐνδέω	to bind, fast, pack	0
enemonto	ἐνέμοντο	νέμω	to deal out, distribute, dispense, to count, to divide by nu	0
enenipe	ἐνένιπε	ἐνίπτω	to chide, rebuke, upbraid	0
enenipen	ἐνένιπεν	ἐνίπτω	to chide, rebuke, upbraid	0
enepei	ἐνέπει	ἐνέπω	tell or tell about	0
enepeis	ἐνέπεις	ἐνέπω	tell or tell about	0
enepete	ἐνέπετε	ἐνέπω	tell or tell about	0
enepexa	ἐνέπηξα	ἐμπήγνυμι	to stick, inflict, plant	0
enepexan	ἐνέπηξαν	ἐμπήγνυμι	to stick, inflict, plant	0
enepomen	ἐνέπομεν	ἐνέπω	tell or tell about	0
enepo	ἐνέπω	ἐνέπω	tell or tell about	0
energeia	ἐνέργεια	ἐνέργεια	activity, operation, vigour, efficiency	1
enestai	ἐνέσται	ἔνειμι	to be inside	0
enekho	ἐνέχω	ἐνέχω	to hold or keep fast within, to harbor (e	0
enerato	ἐνήρατο	ἐναίρω	to kill, slay (especially in battle)	0
eni	ἐνί	ἐν	(with dative) in	0
eniemi	ἐνίημι	ἐνίημι	to send in, send into	0
enikesa	ἐνίκησα	νικάω	to win, be the winner, conquer	0
enikesan	ἐνίκησαν	νικάω	to win, be the winner, conquer	0
eniote	ἐνίοτε	ἐνίοτε	sometimes	0
enipto	ἐνίπτω	ἐνίπτω	to chide, rebuke, upbraid	0
enispes	ἐνίσπες	ἐνέπω	tell or tell about	0
enispe	ἐνίσπῃ	ἐνέπω	tell or tell about	0
enistemi	ἐνίστημι	ἐνίστημι	to begin	0
enairo	ἐναίρω	ἐναίρω	to kill, slay (especially in battle)	0
enaisima	ἐναίσιμα	ἐναίσιμα	ominously	0
enantia	ἐναντία	ἐναντία	opposite	0
enantiai	ἐναντίαι	ἐναντίος	opposite, facing, visible	1
enantian	ἐναντίαν	ἐναντίος	opposite, facing, visible	1
enantie	ἐναντίη	ἐναντίος	opposite, facing, visible	1
enantion	ἐναντίον	ἐναντίον	opposite, facing	0
enantios	ἐναντίος	ἐναντίος	opposite, facing, visible	1
enapoluo	ἐναπολύω	ἐναπολύω	to acquit	0
enarizo	ἐναρίζω	ἐναρίζω	to strip of armor, despoil	0
enarges	ἐναργής	ἐναργής	visible	0
endexia	ἐνδέξια	ἐνδέξια	left-to-right	0
endexios	ἐνδέξιος	ἐνδέξιος	rightward, left-to-right	0
endeo	ἐνδέω	ἐνδέω	to bind, fast, pack	0
endees	ἐνδεής	ἐνδεής	lacking, deficient	0
endeeis	ἐνδεεῖς	ἐνδεής	lacking, deficient	0
endeous	ἐνδεοῦς	ἐνδεής	lacking, deficient	0
endea	ἐνδεᾶ	ἐνδεής	lacking, deficient	0
endialuo	ἐνδιαλύω	ἐνδιαλύω	to loosen, disperse a clot of blood	0
endoiazo	ἐνδοιάζω	ἐνδοιάζω	to be in doubt, be at a loss	0
endoiaze	ἐνδοιάζῃ	ἐνδοιάζω	to be in doubt, be at a loss	0
endoxos	ἔνδοξος	ἔνδοξος	reputable	0
endukeos	ἐνδυκέως	ἐνδυκέως	kindly	0
endoxoin	ἐνδόξοιν	ἔνδοξος	reputable	0
endoxois	ἐνδόξοις	ἔνδοξος	reputable	0
endoxou	ἐνδόξου	ἔνδοξος	reputable	0
endoxous	ἐνδόξους	ἔνδοξος	reputable	0
endoxo	ἐνδόξω	ἔνδοξος	reputable	0
endoxon	ἐνδόξων	ἔνδοξος	reputable	0
enduno	ἐνδύνω	ἐνδύω	to go into	0
enduo	ἐνδύω	ἐνδύω	to go into	0
eneikas	ἐνείκας	φέρω	to bring, bear, carry	0
enegkein	ἐνεγκεῖν	φέρω	to bring, bear, carry	0
energeo	ἐνεργέω	ἐνεργέω	to be in action or activity, to operate	0
energes	ἐνεργής	ἐνεργής	productive (of land)	0
energos	ἐνεργός	ἐνεργός	at work, active	0
eneos	ἐνεός	ἐνεός	dumb, mute, speechless	0
eneidon	ἐνεῖδον	ἐνοράω	to see, remark, observe in	0
enthade	ἐνθάδε	ἐνθάδε	hither	0
enthende	ἐνθένδε	ἐνθένδε	from this place, hence	0
entheke	ἐνθήκη	ἐνθήκη	store	0
entheken	ἐνθήκην	ἐνθήκη	store	0
enthekes	ἐνθήκης	ἐνθήκη	store	0
enthumia	ἐνθυμία	ἐνθυμία	scruple, misgiving	0
eniautoi	ἐνιαυτοί	ἐνιαυτός	anniversary	0
eniautou	ἐνιαυτοῦ	ἐνιαυτός	anniversary	0
eniauton	ἐνιαυτόν	ἐνιαυτός	anniversary	0
eniautos	ἐνιαυτός	ἐνιαυτός	anniversary	0
eniauto	ἐνιαυτῷ	ἐνιαυτός	anniversary	0
enipe	ἐνιπή	ἐνιπή	rebuke	0
ennea	ἐννέα	ἐννέα	nine	1
ennepo	ἐννέπω	ἐννέπω	Epic, Doric, and Tragic form of ἐνέπω (enépō)	0
enneion	ἐννήιον	ἐννήιον	handle of the oar	0
ennoeo	ἐννοέω	ἐννοέω	to consider, reflect on	0
ennoo	ἐννοῶ	ἐννοέω	to consider, reflect on	0
ennemar	ἐννῆμαρ	ἐννῆμαρ	for nine days, nine days long	0
enoikeo	ἐνοικέω	ἐνοικέω	to dwell in, inhabit (with dative or accusative)	0
enoikon	ἐνοικῶν	ἐνοικέω	to dwell in, inhabit (with dative or accusative)	0
enope	ἐνοπή	ἐνοπή	crying, shouting, as of birds	0
enorao	ἐνοράω	ἐνοράω	to see, remark, observe in	0
enokhe	ἐνοχή	ἐνοχή	obligation, liability, responsibility	0
enokhleo	ἐνοχλέω	ἐνοχλέω	to trouble, annoy (with dative or accusative)	0
enteleia	ἐντέλεια	ἐντέλεια	completeness, plenitude	0
entello	ἐντέλλω	ἐντέλλω	to order, command to be done, enjoin	0
entanuse	ἐντανύσῃ	ἐντανύω	to stretch tight	0
entanuo	ἐντανύω	ἐντανύω	to stretch tight	0
entautha	ἐνταῦθα	ἐνταῦθα	here	0
enteino	ἐντείνω	ἐντείνω	to stretch or strain tight	0
enteles	ἐντελής	ἐντελής	complete, full	0
entole	ἐντολή	ἐντολή	injunction, order, command	0
entolen	ἐντολήν	ἐντολή	injunction, order, command	0
entoles	ἐντολῆς	ἐντολή	injunction, order, command	0
entome	ἐντομή	ἐντομή	slit, groove	0
entrepo	ἐντρέπω	ἐντρέπω	to turn about	0
entrope	ἐντροπή	ἐντροπή	a turning towards	0
entropia	ἐντροπία	ἐντροπία	a turning towards	1
entupoo	ἐντυπόω	ἐντυπόω	to cut in intaglio, carve or mold in or upon	0
entopios	ἐντόπιος	ἐντόπιος	native to a country or region, indigenous	0
entos	ἐντός	ἐντός	within, inside (spatial enclosure	0
entubion	ἐντύβιον	ἔντυβον	endive (Cichorium endivia)	0
enualios	ἐνυάλιος	ἐνυάλιος	war-like	0
enudris	ἔνυδρις	ἔνυδρις	otter (Lutra lutra)	0
enomotia	ἐνωμοτία	ἐνωμοτία	A band of sworn soldiers	0
enoesa	ἐνόησα	νοέω	to perceive	0
enoese	ἐνόησε	νοέω	to perceive	0
enoesen	ἐνόησεν	νοέω	to perceive	0
enomize	ἐνόμιζε	νομίζω	to use customarily, practise, hold to a custom, customarily	0
enomizen	ἐνόμιζεν	νομίζω	to use customarily, practise, hold to a custom, customarily	0
enugen	ἐνύγην	νύσσω	to touch with a sharp point, prick, stab, pierce	0
enupnion	ἐνύπνιον	ἐνύπνιον	dream	0
enupnios	ἐνύπνιος	ἐνύπνιος	appearing in dreams or sleep, seen in dreams, during one's s	0
enoma	ἐνώμα	νωμάω	to deal out, distribute	0
enon	ἐνών	ἔνειμι	to be inside	0
enopia	ἐνώπια	ἐνώπιος	face to face	0
enopion	ἐνώπιον	ἐνώπιον	face to face	0
enopios	ἐνώπιος	ἐνώπιος	face to face	0
enotion	ἐνώτιον	ἐνώτιον	earring	0
enegon	ἐνῆγον	ἐνάγω	to lead in or on	0
exagei	ἐξάγει	ἐξάγω	to lead out, bring out	0
exageis	ἐξάγεις	ἐξάγω	to lead out, bring out	0
exago	ἐξάγω	ἐξάγω	to lead out, bring out	0
exapto	ἐξάπτω	ἐξάπτω	to attach to, fasten to	0
exarkho	ἐξάρχω	ἐξάρχω	to begin, lead off	0
exelexa	ἐξέλεξα	ἐκλέγω	to pick or single out, to choose	0
exeleto	ἐξέλετο	ἐξαιρέω	to take out	0
exelipon	ἐξέλιπον	ἐκλείπω	to leave out, pass over	0
exepempe	ἐξέπεμπε	ἐκπέμπω	to send out, send forth	0
exeromai	ἐξέρομαι	ἐξέρομαι	inquire into, inquire of	0
exerkhe	ἐξέρχῃ	ἐξέρχομαι	to go out, come out (usually with genitive)	0
exessuto	ἐξέσσυτο	ἐκσεύομαι	to rush out or burst forth from	0
exetasis	ἐξέτασις	ἐξέτασις	close examination, scrutiny, test, inquiry	0
exekho	ἐξέχω	ἐξέχω	to stand out, to project	0
exegesai	ἐξήγησαι	ἐξηγέομαι	to lead (the way)	0
exegesin	ἐξήγησιν	ἐξήγησις	narration	1
exegesis	ἐξήγησις	ἐξήγησις	narration	1
exerthen	ἐξήρθην	ἐξαίρω	to lift up, lift off the earth	0
exekhthe	ἐξήχθη	ἐξάγω	to lead out, bring out	0
exiemi	ἐξίημι	ἐξίημι	to send out, let (someone) go out, dismiss	0
exiesi	ἐξίησι	ἐξίημι	to send out, let (someone) go out, dismiss	0
existemi	ἐξίστημι	ἐξίστημι	to displace	0
exisosis	ἐξίσωσις	ἐξίσωσις	equalization	0
exainuto	ἐξαίνυτο	ἐξαίνυμαι	to carry off, take away from	0
exairo	ἐξαίρω	ἐξαίρω	to lift up, lift off the earth	0
exagagon	ἐξαγαγών	ἐξάγω	to lead out, bring out	0
exaireo	ἐξαιρέω	ἐξαιρέω	to take out	0
exaiteo	ἐξαιτέω	ἐξαιτέω	to demand from	0
exanaluo	ἐξαναλύω	ἐξαναλύω	to set quite free	0
exapines	ἐξαπίνης	ἐξαπίνης	suddenly, all of a sudden	0
exarpazo	ἐξαρπάζω	ἐξαρπάζω	to snatch away from	0
exartao	ἐξαρτάω	ἐξαρτάω	to hang upon	0
exartuo	ἐξαρτύω	ἐξαρτύω	to prepare	0
exauster	ἐξαυστήρ	ἐξαυστήρ	flesh-hook for taking meat out of a pot	0
exaphthe	ἐξαφθῇ	ἐξάπτω	to attach to, fasten to	0
exautis	ἐξαῦτις	ἐξαῦτις	again, anew	0
exeileto	ἐξείλετο	ἐξαιρέω	to take out	0
exeireto	ἐξείρετο	ἐξέρομαι	inquire into, inquire of	0
exedioxe	ἐξεδίωξε	ἐκδιώκω	to chase away, banish	0
exelasas	ἐξελάσας	ἐξελαύνω	to drive out, chase away	0
exelegen	ἐξελέγην	ἐκλέγω	to pick or single out, to choose	0
exelauno	ἐξελαύνω	ἐξελαύνω	to drive out, chase away	0
exerao	ἐξεράω	ἐξεράω	to evacuate, esp	0
exetazo	ἐξετάζω	ἐξετάζω	to examine well or closely, inquire into, scrutinise	0
exephane	ἐξεφάνη	ἐκφαίνω	to show forth, bring to light, disclose, reveal, make manife	0
exeipon	ἐξεῖπον	ἐξεῖπον	to speak out	0
exegeso	ἐξηγήσω	ἐξηγέομαι	to lead (the way)	0
exegese	ἐξηγήσῃ	ἐξηγέομαι	to lead (the way)	0
exegei	ἐξηγεῖ	ἐξηγέομαι	to lead (the way)	0
exegeito	ἐξηγεῖτο	ἐξηγέομαι	to lead (the way)	0
exegetes	ἐξηγητής	ἐξηγητής	leader	1
exegoio	ἐξηγοῖο	ἐξηγέομαι	to lead (the way)	0
exegoito	ἐξηγοῖτο	ἐξηγέομαι	to lead (the way)	0
exegou	ἐξηγοῦ	ἐξηγέομαι	to lead (the way)	0
exegetai	ἐξηγῆται	ἐξηγέομαι	to lead (the way)	0
exege	ἐξηγῇ	ἐξηγέομαι	to lead (the way)	0
exegomai	ἐξηγῶμαι	ἐξηγέομαι	to lead (the way)	0
exisoo	ἐξισόω	ἐξισόω	to make equal, equalize	0
exion	ἐξιών	ἔξειμι	to go out, come out	0
exopiso	ἐξοπίσω	ἐξοπίσω	backwards, back again	0
exorkizo	ἐξορκίζω	ἐξορκίζω	to swear in, administer an oath to	1
exotruno	ἐξοτρύνω	ἐξοτρύνω	to stir up, urge on, excite	0
exousia	ἐξουσία	ἐξουσία	power, means, license, or authority to do something	0
exousiai	ἐξουσίαι	ἐξουσία	power, means, license, or authority to do something	0
exousias	ἐξουσίας	ἐξουσία	power, means, license, or authority to do something	0
exokhe	ἐξοχή	ἐξοχή	pre-eminence	0
exokhen	ἐξοχήν	ἐξοχή	pre-eminence	0
exubrizo	ἐξυβρίζω	ἐξυβρίζω	to break out into insolence	0
exupnizo	ἐξυπνίζω	ἐξυπνίζω	to wake	0
exotikos	ἐξωτικός	ἐξωτικός	foreign, outlying, alien (opposed to συγγενής, ἰδιωτικός, et	0
exostes	ἐξώστης	ἐξώστης	one who drives out	0
exerkhe	ἐξῆρχε	ἐξάρχω	to begin, lead off	0
exesan	ἐξῇσαν	ἔξειμι	to go out, come out	0
eoikos	ἐοικώς	εἰκώς	likely, probable, reasonable	0
epago	ἐπάγω	ἐπάγω	to bring on, bring to, lead to	0
epaneimi	ἐπάνειμι	ἐπανέρχομαι	to return, come again	0
epanimen	ἐπάνιμεν	ἐπανέρχομαι	to return, come again	0
epano	ἐπάνω	ἐπάνω	above, higher than, more than	0
eparkho	ἐπάρχω	ἐπάρχω	to govern, lead, rule over	0
epeessi	ἐπέεσσι	ἔπος	something spoken	1
epeessin	ἐπέεσσιν	ἔπος	something spoken	1
epetheke	ἐπέθηκε	ἐπιτίθημι	to lay, put or place upon	0
epelthoi	ἐπέλθοι	ἐπέρχομαι	to approach	0
epempete	ἐπέμπετε	πέμπω	to send, dispatch	0
ependuma	ἐπένδυμα	ἐπένδυμα	Upper garment	1
epexeimi	ἐπέξειμι	ἐπέξειμι	to go out against (an enemy)	0
epeoika	ἐπέοικα	ἐπέοικα	to be like, to suit	0
epeoike	ἐπέοικε	ἐπέοικα	to be like, to suit	0
epeoiken	ἐπέοικεν	ἐπέοικα	to be like, to suit	0
epeoin	ἐπέοιν	ἔπος	something spoken	1
epeoiin	ἐπέοιϊν	ἔπος	something spoken	1
epepleon	ἐπέπλεον	ἐπιπλέω	to sail on or over (a body of water)	0
eperomai	ἐπέρομαι	ἐπέρομαι	to ask in addition or again	0
epespon	ἐπέσπον	ἐφέπω	to follow up, pursue	0
epessuto	ἐπέσσυτο	ἐπισσεύω	to set upon, incite against, send	0
epeskhe	ἐπέσχε	ἐπέχω	to have or hold upon	0
epeskhon	ἐπέσχον	ἐπέχω	to have or hold upon	0
epetelle	ἐπέτελλε	ἐπιτέλλω	to order, command, enjoin	0
epetonto	ἐπέτοντο	πέτομαι	to fly	0
epekhei	ἐπέχει	ἐπέχω	to have or hold upon	0
epekhein	ἐπέχειν	ἐπέχω	to have or hold upon	0
epekheis	ἐπέχεις	ἐπέχω	to have or hold upon	0
epekhete	ἐπέχετε	ἐπέχω	to have or hold upon	0
epekheue	ἐπέχευε	ἐπιχέω	to pour over	0
epekhoi	ἐπέχοι	ἐπέχω	to have or hold upon	0
epekho	ἐπέχω	ἐπέχω	to have or hold upon	0
epekhon	ἐπέχων	ἐπέχω	to have or hold upon	0
epekhe	ἐπέχῃ	ἐπέχω	to have or hold upon	0
epeon	ἐπέων	ἔπος	something spoken	1
epeludas	ἐπήλυδας	ἔπηλυς	coming to a place	0
epeluthe	ἐπήλυθε	ἐπέρχομαι	to approach	0
epen	ἐπήν	ἐπήν	when, whenever	0
eperaton	ἐπήρατον	ἐπαίρω	to lift up and set on	0
epereia	ἐπήρεια	ἐπήρεια	insulting treatment, spiteful abuse	0
eperonto	ἐπήροντο	ἐπέρομαι	to ask in addition or again	0
epi	ἐπί	ἐπί	[with genitive]	0
epiakhon	ἐπίαχον	ἐπιάχω	to shout out, shout aloud	0
epiblema	ἐπίβλημα	ἐπίβλημα	that which is thrown over, covering	1
epigeia	ἐπίγεια	ἐπίγεια	a kind of reed extending over the ground	0
epigeios	ἐπίγειος	ἐπίγειος	on or of the earth, terrestrial	0
epigonos	ἐπίγονος	ἐπίγονος	A thing which "comes after" the fruit or seed of something e	0
epigonou	ἐπίγονου	ἐπίγονος	A thing which "comes after" the fruit or seed of something e	0
epithema	ἐπίθεμα	ἐπίθεμα	cover, lid, top	1
epilogos	ἐπίλογος	ἐπίλογος	reasoning, inference	1
epilusis	ἐπίλυσις	ἐπίλυσις	release from, exemption from banishment	0
epilutos	ἐπίλυτος	ἐπίλυτος	manumitted	0
epineion	ἐπίνειον	ἐπίνειον	seaport where the state navy lies	0
epinoia	ἐπίνοια	ἐπίνοια	power of thought, imagination, inventiveness	0
epiorkon	ἐπίορκον	ἐπίορκος	sworn falsely (of oaths)	0
epiorkos	ἐπίορκος	ἐπίορκος	sworn falsely (of oaths)	0
epipasma	ἐπίπασμα	ἐπίπασμα	a powder or substance for sprinkling	0
epipedos	ἐπίπεδος	ἐπίπεδος	on the ground, on the earth	0
epiploon	ἐπίπλοον	ἐπίπλοον	fold of the peritoneum, omentum	1
epiponon	ἐπίπονον	ἐπίπονος	painful, toilsome, laborious	0
epiponos	ἐπίπονος	ἐπίπονος	painful, toilsome, laborious	0
epirrema	ἐπίρρημα	ἐπίρρημα	adverb	1
epision	ἐπίσιον	ἐπίσιον	pubic region, pubic mound	1
epispe	ἐπίσπῃ	ἐφέπω	to follow up, pursue	0
epistato	ἐπίστατο	ἐπίσταμαι	to know, to have the knowledge of something	0
epitaxis	ἐπίταξις	ἐπίταξις	injunction	0
epiomen	ἐπίωμεν	ἔπειμι	to be upon	0
epiosi	ἐπίωσι	ἔπειμι	to be upon	0
epaisso	ἐπαΐσσω	ἐπαΐσσω	to dart at	0
epaio	ἐπαΐω	ἐπαΐω	to hear	0
epaideue	ἐπαίδευε	παιδεύω	to raise, bring up a child	0
epainoin	ἐπαίνοιν	ἔπαινος	approval, praise	0
epainois	ἐπαίνοις	ἔπαινος	approval, praise	0
epainou	ἐπαίνου	ἔπαινος	approval, praise	0
epainous	ἐπαίνους	ἔπαινος	approval, praise	0
epaino	ἐπαίνω	ἔπαινος	approval, praise	0
epainon	ἐπαίνων	ἔπαινος	approval, praise	0
epairo	ἐπαίρω	ἐπαίρω	to lift up and set on	0
epagoge	ἐπαγωγή	ἐπαγωγή	leading in, bringing in or upon	0
epagoges	ἐπαγωγῆς	ἐπαγωγή	leading in, bringing in or upon	0
epaineo	ἐπαινέω	ἐπαινέω	to approve, applaud, agree, countenance	0
epaiteo	ἐπαιτέω	ἐπαιτέω	to ask besides	0
epakouo	ἐπακούω	ἐπακούω	to listen to, hearken to, hear	0
epaltheo	ἐπαλθέω	ἐπαλθέω	to heal, cure	0
epalthes	ἐπαλθής	ἐπαλθής	healing	0
epamuno	ἐπαμύνω	ἐπαμύνω	to come to aid, assist	0
epaniemi	ἐπανίημι	ἐπανίημι	to let loose at	0
epanaluo	ἐπαναλύω	ἐπαναλύω	to return	0
epanion	ἐπανιών	ἐπανέρχομαι	to return, come again	0
epapoluo	ἐπαπολύω	ἐπαπολύω	to discharge against	0
eparkhia	ἐπαρχία	ἐπαρχία	eparchy, province, the provincial government of an administr	0
epaueten	ἐπαυέτην	παύω	to make cease	0
epauomen	ἐπαυόμην	παύω	to make cease	0
epauete	ἐπαύετε	παύω	to make cease	0
epaueto	ἐπαύετο	παύω	to make cease	0
epaueton	ἐπαύετον	παύω	to make cease	0
epauthe	ἐπαύθη	παύω	to make cease	0
epauthen	ἐπαύθην	παύω	to make cease	0
epauthes	ἐπαύθης	παύω	to make cease	0
epauonto	ἐπαύοντο	παύω	to make cease	0
epauou	ἐπαύου	παύω	to make cease	0
epausate	ἐπαύσατε	παύω	to make cease	0
epausato	ἐπαύσατο	παύω	to make cease	0
epausthe	ἐπαύσθη	παύω	to make cease	0
epauso	ἐπαύσω	παύω	to make cease	0
epei	ἐπεί	ἐπεί	after, after that, since, when	0
epeigei	ἐπείγει	ἐπείγω	to press hard, oppress	0
epeigein	ἐπείγειν	ἐπείγω	to press hard, oppress	0
epeigeis	ἐπείγεις	ἐπείγω	to press hard, oppress	0
epeigete	ἐπείγετε	ἐπείγω	to press hard, oppress	0
epeigoi	ἐπείγοι	ἐπείγω	to press hard, oppress	0
epeigo	ἐπείγω	ἐπείγω	to press hard, oppress	0
epeidete	ἐπείδετε	ἐφοράω	to oversee, watch over	0
epeisthe	ἐπείσθη	πείθω	to convince, persuade	0
epeide	ἐπειδή	ἐπειδή	after, since	0
epekbas	ἐπεκβάς	ἐπεκβαίνω	to disembark	0
epelthon	ἐπελθών	ἐπέρχομαι	to approach	0
ependuno	ἐπενδύνω	ἐπενδύνω	to put on a garment over another	0
epexeei	ἐπεξῄει	ἐπέξειμι	to go out against (an enemy)	0
epepauke	ἐπεπαύκη	παύω	to make cease	0
eperotao	ἐπερωτάω	ἐπερωτάω	to consult, inquire of, question	0
epestale	ἐπεστάλη	ἐπιστέλλω	to send to, inform by letter/message	0
epeuxato	ἐπεύξατο	ἐπεύχομαι	to pray (to)	0
epeide	ἐπεῖδε	ἐφοράω	to oversee, watch over	0
epeiden	ἐπεῖδεν	ἐφοράω	to oversee, watch over	0
epeides	ἐπεῖδες	ἐφοράω	to oversee, watch over	0
epeidon	ἐπεῖδον	ἐφοράω	to oversee, watch over	0
epeipon	ἐπεῖπον	ἐπεῖπον	to say besides	0
epeikhe	ἐπεῖχε	ἐπέχω	to have or hold upon	0
epeikhen	ἐπεῖχεν	ἐπέχω	to have or hold upon	0
epeikhon	ἐπεῖχον	ἐπέχω	to have or hold upon	0
epiakho	ἐπιάχω	ἐπιάχω	to shout out, shout aloud	0
epiballo	ἐπιβάλλω	ἐπιβάλλω	to throw, cast, fling upon	0
epibaino	ἐπιβαίνω	ἐπιβαίνω	to get on, board, mount	0
epiboule	ἐπιβουλή	ἐπιβουλή	plot (secret plan to achieve an end)	0
epidemia	ἐπιδημία	ἐπιδημία	a stay in a place	0
epidineo	ἐπιδινέω	ἐπιδινέω	to whirl or swing round before throwing	0
epieikes	ἐπιεικής	ἐπιεικής	fitting, suitable	0
epizemia	ἐπιζήμια	ἐπιζήμιος	bringing loss, hurtful, damaging	0
epitheke	ἐπιθήκη	ἐπιθήκη	An addition, an increase	0
epitheis	ἐπιθείς	ἐπιτίθημι	to lay, put or place upon	0
epikaleo	ἐπικαλέω	ἐπικαλέω	to call upon a god, invoke	0
epikeuso	ἐπικεύσω	ἐπικεύθω	to hide, conceal	0
epikos	ἐπικός	ἐπικός	epic	0
epilego	ἐπιλέγω	ἐπιλέγω	to say in addition, to add further, to call by name	0
epiletho	ἐπιλήθω	ἐπιλήθω	[with genitive] to cause one to forget (something)	0
epileios	ἐπιλεῖος	ἐπιλεῖος	merlin	0
epiloge	ἐπιλογή	ἐπιλογή	choice	0
epilutes	ἐπιλύτης	ἐπιλύτης	one who resolves or explains	0
epilutos	ἐπιλύτως	ἐπιλύτως	freeingly, liberatingly	0
epiluo	ἐπιλύω	ἐπιλύω	to set free, release, loose, untie	0
epimeno	ἐπιμένω	ἐπιμένω	to stay on, tarry or abide still	0
epimix	ἐπιμίξ	ἐπιμίξ	confusedly	0
epimisgo	ἐπιμίσγω	ἐπιμίσγω	to have dealings with	0
epimeles	ἐπιμελής	ἐπιμελής	careful, anxious [with genitive ‘about’]	0
epimelis	ἐπιμηλίς	ἐπιμηλίς	medlar (Mespilus germanica)	0
epinoeo	ἐπινοέω	ἐπινοέω	to think on, think of, contrive	0
epinomis	ἐπινομίς	ἐπινομίς	an addition to a law, an appendix	0
epiorkia	ἐπιορκία	ἐπιορκία	false swearing	0
epipasso	ἐπιπάσσω	ἐπιπάσσω	to sprinkle upon	0
epipipto	ἐπιπίπτω	ἐπιπίπτω	to fall on	0
epipleo	ἐπιπλέω	ἐπιπλέω	to sail on or over (a body of water)	0
epipleon	ἐπιπλέων	ἐπιπλέω	to sail on or over (a body of water)	0
epiponos	ἐπιπόνως	ἐπιπόνως	painfully, toilsomely, laboriously	0
epirrepo	ἐπιρρέπω	ἐπιρρέπω	to lean towards	0
episeuo	ἐπισεύω	ἐπισεύω	post-Epic form of ἐπισσεύω (episseúō)	0
episkeue	ἐπισκευή	ἐπισκευή	repair, restoration	0
epispein	ἐπισπεῖν	ἐφέπω	to follow up, pursue	0
episseuo	ἐπισσεύω	ἐπισσεύω	to set upon, incite against, send	0
episteme	ἐπιστήμη	ἐπιστήμη	understanding of or acquaintance with a skill	1
epistole	ἐπιστολή	ἐπιστολή	message, letter	1
epitasso	ἐπιτάσσω	ἐπιτάσσω	put upon as a duty, enjoin	0
epitello	ἐπιτέλλω	ἐπιτέλλω	to order, command, enjoin	0
epitemno	ἐπιτέμνω	ἐπιτέμνω	to cut upon the surface, make an incision, gash	0
epitage	ἐπιταγή	ἐπιταγή	imposition (of taxes, oracles, or divine commands, etc	0
epiteleo	ἐπιτελέω	ἐπιτελέω	to complete, finish, make perfect	0
epitereo	ἐπιτηρέω	ἐπιτηρέω	to look out for	0
epitimao	ἐπιτιμάω	ἐπιτιμάω	to lay a value upon	0
epitome	ἐπιτομή	ἐπιτομή	a cutting on the surface, incision	0
epitrapo	ἐπιτράπω	ἐπιτρέπω	to entrust, leave (something to someone), turn over (to some	0
epitrepo	ἐπιτρέπω	ἐπιτρέπω	to entrust, leave (something to someone), turn over (to some	0
epiphero	ἐπιφέρω	ἐπιφέρω	to bestow, put, lay upon	0
epiphora	ἐπιφορά	ἐπιφορά	bonus, extra, largess	0
epikheo	ἐπιχέω	ἐπιχέω	to pour over	0
epikhrio	ἐπιχρίω	ἐπιχρίω	to anoint, besmear, or smear onto a surface	0
epionton	ἐπιόντων	ἔπειμι	to be upon	0
epion	ἐπιών	ἔπειμι	to be upon	0
epleomen	ἐπλέομεν	πλέω	to sail (in a boat)	0
epleroun	ἐπλήρουν	πληρόω	to fill, make full	0
epoiee	ἐποίεε	ἐποίεε	uncontracted third-person singular imperfect active indicati	0
epoiei	ἐποίει	ποιέω	to make	0
epoieis	ἐποίεις	ποιέω	to make	0
epoieon	ἐποίεον	ποιέω	to make	0
epoiesan	ἐποίησαν	ποιέω	to make	0
epoiese	ἐποίησε	ποιέω	to make	0
epoiesen	ἐποίησεν	ποιέω	to make	0
epoioun	ἐποίουν	ποιέω	to make	0
epoieeto	ἐποιέετο	ἐποιέετο	uncontracted third-person singular imperfect mediopassive in	0
epoieite	ἐποιεῖτε	ποιέω	to make	0
epoieito	ἐποιεῖτο	ποιέω	to make	0
epoiou	ἐποιοῦ	ποιέω	to make	0
eponeito	ἐπονεῖτο	πονέω	to toil, labor, work	0
epopoiia	ἐποποιία	ἐποποιία	epic poetry or an epic poem	0
eporeuou	ἐπορεύου	πορεύω	to cause to go, carry, convey	0
eporouo	ἐπορούω	ἐπορούω	to attack, rush upon	0
epotruno	ἐποτρύνω	ἐποτρύνω	to urge on, move, prompt, impel	0
epoulis	ἐπουλίς	ἐπουλίς	a growth on the gum	1
epouloo	ἐπουλόω	ἐπουλόω	to scar over, form a scar, cicatrize	0
epousia	ἐπουσία	ἐπουσία	surplus	0
epokhe	ἐποχή	ἐποχή	check, cessation	0
epoin	ἐποῖν	ἔπος	something spoken	1
epriamen	ἐπριάμην	ὠνέομαι	to buy	0
epoleite	ἐπωλεῖτε	πωλέω	to sell	0
epomis	ἐπωμίς	ἐπωμίς	the point of the shoulder	0
eponumia	ἐπωνυμία	ἐπωνυμία	derived name, eponym	0
eponei	ἐπόνει	πονέω	to toil, labor, work	0
eponoun	ἐπόνουν	πονέω	to toil, labor, work	0
epornumi	ἐπόρνυμι	ἐπόρνυμι	to stir up, arouse, excite	0
eporouse	ἐπόρουσε	ἐπορούω	to attack, rush upon	0
epopsei	ἐπόψει	ἔποψις	a view over, as far as the view from the temple reached	0
epullion	ἐπύλλιον	ἐπύλλιον	versicle, scrap of poetry	1
epolee	ἐπώλεε	ἐπώλεε	uncontracted third-person singular imperfect active indicati	0
epolei	ἐπώλει	πωλέω	to sell	0
epoleis	ἐπώλεις	πωλέω	to sell	0
epolese	ἐπώλησε	πωλέω	to sell	0
epolesen	ἐπώλησεν	πωλέω	to sell	0
epoloun	ἐπώλουν	πωλέω	to sell	0
epon	ἐπών	ἔπειμι	to be upon	0
eponumos	ἐπώνυμος	ἐπώνυμος	named in a significant manner, with a significant name	1
epeneon	ἐπῄνεον	ἐπαινέω	to approve, applaud, agree, countenance	0
epenesan	ἐπῄνησαν	ἐπαινέω	to approve, applaud, agree, countenance	0
epegon	ἐπῆγον	ἐπάγω	to bring on, bring to, lead to	0
epelthe	ἐπῆλθε	ἐπέρχομαι	to approach	0
epode	ἐπῳδή	ἐπῳδή	enchantment, spell	0
epokheto	ἐπῴχετο	ἐποίχομαι	to go to, go against, attack, ply	0
epon	ἐπῶν	ἔπος	something spoken	1
erasmios	ἐράσμιος	ἐράσμιος	lovely, pleasant	0
erao	ἐράω	ἐράω	to love (with sexual passion), to be in love with	0
erebei	ἐρέβει	ἔρεβος	darkness	0
erebeos	ἐρέβεος	ἔρεβος	darkness	0
erebeus	ἐρέβευς	ἔρεβος	darkness	0
erebous	ἐρέβους	ἔρεβος	darkness	0
ereei	ἐρέει	εἴρω	to tie	0
ereein	ἐρέειν	εἴρω	to tie	0
ereeine	ἐρέεινε	ἐρεείνω	to ask (request an answer)	0
ereeis	ἐρέεις	ἐρέεις	uncontracted second-person singular future active indicative	0
ereoimi	ἐρέοιμι	ἐρέοιμι	uncontracted first-person singular future active optative of	0
ereomen	ἐρέομεν	ἐρέομεν	uncontracted first-person plural future active indicative of	0
ereousi	ἐρέουσι	ἐρέουσι	uncontracted third-person plural future active indicative of	0
ereousin	ἐρέουσιν	ἐρέουσιν	uncontracted third-person plural future active indicative of	0
eresthai	ἐρέσθαι	ἔρομαι	to ask	0
eresso	ἐρέσσω	ἐρέσσω	to row, paddle	0
eretas	ἐρέτας	ἐρέτης	rower	0
eretes	ἐρέτης	ἐρέτης	rower	0
erepho	ἐρέφω	ἐρέφω	to cover with a roof	0
erekhtho	ἐρέχθω	ἐρέχθω	to rend, break	0
ereo	ἐρέω	ἔρομαι	to ask	0
ereon	ἐρέων	εἴρω	to tie	0
eremais	ἐρήμαις	ἐρῆμος	lonely, lonesome, solitary	0
eremas	ἐρήμας	ἐρῆμος	lonely, lonesome, solitary	0
ereme	ἐρήμη	ἐρῆμος	lonely, lonesome, solitary	0
eremen	ἐρήμην	ἐρῆμος	lonely, lonesome, solitary	0
eremes	ἐρήμης	ἐρῆμος	lonely, lonesome, solitary	0
eremous	ἐρήμους	ἐρῆμος	lonely, lonesome, solitary	0
eremo	ἐρήμῳ	ἐρῆμος	lonely, lonesome, solitary	0
eretuon	ἐρήτυον	ἐρητύω	to keep back, restrain, check, bar	0
eribolos	ἐρίβωλος	ἐριβῶλαξ	very fertile	0
erizo	ἐρίζω	ἐρίζω	to struggle	0
erieras	ἐρίηρας	ἐρίηρος	faithful, trusty	0
erieres	ἐρίηρες	ἐρίηρος	faithful, trusty	0
erieros	ἐρίηρος	ἐρίηρος	faithful, trusty	0
eripne	ἐρίπνη	ἐρίπνη	broken cliff, crag	0
erisas	ἐρίσας	ἐρίζω	to struggle	0
eriphion	ἐρίφιον	ἐρίφιον	dewberry (Rubus caesius)	0
eriphon	ἐρίφων	ἔριφος	kid	0
erastes	ἐραστής	ἐραστής	lover, erastes	0
eratos	ἐρατός	ἐρατός	beloved	0
ergates	ἐργάτης	ἐργάτης	worker	0
ergasia	ἐργασία	ἐργασία	work, daily labor, business	0
ergaster	ἐργαστήρ	ἐργαστήρ	a workman	0
ergastes	ἐργαστής	ἐργαστής	negotiator	0
ergodes	ἐργώδης	ἐργώδης	difficult, troublesome	0
ereido	ἐρείδω	ἐρείδω	to prop, support	0
ereike	ἐρείκη	ἐρείκη	heath (Erica arborea)	1
ereipion	ἐρείπιον	ἐρείπιον	ruin, wreck	0
ereipo	ἐρείπω	ἐρείπω	to throw or dash down, tear down	0
ereisas	ἐρείσας	ἐρείδω	to prop, support	0
erebenne	ἐρεβεννή	ἐρεβεννός	dark, gloomy	0
ereeino	ἐρεείνω	ἐρεείνω	to ask (request an answer)	0
erethizo	ἐρεθίζω	ἐρεθίζω	to annoy, irritate	0
eremnos	ἐρεμνός	ἐρεμνός	murky, black, dark, obscure	0
eretma	ἐρετμά	ἐρετμόν	oar for rowing	0
eretmois	ἐρετμοῖς	ἐρετμόν	oar for rowing	0
eretmon	ἐρετμόν	ἐρετμόν	oar for rowing	0
ereunao	ἐρευνάω	ἐρευνάω	to seek, track	0
ereutho	ἐρεύθω	ἐρεύθω	to make red, to redden	0
erei	ἐρεῖ	εἴρω	to tie	0
ereis	ἐρεῖς	εἴρω	to tie	0
ereite	ἐρεῖτε	εἴρω	to tie	0
ereiton	ἐρεῖτον	εἴρω	to tie	0
eremia	ἐρημία	ἐρημία	desert, desolate/uninhabited area, wilderness	0
eremites	ἐρημίτης	ἐρημίτης	living in the desert	0
eremoo	ἐρημόω	ἐρημόω	to lay waste, devastate, bring to desolation, bring to nough	0
eretuo	ἐρητύω	ἐρητύω	to keep back, restrain, check, bar	0
eribolax	ἐριβῶλαξ	ἐριβῶλαξ	very fertile	0
eridaino	ἐριδαίνω	ἐριδαίνω	to quarrel	0
erithake	ἐριθάκη	ἐριθάκη	bee bread	0
erikudes	ἐρικυδής	ἐρικυδής	very famous	0
erineos	ἐρινεός	ἐρινεός	wild fig-tree (Ficus carica)	0
eroumen	ἐροῦμεν	εἴρω	to tie	0
erousi	ἐροῦσι	εἴρω	to tie	0
erousin	ἐροῦσιν	εἴρω	to tie	0
eruthron	ἐρυθρόν	ἐρυθρός	reddish, red	1
eruthros	ἐρυθρός	ἐρυθρός	reddish, red	1
erusibe	ἐρυσίβη	ἐρυσίβη	rust in corn, mildew	0
eroe	ἐρωή	ἐρωή	rush, impulse, sweep, force in motion	0
eroen	ἐρωήν	ἐρωή	rush, impulse, sweep, force in motion	0
eromene	ἐρωμένη	ἐρωμένη	she who is loved, one’s (female) beloved	0
eromenen	ἐρωμένην	ἐρώμενος	he who is loved, one’s (male) beloved	0
erotao	ἐρωτάω	ἐρωτάω	to ask	0
erotikos	ἐρωτικός	ἐρωτικός	related to love, erotic	0
erotan	ἐρωτᾶν	ἐρωτάω	to ask	0
eroton	ἐρωτῶν	ἐρωτάω	to ask	0
eromenos	ἐρόμενος	ἔρομαι	to ask	0
eruthema	ἐρύθημα	ἐρύθημα	redness on the skin, blush	1
eruko	ἐρύκω	ἐρύκω	to restrain, control, curb, keep in check	0
eruomai	ἐρύομαι	ἐρύομαι	unattested form of ῥύομαι (rhúomai)	0
erusanto	ἐρύσαντο	ῥύομαι	to protect, guard, preserve	0
erusas	ἐρύσας	ἐρύω	to draw, drag, pull	0
erusato	ἐρύσατο	ἐρύω	to draw, drag, pull	0
erusimon	ἐρύσιμον	ἐρύσιμον	hedge-mustard, Sisymbrium polyceratium	0
erussas	ἐρύσσας	ἐρύω	to draw, drag, pull	0
erussato	ἐρύσσατο	ἐρύω	to draw, drag, pull	0
eruo	ἐρύω	ἐρύω	to draw, drag, pull	0
eromenos	ἐρώμενος	ἐρώμενος	he who is loved, one’s (male) beloved	0
eronton	ἐρώντων	ἐρῶν	he who loves with sexual passion, a lover	0
eroses	ἐρώσης	ἐρῶν	he who loves with sexual passion, a lover	0
erotema	ἐρώτημα	ἐρώτημα	question, something asked, or specifically	1
erotesis	ἐρώτησις	ἐρώτησις	questioning, interrogation	0
erotoin	ἐρώτοιν	ἔρως	love, desire (usually of a romantic/sexual nature) (often pe	0
eroton	ἐρώτων	ἔρως	love, desire (usually of a romantic/sexual nature) (often pe	0
erema	ἐρῆμα	ἐρῆμος	lonely, lonesome, solitary	0
eremoi	ἐρῆμοι	ἐρῆμος	lonely, lonesome, solitary	0
eremon	ἐρῆμον	ἐρῆμος	lonely, lonesome, solitary	0
eremos	ἐρῆμος	ἐρῆμος	lonely, lonesome, solitary	0
erodios	ἐρῳδιός	ἐρῳδιός	heron (bird of the genus Ardea)	0
ero	ἐρῶ	εἴρω	to tie	0
eron	ἐρῶν	ἐρῶν	he who loves with sexual passion, a lover	0
eronta	ἐρῶντα	ἐρῶν	he who loves with sexual passion, a lover	0
erontas	ἐρῶντας	ἐρῶν	he who loves with sexual passion, a lover	0
erontes	ἐρῶντες	ἐρῶν	he who loves with sexual passion, a lover	0
erontos	ἐρῶντος	ἐρῶν	he who loves with sexual passion, a lover	0
erosa	ἐρῶσα	ἐρῶν	he who loves with sexual passion, a lover	0
erosai	ἐρῶσαι	ἐρῶν	he who loves with sexual passion, a lover	0
erosan	ἐρῶσαν	ἐρῶν	he who loves with sexual passion, a lover	0
erosi	ἐρῶσι	ἐρῶν	he who loves with sexual passion, a lover	0
erosin	ἐρῶσιν	ἐρῶν	he who loves with sexual passion, a lover	0
esanta	ἐσάντα	εἰσάντα	right opposite	0
esakouo	ἐσακούω	εἰσακούω	to listen, give ear	0
esballo	ἐσβάλλω	εἰσβάλλω	to throw into	0
esbas	ἐσβάς	εἰσβαίνω	to embark, board ship	0
esbaino	ἐσβαίνω	εἰσβαίνω	to embark, board ship	0
esbibazo	ἐσβιβάζω	εἰσβιβάζω	to make to go into	0
esbenai	ἐσβῆναι	εἰσβαίνω	to embark, board ship	0
esgrapho	ἐσγράφω	εἰσγράφω	to write in, inscribe	0
esthes	ἐσθής	ἐσθής	clothes, clothing, raiment	0
estheton	ἐσθήτων	ἐσθής	clothes, clothing, raiment	0
esthio	ἐσθίω	ἐσθίω	to eat	0
esthla	ἐσθλά	ἐσθλά	goods, wares	0
esthloi	ἐσθλοί	ἐσθλός	good	0
esthlous	ἐσθλούς	ἐσθλός	good	0
esthlon	ἐσθλόν	ἐσθλόν	a good thing	0
esthlos	ἐσθλός	ἐσθλός	good	0
esthlon	ἐσθλῶν	ἐσθλός	good	0
esthesi	ἐσθῆσι	ἐσθής	clothes, clothing, raiment	0
esthesin	ἐσθῆσιν	ἐσθής	clothes, clothing, raiment	0
estheta	ἐσθῆτα	ἐσθής	clothes, clothing, raiment	0
esthetas	ἐσθῆτας	ἐσθής	clothes, clothing, raiment	0
esthete	ἐσθῆτε	ἐσθής	clothes, clothing, raiment	0
esthetes	ἐσθῆτες	ἐσθής	clothes, clothing, raiment	0
estheti	ἐσθῆτι	ἐσθής	clothes, clothing, raiment	0
esthetos	ἐσθῆτος	ἐσθής	clothes, clothing, raiment	0
esmen	ἐσμέν	εἰμί	to be	0
espleo	ἐσπλέω	εἰσπλέω	to sail into	0
essen	ἐσσήν	ἐσσήν	priest of Artemis of Ephesus	0
essi	ἐσσί	εἰμί	to be	0
este	ἐστέ	εἰμί	to be	0
esti	ἐστί	εἰμί	to be	0
estin	ἐστίν	εἰμί	to be	0
eston	ἐστόν	εἰμί	to be	0
eskhara	ἐσχάρα	ἐσχάρα	hearth	0
eskharia	ἐσχάρια	ἐσχάριον	diminutive of ἐσχάρα (eskhára)	0
eskhario	ἐσχάριω	ἐσχάριον	diminutive of ἐσχάρα (eskhára)	0
eskhethe	ἐσχέθη	ἔχω	to have, possess, contain, own	0
eskheten	ἐσχέτην	ἔχω	to have, possess, contain, own	0
eskhekei	ἐσχήκει	ἔχω	to have, possess, contain, own	0
eskhekoi	ἐσχήκοι	ἔχω	to have, possess, contain, own	0
eskhekes	ἐσχήκῃς	ἔχω	to have, possess, contain, own	0
eskhatia	ἐσχατιά	ἐσχατιά	border, edge, remotest part	0
eskhekos	ἐσχηκώς	ἔχω	to have, possess, contain, own	0
eskhomen	ἐσχόμην	ἔχω	to have, possess, contain, own	0
esometha	ἐσόμεθα	εἰμί	to be	0
esomenos	ἐσόμενος	εἰμί	to be	0
esozete	ἐσῴζετε	σῴζω	to save	0
esozomen	ἐσῴζομεν	σῴζω	to save	0
etazo	ἐτάζω	ἐτάζω	to examine, test	0
etathen	ἐτάθην	τείνω	to stretch, extend	0
etaxanto	ἐτάξαντο	τάσσω	to arrange, put in order	0
etethe	ἐτέθη	τίθημι	to put, place, set	0
etethen	ἐτέθην	τίθημι	to put, place, set	0
etethes	ἐτέθης	τίθημι	to put, place, set	0
etelesse	ἐτέλεσσε	τελέω	to bring about, complete, fulfill	0
etetukto	ἐτέτυκτο	τεύχω	to make	0
eteon	ἐτέων	ἔτος	year	0
etetumon	ἐτήτυμον	ἐτήτυμον	really, truly, actually	0
etetumos	ἐτήτυμος	ἐτήτυμος	true, actual, real	0
etithei	ἐτίθει	τίθημι	to put, place, set	0
etitheis	ἐτίθεις	τίθημι	to put, place, set	0
etithete	ἐτίθετε	τίθημι	to put, place, set	0
etiomen	ἐτίομεν	τίω	to pay honour to a person	0
etisato	ἐτίσατο	τίνω	to pay a price, that is, as a penalty	0
eteon	ἐτεόν	ἐτεός	in accordance with reality or one's honest perception of it	1
eteos	ἐτεός	ἐτεός	in accordance with reality or one's honest perception of it	1
etoin	ἐτοῖν	ἔτος	year	0
etrapete	ἐτράπετε	τρέπω	turn, divert, turn back, rout an enemy	0
etrapeto	ἐτράπετο	τρέπω	turn, divert, turn back, rout an enemy	0
etrapen	ἐτράπην	τρέπω	turn, divert, turn back, rout an enemy	0
etrephou	ἐτρέφου	τρέφω	to make to grow, to increase, bring up, breed, rear (especia	0
etos	ἐτός	ἐτός	in vain, for nothing, without reason	0
etukhthe	ἐτύχθη	τεύχω	to make	0
etosia	ἐτώσια	ἐτώσιος	to no purpose, fruitless	0
etosion	ἐτώσιον	ἐτώσιος	to no purpose, fruitless	0
etosios	ἐτώσιος	ἐτώσιος	to no purpose, fruitless	0
eton	ἐτῶν	ἔτος	year	0
ephamen	ἐφάμην	φημί	to speak	0
ephane	ἐφάνη	φαίνω	to cause to appear	1
ephapto	ἐφάπτω	ἐφάπτω	to bind on	0
ephedra	ἐφέδρα	ἐφέδρα	sitting by or before a place	0
ephelko	ἐφέλκω	ἐφέλκω	to draw on, drag or trail after, lead	0
ephepo	ἐφέπω	ἐφέπω	to follow up, pursue	0
epherete	ἐφέρετε	φέρω	to bring, bear, carry	0
ephereto	ἐφέρετο	φέρω	to bring, bear, carry	0
epherou	ἐφέρου	φέρω	to bring, bear, carry	0
ephetes	ἐφέτης	ἐφέτης	commander	0
epheboin	ἐφήβοιν	ἔφηβος	adolescent (around ages 17-20 traditionally)	0
ephebois	ἐφήβοις	ἔφηβος	adolescent (around ages 17-20 traditionally)	0
ephebou	ἐφήβου	ἔφηβος	adolescent (around ages 17-20 traditionally)	0
ephebous	ἐφήβους	ἔφηβος	adolescent (around ages 17-20 traditionally)	0
ephebo	ἐφήβω	ἔφηβος	adolescent (around ages 17-20 traditionally)	0
ephebon	ἐφήβων	ἔφηβος	adolescent (around ages 17-20 traditionally)	0
epheko	ἐφήκω	ἐφήκω	to have arrived	0
ephesei	ἐφήσει	ἐφίημι	to send to	0
epheso	ἐφήσω	ἐφίημι	to send to	0
ephiesan	ἐφίεσαν	ἐφίημι	to send to	0
ephiemi	ἐφίημι	ἐφίημι	to send to	0
ephexes	ἐφεξής	ἐφεξής	consecutively	0
epheuroi	ἐφεύροι	ἐφευρίσκω	to light upon, discover	0
ephoiton	ἐφοίτων	φοιτάω	to go back and forth	0
ephobou	ἐφοβοῦ	φοβέω	to put to flight	0
ephorao	ἐφοράω	ἐφοράω	to oversee, watch over	0
ephormao	ἐφορμάω	ἐφορμάω	to stir up, rouse against	0
ephormeo	ἐφορμέω	ἐφορμέω	to blockade	0
ephormon	ἐφορμῶν	ἐφορμάω	to stir up, rouse against	0
ephoran	ἐφορᾶν	ἐφοράω	to oversee, watch over	0
ephora	ἐφορᾷ	ἐφοράω	to oversee, watch over	0
ephoras	ἐφορᾷς	ἐφοράω	to oversee, watch over	0
ephoron	ἐφορῶν	ἐφοράω	to oversee, watch over	0
ephobese	ἐφόβησε	φοβέω	to put to flight	0
ephodous	ἐφόδους	ἔφοδος	approach, access	0
ephorei	ἐφόρει	φορέω	frequentative of φέρω (phérō)	1
ephoresa	ἐφόρεσα	φορέω	frequentative of φέρω (phérō)	1
ephorese	ἐφόρησε	φορέω	frequentative of φέρω (phérō)	1
ephorou	ἐφόρου	ἔφορος	overseer	1
ephoron	ἐφόρων	ἔφορος	overseer	1
ephonee	ἐφώνεε	ἐφώνεε	uncontracted third-person singular imperfective active indic	0
ephonei	ἐφώνει	φωνέω	to produce a sound or tone	0
ephonoun	ἐφώνουν	φωνέω	to produce a sound or tone	0
epheke	ἐφῆκε	ἐφίημι	to send to	0
epheken	ἐφῆκεν	ἐφίημι	to send to	0
epheptai	ἐφῆπται	ἐφάπτω	to bind on	0
ekhazeto	ἐχάζετο	χάζομαι	to give way, fall back, retreat	0
ekhare	ἐχάρη	χαίρω	to be full of cheer	0
ekharen	ἐχάρην	χαίρω	to be full of cheer	0
ekhemen	ἐχέμεν	ἔχω	to have, possess, contain, own	0
ekhestho	ἐχέσθω	ἔχω	to have, possess, contain, own	0
ekhetle	ἐχέτλη	ἐχέτλη	a plough-handle	0
ekheto	ἐχέτω	ἔχω	to have, possess, contain, own	0
ekhenia	ἐχήνια	ἐχήνια	part of a bridle or bit	0
ekheneis	ἐχενηΐς	ἐχενηΐς	remora, suckerfish (fish of the family Echeneidae)	0
ekhthion	ἐχθίων	ἐχθρός	hated, hateful	0
ekhthoin	ἐχθοῖν	ἔχθος	hate	0
ekhthra	ἐχθρά	ἐχθρά	a (female) enemy or foe	0
ekhthran	ἐχθράν	ἐχθρός	hated, hateful	0
ekhthras	ἐχθράς	ἐχθρός	hated, hateful	0
ekhthre	ἐχθρέ	ἐχθρός	hated, hateful	0
ekhthrai	ἐχθραί	ἐχθρός	hated, hateful	0
ekhthroi	ἐχθροί	ἐχθρός	hated, hateful	0
ekhthrou	ἐχθροῦ	ἐχθρός	hated, hateful	0
ekhthron	ἐχθρόν	ἐχθρός	hated, hateful	0
ekhthros	ἐχθρός	ἐχθρός	hated, hateful	0
ekhthro	ἐχθρώ	ἐχθρός	hated, hateful	0
ekhthra	ἐχθρᾷ	ἐχθρός	hated, hateful	0
ekhthon	ἐχθῶν	ἔχθος	hate	0
ekhoimen	ἐχοίμην	ἔχω	to have, possess, contain, own	0
ekhomene	ἐχομένη	ἐχόμενος	next, following	0
ekhomeno	ἐχομένω	ἐχόμενος	next, following	0
ekhren	ἐχρῆν	χρή	have to	0
ekhuros	ἐχυρός	ὀχυρός	firm, lasting, stout	0
ekhomena	ἐχόμενα	ἐχόμενος	next, following	0
ekhomen	ἐχόμην	ἔχω	to have, possess, contain, own	0
ekhorei	ἐχώρει	χωρέω	to withdraw	0
ekhoroun	ἐχώρουν	χωρέω	to withdraw	0
ekhinos	ἐχῖνος	ἐχῖνος	hedgehog	1
eoneito	ἐωνεῖτο	ὠνέομαι	to buy	0
euknemis	ἐϋκνήμις	ἐϋκνήμις	well-greaved	0
eurrees	ἐϋρρεής	ἐϋρρεής	fair-flowing (epithet of rivers)	0
eurreios	ἐϋρρεῖος	ἐϋρρεής	fair-flowing (epithet of rivers)	0
eorge	ἐόργη	ἐόργη	stirrer, ladle	0
eolpei	ἐώλπει	ἔλπω	to cause to hope	0
eon	ἐών	ὤν	actual	0
eonemai	ἐώνημαι	ὠνέομαι	to buy	0
eonentai	ἐώνηνται	ὠνέομαι	to buy	0
eonesai	ἐώνησαι	ὠνέομαι	to buy	0
eonesthe	ἐώνησθε	ὠνέομαι	to buy	0
eonetai	ἐώνηται	ὠνέομαι	to buy	0
easai	ἐᾶσαι	ἐάω	to let someone do something, allow	0
eate	ἐᾶτε	ἐάω	to let someone do something, allow	0
eokei	ἐῴκει	ἔοικα	to seem likely	0
eomen	ἐῶμεν	ἐάω	to let someone do something, allow	0
eosi	ἐῶσι	ἐάω	to let someone do something, allow	0
hea	ἑά	ἑός	his own	0
eas	ἑάς	ἑός	his own	0
eaon	ἑάων	ἑός	his own	0
eeon	ἑέων	ἑός	his own	0
hee	ἑή	ἑός	his own	0
een	ἑήν	ἑός	his own	0
eai	ἑαί	ἑός	his own	0
eanos	ἑανός	ἑανός	fine robe worn by women	0
eauta	ἑαυτά	ἑαυτοῦ	himself	0
eautas	ἑαυτάς	ἑαυτοῦ	himself	0
eauten	ἑαυτήν	ἑαυτοῦ	himself	0
eautais	ἑαυταῖς	ἑαυτοῦ	himself	0
eautous	ἑαυτούς	ἑαυτοῦ	himself	0
eautoin	ἑαυτοῖν	ἑαυτοῦ	himself	0
eautois	ἑαυτοῖς	ἑαυτοῦ	himself	0
eautoisi	ἑαυτοῖσι	ἑαυτοῦ	himself	0
eautou	ἑαυτοῦ	ἑαυτοῦ	himself	0
eauto	ἑαυτό	ἑαυτοῦ	himself	0
eauton	ἑαυτόν	ἑαυτοῦ	himself	0
eautes	ἑαυτῆς	ἑαυτοῦ	himself	0
eaute	ἑαυτῇ	ἑαυτοῦ	himself	0
eain	ἑαῖν	ἑός	his own	0
eais	ἑαῖς	ἑός	his own	0
eaiin	ἑαῖϊν	ἑός	his own	0
ebdomas	ἑβδομάς	ἑβδομάς	a group of seven, especially a week of seven days or a group	1
ebdomais	ἑβδόμαις	ἕβδομος	seventh	0
ebdomas	ἑβδόμας	ἕβδομος	seventh	0
ebdome	ἑβδόμη	ἕβδομος	seventh	0
ebdomen	ἑβδόμην	ἕβδομος	seventh	0
ebdomes	ἑβδόμης	ἕβδομος	seventh	0
ebdomois	ἑβδόμοις	ἕβδομος	seventh	0
ebdomou	ἑβδόμου	ἕβδομος	seventh	0
ebdomous	ἑβδόμους	ἕβδομος	seventh	0
ebdomon	ἑβδόμων	ἕβδομος	seventh	0
ebdomo	ἑβδόμῳ	ἕβδομος	seventh	0
ezomenos	ἑζόμενος	ἕζομαι	to sit, sit oneself	0
ekaergos	ἑκάεργος	ἑκάεργος	far-working or originally free-working (epithet of Apollo an	0
ekas	ἑκάς	ἑκάς	afar, far off	0
ekastote	ἑκάστοτε	ἑκάστοτε	each time, on each occasion	0
ekastou	ἑκάστου	ἕκαστος	each, every	0
ekasto	ἑκάστῳ	ἕκαστος	each, every	0
ekateron	ἑκάτερον	ἑκάτερος	each of two, each singly	0
ekateros	ἑκάτερος	ἑκάτερος	each of two, each singly	0
ekatoio	ἑκάτοιο	ἕκατος	far-shooting (epithet of Apollo and Artemis)	0
ekatoste	ἑκατοστή	ἑκατοστός	hundredth	0
ekatombe	ἑκατόμβη	ἑκατόμβη	hecatomb, an offering of a hundred cattle	1
ekaton	ἑκατόν	ἑκατόν	hundred	1
ekebolon	ἑκηβόλον	ἑκηβόλος	sharpshooter, sniper (epithet of Apollo)	0
ekebolos	ἑκηβόλος	ἑκηβόλος	sharpshooter, sniper (epithet of Apollo)	0
ekebolou	ἑκηβόλου	ἑκηβόλος	sharpshooter, sniper (epithet of Apollo)	0
ekebolo	ἑκηβόλῳ	ἑκηβόλος	sharpshooter, sniper (epithet of Apollo)	0
ekouson	ἑκουσῶν	ἑκών	willing	0
ekousa	ἑκούσα	ἑκών	willing	0
ekousain	ἑκούσαιν	ἑκών	willing	0
ekousais	ἑκούσαις	ἑκών	willing	0
ekousas	ἑκούσας	ἑκών	willing	0
ekouses	ἑκούσης	ἑκών	willing	0
ekousios	ἑκούσιος	ἑκούσιος	voluntary (done, given, or acting of one's own free will)	0
ekouse	ἑκούσῃ	ἑκών	willing	0
ekousai	ἑκοῦσαι	ἑκών	willing	0
ekousan	ἑκοῦσαν	ἑκών	willing	0
ekousi	ἑκοῦσι	ἑκών	willing	0
ekousin	ἑκοῦσιν	ἑκών	willing	0
ekteus	ἑκτεύς	ἑκτεύς	sixth part of various units of measure, sextarius	0
ektikos	ἑκτικός	ἑκτικός	formed by or forming habit	1
ekuros	ἑκυρός	ἑκυρός	father-in-law	0
ekon	ἑκών	ἑκών	willing	0
ekonta	ἑκόντα	ἑκών	willing	0
ekontas	ἑκόντας	ἑκών	willing	0
ekonte	ἑκόντε	ἑκών	willing	0
ekontes	ἑκόντες	ἑκών	willing	0
ekonti	ἑκόντι	ἑκών	willing	0
ekontoin	ἑκόντοιν	ἑκών	willing	0
ekontos	ἑκόντος	ἑκών	willing	0
ekonton	ἑκόντων	ἑκών	willing	0
eleein	ἑλέειν	αἱρέω	to take, grasp, seize	0
elenas	ἑλένας	ἑλένη	torch	0
elene	ἑλένη	ἑλένη	torch	0
elenen	ἑλένην	ἑλένη	torch	0
elenes	ἑλένης	ἑλένη	torch	0
elepolis	ἑλέπολις	ἑλέπολις	helepolis, an engine for sieges	0
elesthai	ἑλέσθαι	αἱρέω	to take, grasp, seize	0
eleten	ἑλέτην	αἱρέω	to take, grasp, seize	0
elike	ἑλίκη	ἑλίκη	the Great Bear	0
elisso	ἑλίσσω	ἑλίσσω	to turn round	0
eledonas	ἑλεδώνας	ἑλεδώνη	musky octopus (Eledone moschata)	0
eledone	ἑλεδώνη	ἑλεδώνη	musky octopus (Eledone moschata)	0
eledonen	ἑλεδώνην	ἑλεδώνη	musky octopus (Eledone moschata)	0
elespis	ἑλεσπίς	ἑλεσπίς	marshland, swampland	0
elein	ἑλεῖν	αἱρέω	to take, grasp, seize	0
elkemen	ἑλκέμεν	ἕλκω	to drag (pull along a surface)	0
elkon	ἑλκῶν	ἕλκος	an open wound	0
ellenizo	ἑλληνίζω	ἑλληνίζω	to speak or write Greek (especially correct Greek)	0
elomenos	ἑλόμενος	αἱρέω	to take, grasp, seize	0
elometha	ἑλώμεθα	αἱρέω	to take, grasp, seize	0
elon	ἑλών	αἱρέω	to take, grasp, seize	0
elorion	ἑλώριον	ἑλώριον	booty, prey of wild animals	0
eni	ἑνί	εἷς	one	0
endekate	ἑνδεκάτη	ἑνδέκατος	eleventh	0
enos	ἑνός	εἷς	one	0
exagonon	ἑξάγωνον	ἑξάγωνος	hexagonal	0
exagonos	ἑξάγωνος	ἑξάγωνος	hexagonal	0
exakis	ἑξάκις	ἑξάκις	six times	0
examiton	ἑξάμιτον	ἑξάμιτος	having six strands	1
examitos	ἑξάμιτος	ἑξάμιτος	having six strands	1
exekonta	ἑξήκοντα	ἑξήκοντα	sixty	1
exeies	ἑξείης	ἑξῆς	in order, one after another	0
exekosto	ἑξηκοστῷ	ἑξηκοστός	sixtieth	0
exometha	ἑξόμεθα	ἔχω	to have, possess, contain, own	0
exomenos	ἑξόμενος	ἔχω	to have, possess, contain, own	0
exemar	ἑξῆμαρ	ἑξῆμαρ	for six days, six days long	0
exes	ἑξῆς	ἑξῆς	in order, one after another	0
eoi	ἑοί	ἑός	his own	0
eortazo	ἑορτάζω	ἑορτάζω	to keep festival or holiday	0
eortas	ἑορτάς	ἑορτή	feast	0
eorte	ἑορτή	ἑορτή	feast	0
eorten	ἑορτήν	ἑορτή	feast	0
eortai	ἑορταί	ἑορτή	feast	0
eortais	ἑορταῖς	ἑορτή	feast	0
eortes	ἑορτῆς	ἑορτή	feast	0
eorton	ἑορτῶν	ἑορτή	feast	0
eous	ἑούς	ἑός	his own	0
eoin	ἑοῖν	ἑός	his own	0
eoio	ἑοῖο	ἑός	his own	0
eois	ἑοῖς	ἑός	his own	0
eoisi	ἑοῖσι	ἑός	his own	0
eoisin	ἑοῖσιν	ἑός	his own	0
eoiin	ἑοῖϊν	ἑός	his own	0
eou	ἑοῦ	ἑός	his own	0
epetes	ἑπέτης	ἑπέτης	follower, attendant	0
epta	ἑπτά	ἑπτά	seven	1
eptakis	ἑπτάκις	ἑπτάκις	seven times	0
ermis	ἑρμίς	ἑρμίς	bedpost	0
ermeneia	ἑρμηνεία	ἑρμηνεία	interpretation, explanation, hermeneutics	0
ermeneus	ἑρμηνεύς	ἑρμηνεύς	interpreter, dragoman, expounder	0
ermeneuo	ἑρμηνεύω	ἑρμηνεύω	to interpret, esp	0
erpeton	ἑρπετόν	ἑρπετόν	Any animal which walks on four legs	1
erpuzo	ἑρπύζω	ἑρπύζω	to creep, crawl	0
esmos	ἑσμός	ἑσμός	that which settles (especially a swarm of bees)	0
espera	ἑσπέρα	ἑσπέρα	evening	0
esperas	ἑσπέρας	ἑσπέρα	evening	0
estamen	ἑστάμεν	ἵστημι	to stand	0
estekei	ἑστήκει	ἵστημι	to stand	0
estia	ἑστία	ἑστία	hearth	0
estaos	ἑσταώς	ἵστημι	to stand	0
estos	ἑστώς	ἵστημι	to stand	0
etera	ἑτέρα	ἕτερος	one or the other of two	1
eterain	ἑτέραιν	ἕτερος	one or the other of two	1
eterais	ἑτέραις	ἕτερος	one or the other of two	1
eteran	ἑτέραν	ἕτερος	one or the other of two	1
eteras	ἑτέρας	ἕτερος	one or the other of two	1
eteroin	ἑτέροιν	ἕτερος	one or the other of two	1
eterois	ἑτέροις	ἕτερος	one or the other of two	1
eterou	ἑτέρου	ἕτερος	one or the other of two	1
eterous	ἑτέρους	ἕτερος	one or the other of two	1
etero	ἑτέρω	ἕτερος	one or the other of two	1
eterothi	ἑτέρωθι	ἑτέρωθι	on the other side	0
eteron	ἑτέρων	ἕτερος	one or the other of two	1
eteros	ἑτέρως	ἑτέρως	one way or another	0
eterose	ἑτέρωσε	ἑτέρωσε	to the other side, to somewhere else	0
etere	ἑτέρῃ	ἕτερος	one or the other of two	1
etaira	ἑταίρα	ἑταίρα	courtesan, escort, cultivated prostitute	0
etairoin	ἑταίροιν	ἑταῖρος	comrade, companion, partner, friend	1
etairoio	ἑταίροιο	ἑταῖρος	comrade, companion, partner, friend	1
etairois	ἑταίροις	ἑταῖρος	comrade, companion, partner, friend	1
etairou	ἑταίρου	ἑταῖρος	comrade, companion, partner, friend	1
etairous	ἑταίρους	ἑταῖρος	comrade, companion, partner, friend	1
etairo	ἑταίρω	ἑταῖρος	comrade, companion, partner, friend	1
etairon	ἑταίρων	ἑταῖρος	comrade, companion, partner, friend	1
etaireia	ἑταιρεία	ἑταιρεία	companionship	1
etairike	ἑταιρική	ἑταιρική	companionship	0
etaire	ἑταῖρε	ἑταῖρος	comrade, companion, partner, friend	1
etairoi	ἑταῖροι	ἑταῖρος	comrade, companion, partner, friend	1
etairos	ἑταῖρος	ἑταῖρος	comrade, companion, partner, friend	1
eteroios	ἑτεροῖος	ἑτεροῖος	of a different kind	0
etoimon	ἑτοίμων	ἑτοῖμος	at hand, ready, prepared	0
etoimos	ἑτοίμως	ἑτοίμως	readily	0
etoimazo	ἑτοιμάζω	ἑτοιμάζω	to get ready, prepare	0
etoima	ἑτοῖμα	ἑτοῖμος	at hand, ready, prepared	0
etoimoi	ἑτοῖμοι	ἑτοῖμος	at hand, ready, prepared	0
etoimos	ἑτοῖμος	ἑτοῖμος	at hand, ready, prepared	0
ephthos	ἑφθός	ἑφθός	boiled, cooked in hot water	0
epsesas	ἑψήσας	ἕψω	to boil, seethe	0
epsia	ἑψία	ἑψία	amusement	0
eon	ἑόν	ἑός	his own	0
eos	ἑός	ἑός	his own	0
heo	ἑώ	ἑός	his own	0
eeos	ἑῆος	ἐΰς	good, brave, noble	0
ees	ἑῆς	ἑός	his own	0
heei	ἑῇ	ἑός	his own	0
eesi	ἑῇσι	ἑός	his own	0
eesin	ἑῇσιν	ἑός	his own	0
heoi	ἑῷ	ἑός	his own	0
ear	ἔαρ	ἔαρ	blood	0
ease	ἔασε	ἐάω	to let someone do something, allow	0
easi	ἔασι	εἰμί	to be	0
easin	ἔασιν	εἰμί	to be	0
eason	ἔασον	ἐάω	to let someone do something, allow	0
ebaine	ἔβαινε	βαίνω	to go	0
ebainen	ἔβαινεν	βαίνω	to go	0
ebaines	ἔβαινες	βαίνω	to go	0
ebainon	ἔβαινον	βαίνω	to go	0
ebale	ἔβαλε	βάλλω	to throw, cast, hurl	0
ebalon	ἔβαλον	βάλλω	to throw, cast, hurl	0
ebamen	ἔβαμεν	βαίνω	to go	0
eban	ἔβαν	βαίνω	to go	0
ebasan	ἔβασαν	βαίνω	to go	0
ebate	ἔβατε	βαίνω	to go	0
ebaton	ἔβατον	βαίνω	to go	0
ebenos	ἔβενος	ἔβενος	ebony tree, wood	0
ebe	ἔβη	βαίνω	to go	0
ebemen	ἔβημεν	βαίνω	to go	0
eben	ἔβην	βαίνω	to go	0
ebes	ἔβης	βαίνω	to go	0
ebesa	ἔβησα	βαίνω	to go	0
ebesan	ἔβησαν	βαίνω	to go	0
ebete	ἔβητε	βαίνω	to go	0
ebeton	ἔβητον	βαίνω	to go	0
ebrakhon	ἔβραχον	ἔβραχον	to rattle	0
ebros	ἔβρος	ἔβρος	billy goat, buck	0
eggonos	ἔγγονος	ἔγγονος	grandson	0
egeiron	ἔγειρον	ἐγείρω	to awaken, wake up, rouse, stir	0
egersis	ἔγερσις	ἔγερσις	awaking, rousing from sleep	0
egkairos	ἔγκαιρος	ἔγκαιρος	timely, seasonable, opportune	0
egkata	ἔγκατα	ἔγκατα	bowels	0
egkauma	ἔγκαυμα	ἔγκαυμα	mark made by a branding iron, sore from burning	1
egkeimai	ἔγκειμαι	ἔγκειμαι	to lie in, be wrapped in (clothes)	0
egklema	ἔγκλημα	ἔγκλημα	accusation, charge	0
egklisis	ἔγκλισις	ἔγκλισις	inclination	0
egkuos	ἔγκυος	ἔγκυος	pregnant	0
egkurtos	ἔγκυρτος	ἔγκυρτος	curved, crooked	0
egno	ἔγνω	γιγνώσκω	to be aware of	0
egnoke	ἔγνωκε	γιγνώσκω	to be aware of	0
egnoken	ἔγνωκεν	γιγνώσκω	to be aware of	0
egnomen	ἔγνωμεν	γιγνώσκω	to be aware of	0
egnon	ἔγνων	γιγνώσκω	to be aware of	0
egnos	ἔγνως	γιγνώσκω	to be aware of	0
egnote	ἔγνωτε	γιγνώσκω	to be aware of	0
egreto	ἔγρετο	ἐγείρω	to awaken, wake up, rouse, stir	0
egkhei	ἔγχει	ἔγχος	spear	0
egkhelus	ἔγχελυς	ἔγχελυς	eel	0
egkheos	ἔγχεος	ἔγχος	spear	0
egkhesi	ἔγχεσι	ἔγχος	spear	0
egkhesin	ἔγχεσιν	ἔγχος	spear	0
egkhos	ἔγχος	ἔγχος	spear	0
egkhuma	ἔγχυμα	ἔγχυμα	Instillation	1
egoge	ἔγωγε	ἔγωγε	I at least, I for my part	0
edaphos	ἔδαφος	ἔδαφος	bottom, foundation, base	1
edei	ἔδει	δεῖ	it behoves one to, it is necessary to, one must	0
edeisen	ἔδεισεν	δείδω	to fear, to dread	0
edesma	ἔδεσμα	ἔδεσμα	meat, food	0
edesan	ἔδησαν	δέω	to bind, tie, fasten, fetter	0
edonto	ἔδοντο	δίδωμι	to give	0
edoxa	ἔδοξα	δοκέω	to expect, think, suppose, imagine	0
edoxan	ἔδοξαν	δοκέω	to expect, think, suppose, imagine	0
edoxas	ἔδοξας	δοκέω	to expect, think, suppose, imagine	0
edoxe	ἔδοξε	δοκέω	to expect, think, suppose, imagine	0
edoxen	ἔδοξεν	δοκέω	to expect, think, suppose, imagine	0
edosan	ἔδοσαν	δίδωμι	to give	0
edosthe	ἔδοσθε	δίδωμι	to give	0
edote	ἔδοτε	δίδωμι	to give	0
edoto	ἔδοτο	δίδωμι	to give	0
edou	ἔδου	δίδωμι	to give	0
edrepsa	ἔδρεψα	δρέπω	to pluck, cull	0
edu	ἔδυ	δύω	to cause to sink	0
edokas	ἔδωκας	δίδωμι	to give	0
edoke	ἔδωκε	δίδωμι	to give	0
edoken	ἔδωκεν	δίδωμι	to give	0
eedna	ἔεδνα	ἕδνον	dowry	0
eeipe	ἔειπε	εἶπον	to say	0
eeipen	ἔειπεν	εἶπον	to say	0
eeipes	ἔειπες	εἶπον	to say	0
eeipon	ἔειπον	ἔειπον	Epic and Lyric form of εἶπον (eîpon)	0
ezeuxan	ἔζευξαν	ζεύγνυμι	to yoke, saddle, bridle a beast of burden (horses, cattle, m	0
eze	ἔζη	ζῶ	to live	0
ezes	ἔζης	ζῶ	to live	0
ezon	ἔζων	ζῶ	to live	0
ethane	ἔθανε	θνῄσκω	to die	0
ethanen	ἔθανεν	θνῄσκω	to die	0
ethanes	ἔθανες	θνῄσκω	to die	0
ethanon	ἔθανον	θνῄσκω	to die	0
ethea	ἔθεα	ἔθος	habit	0
ethee	ἔθεε	ἔθεε	uncontracted third-person singular imperfect active indicati	0
etheen	ἔθεεν	ἔθεεν	uncontracted third-person singular imperfect active indicati	0
ethei	ἔθει	ἔθος	habit	0
etheis	ἔθεις	θέω	to run fast	0
ethelge	ἔθελγε	θέλγω	to charm, enchant, bewitch	0
ethelgen	ἔθελγεν	θέλγω	to charm, enchant, bewitch	0
ethelgon	ἔθελγον	θέλγω	to charm, enchant, bewitch	0
ethelen	ἔθελεν	ἐθέλω	usually weaker than βούλομαι (boúlomai), of consent rather t	0
ethelxan	ἔθελξαν	θέλγω	to charm, enchant, bewitch	0
ethelxe	ἔθελξε	θέλγω	to charm, enchant, bewitch	0
ethelxen	ἔθελξεν	θέλγω	to charm, enchant, bewitch	0
etheon	ἔθεον	θέω	to run fast	0
etheos	ἔθεος	ἔθος	habit	0
ethesan	ἔθεσαν	τίθημι	to put, place, set	0
ethesi	ἔθεσι	ἔθος	habit	0
ethesin	ἔθεσιν	ἔθος	habit	0
ethe	ἔθη	ἔθος	habit	0
ethekan	ἔθηκαν	τίθημι	to put, place, set	0
ethekas	ἔθηκας	τίθημι	to put, place, set	0
etheke	ἔθηκε	τίθημι	to put, place, set	0
etheken	ἔθηκεν	τίθημι	to put, place, set	0
ethnea	ἔθνεα	ἔθνος	group of people	1
ethnei	ἔθνει	ἔθνος	group of people	1
ethneos	ἔθνεος	ἔθνος	group of people	1
ethnesi	ἔθνεσι	ἔθνος	group of people	1
ethnesin	ἔθνεσιν	ἔθνος	group of people	1
ethne	ἔθνη	ἔθνος	group of people	1
ethnos	ἔθνος	ἔθνος	group of people	1
ethnous	ἔθνους	ἔθνος	group of people	1
ethos	ἔθος	ἔθος	habit	0
ethous	ἔθους	ἔθος	habit	0
ethrepse	ἔθρεψε	τρέφω	to make to grow, to increase, bring up, breed, rear (especia	0
ethris	ἔθρις	ἔθρις	castrated	0
ekbale	ἔκβαλε	ἐκβάλλω	to throw or cast out of	0
ekgonos	ἔκγονος	ἔκγονος	child	0
ekdemos	ἔκδημος	ἔκδημος	abroad, away from home	0
ekdikos	ἔκδικος	ἔκδικος	lawless, unjust	0
ekdosis	ἔκδοσις	ἔκδοσις	giving up, surrendering	0
ekdotos	ἔκδοτος	ἔκδοτος	given up, betrayed	0
ekdromos	ἔκδρομος	ἔκδρομος	one that runs out	0
ekdusis	ἔκδυσις	ἔκδυσις	A stripping, shedding	0
ekeinto	ἔκειντο	κεῖμαι	to lie, lie outstretched	0
ekeisthe	ἔκεισθε	κεῖμαι	to lie, lie outstretched	0
ekeiso	ἔκεισο	κεῖμαι	to lie, lie outstretched	0
ekeito	ἔκειτο	κεῖμαι	to lie, lie outstretched	0
ekzema	ἔκζεμα	ἔκζεμα	cutaneous eruption, an eczema	1
ekea	ἔκηα	καίω	to light, kindle, set on fire	0
ekee	ἔκηε	καίω	to light, kindle, set on fire	0
ekkletos	ἔκκλητος	ἔκκλητος	selected to judge or arbitrate on a point	0
eklagxan	ἔκλαγξαν	κλάζω	to make a sharp piercing sound (such as a scream, bay, clash	1
ekleisa	ἔκλεισα	κλείω	to shut, close, bar (e	0
eklepsa	ἔκλεψα	κλέπτω	to steal, filch	1
eklue	ἔκλυε	κλύω	to hear, listen to	0
ekluen	ἔκλυεν	κλύω	to hear, listen to	0
eklues	ἔκλυες	κλύω	to hear, listen to	0
ekluon	ἔκλυον	κλύω	to hear, listen to	0
eklusi	ἔκλυσι	ἔκλυσις	release, deliverance from a thing	0
eklusin	ἔκλυσιν	ἔκλυσις	release, deliverance from a thing	0
eklusis	ἔκλυσις	ἔκλυσις	release, deliverance from a thing	0
ekluta	ἔκλυτα	ἔκλυτος	easy to let go, light, buoyant	0
eklute	ἔκλυτε	ἔκλυτος	easy to let go, light, buoyant	0
eklutoi	ἔκλυτοι	ἔκλυτος	easy to let go, light, buoyant	0
eklutos	ἔκλυτος	ἔκλυτος	easy to let go, light, buoyant	0
ekpaglon	ἔκπαγλον	ἔκπαγλος	terrible, violent	0
ekpaglos	ἔκπαγλος	ἔκπαγλος	terrible, violent	0
ekpese	ἔκπεσε	ἐκπίπτω	to fall out of	0
ekplexis	ἔκπληξις	ἔκπληξις	consternation, terror	0
ekploos	ἔκπλοος	ἔκπλοος	sailing out, leaving port	0
ekplous	ἔκπλους	ἔκπλοος	sailing out, leaving port	0
ekpustos	ἔκπυστος	ἔκπυστος	heard of, discovered	0
ekpoma	ἔκπωμα	ἔκπωμα	drinking-cup, beaker	0
ekrousa	ἔκρουσα	κρούω	to strike, smite	0
ekstasis	ἔκστασις	ἔκστασις	displacement from proper place	1
ekta	ἔκτα	κτείνω	to kill, slay	0
ektaktos	ἔκτακτος	ἔκτακτος	detailed (for special duties, of soldiers, etc	0
ektan	ἔκταν	κτείνω	to kill, slay	0
ektane	ἔκτανε	κτείνω	to kill, slay	0
ektanen	ἔκτανεν	κτείνω	to kill, slay	0
ektaxis	ἔκταξις	ἔκταξις	array of battle	0
ektasis	ἔκτασις	ἔκτασις	A stretching out, extension	0
ekteinon	ἔκτεινον	κτείνω	to kill, slay	0
ektizon	ἔκτιζον	κτίζω	to people	0
ektmema	ἔκτμημα	ἔκτμημα	section, segment, zone	0
ektothen	ἔκτοθεν	ἔκτοθεν	(from) outside	0
ektomon	ἔκτομον	ἔκτομον	black hellebore, white hellebore	0
ektomos	ἔκτομος	ἔκτομος	chiselled, cloven	0
ektote	ἔκτοτε	ἔκτοτε	thereafter, since	0
ektupe	ἔκτυπε	κτυπέω	to crash	0
ekpheron	ἔκφερον	ἐκφέρω	to carry out	0
ekphuge	ἔκφυγε	ἐκφεύγω	to flee from, escape	0
elabon	ἔλαβον	λαμβάνω	to take	0
elathe	ἔλαθε	λανθάνω	to escape notice	1
elaia	ἔλαια	ἔλαιον	olive oil, commonly used as an anointing oil	0
elasan	ἔλασαν	ἐλαύνω	to drive, set in motion	0
elasen	ἔλασεν	ἐλαύνω	to drive, set in motion	0
elasma	ἔλασμα	ἔλασμα	metal plate	0
elasse	ἔλασσε	ἐλαύνω	to drive, set in motion	0
elassen	ἔλασσεν	ἐλαύνω	to drive, set in motion	0
elaune	ἔλαυνε	ἐλαύνω	to drive, set in motion	0
elaphos	ἔλαφος	ἔλαφος	red deer (Cervus elaphus)	0
elakhon	ἔλαχον	λαγχάνω	to obtain (by lot), to receive	0
eldomai	ἔλδομαι	ἔλδομαι	to wish, long	0
eldor	ἔλδωρ	ἔλδωρ	wish	0
elege	ἔλεγε	λέγω	to put in order, arrange, gather	0
elegen	ἔλεγεν	λέγω	to put in order, arrange, gather	0
eleges	ἔλεγες	λέγω	to put in order, arrange, gather	0
elegon	ἔλεγον	λέγω	to put in order, arrange, gather	0
elegos	ἔλεγος	ἔλεγος	mourning song accompanied by a flute	0
elegkhos	ἔλεγχος	ἔλεγχος	argument of disproof, refutation	0
eleipsa	ἔλειψα	λείπω	to leave, leave behind	0
elexa	ἔλεξα	λέγω	to put in order, arrange, gather	0
elexan	ἔλεξαν	λέγω	to put in order, arrange, gather	0
elexas	ἔλεξας	λέγω	to put in order, arrange, gather	0
elexe	ἔλεξε	λέγω	to put in order, arrange, gather	0
elexen	ἔλεξεν	λέγω	to put in order, arrange, gather	0
eleoi	ἔλεοι	ἔλεος	pity, mercy, compassion	0
eleos	ἔλεος	ἔλεος	pity, mercy, compassion	0
eleusis	ἔλευσις	ἔλευσις	coming, arrival	0
elthete	ἔλθετε	ἔρχομαι	to go	0
eltheton	ἔλθετον	ἔρχομαι	to go	0
elthoi	ἔλθοι	ἔρχομαι	to go	0
elthoien	ἔλθοιεν	ἔρχομαι	to go	0
elthoimi	ἔλθοιμι	ἔρχομαι	to go	0
elthois	ἔλθοις	ἔρχομαι	to go	0
elthoite	ἔλθοιτε	ἔρχομαι	to go	0
eltho	ἔλθω	ἔρχομαι	to go	0
elthomen	ἔλθωμεν	ἔρχομαι	to go	0
elthosi	ἔλθωσι	ἔρχομαι	to go	0
elthosin	ἔλθωσιν	ἔρχομαι	to go	0
elthes	ἔλθῃς	ἔρχομαι	to go	0
elthesin	ἔλθῃσιν	ἔρχομαι	to go	0
elipe	ἔλιπε	λείπω	to leave, leave behind	0
elipes	ἔλιπες	λείπω	to leave, leave behind	0
elipon	ἔλιπον	λείπω	to leave, leave behind	0
ellabe	ἔλλαβε	λαμβάνω	to take	0
ellopa	ἔλλοπα	ἔλλοψ	fish in general	0
ellopes	ἔλλοπες	ἔλλοψ	fish in general	0
ellops	ἔλλοψ	ἔλλοψ	fish in general	0
elpeto	ἔλπετο	ἔλπω	to cause to hope	0
elpomai	ἔλπομαι	ἔλπω	to cause to hope	0
elpo	ἔλπω	ἔλπω	to cause to hope	0
eluma	ἔλυμα	ἔλυμα	stock of a plough	0
elumos	ἔλυμος	ἔλυμος	millet (Setaria italica)	0
elusa	ἔλυσα	λύω	to loose	1
elutron	ἔλυτρον	ἔλυτρον	cover, case	1
emarpte	ἔμαρπτε	μάρπτω	to take hold of, catch, grasp	0
embale	ἔμβαλε	ἐμβάλλω	to throw in, cast in	0
embamma	ἔμβαμμα	ἔμβαμμα	sauce, soup	0
embasis	ἔμβασις	ἔμβασις	that on which one goes or steps	0
emblema	ἔμβλημα	ἔμβλημα	insertion	1
emboloi	ἔμβολοι	ἔμβολος	A peg, stopper	1
embolon	ἔμβολον	ἔμβολον	wedge, peg, stopper	0
embolos	ἔμβολος	ἔμβολος	A peg, stopper	1
embruon	ἔμβρυον	ἔμβρυον	a young one	1
emeinan	ἔμειναν	μένω	to stay, wait	0
emeine	ἔμεινε	μένω	to stay, wait	0
emelle	ἔμελλε	μέλλω	to think of doing	0
emellen	ἔμελλεν	μέλλω	to think of doing	0
emellon	ἔμελλον	μέλλω	to think of doing	0
emen	ἔμεν	εἰμί	to be	0
emene	ἔμενε	μένω	to stay, wait	0
emenen	ἔμενεν	μένω	to stay, wait	0
emenes	ἔμενες	μένω	to stay, wait	0
emenon	ἔμενον	μένω	to stay, wait	0
emesis	ἔμεσις	ἔμεσις	vomiting	1
emetoi	ἔμετοι	ἔμετος	vomiting, sickness	0
emeton	ἔμετον	ἔμετος	vomiting, sickness	0
emetos	ἔμετος	ἔμετος	vomiting, sickness	0
emimne	ἔμιμνε	μίμνω	to stay	0
emmen	ἔμμεν	εἰμί	to be	0
emmenai	ἔμμεναι	εἰμί	to be	0
emmi	ἔμμι	ἔμμι	to be	0
emmore	ἔμμορε	μείρομαι	to receive as one's portion	0
empas	ἔμπας	ἔμπας	in any case, at all events	0
empeda	ἔμπεδα	ἔμπεδος	standing firmly in place, not overthrown, intact	0
empedon	ἔμπεδον	ἔμπεδον	with firm stand	0
empedos	ἔμπεδος	ἔμπεδος	standing firmly in place, not overthrown, intact	0
empeiros	ἔμπειρος	ἔμπειρος	experienced or practiced in a thing, acquainted with it	0
empese	ἔμπεσε	ἐμπίπτω	to fall into, fall upon	0
empetron	ἔμπετρον	ἔμπετρον	sea heath (Frankenia pulverulenta)	0
empneuse	ἔμπνευσε	ἐμπνέω	to blow or breathe upon	0
emporos	ἔμπορος	ἔμπορος	one who is on a journey	0
empresis	ἔμπρησις	ἔμπρησις	burning, ignition	0
emphasis	ἔμφασις	ἔμφασις	appearance	1
emphron	ἔμφρων	ἔμφρων	in one’s mind or senses	0
emphutos	ἔμφυτος	ἔμφυτος	inborn, natural	0
enai	ἔναι	ἔναι	he/she/it is	0
enaien	ἔναιεν	ναίω	to dwell, abide	0
enaimos	ἔναιμος	ἔναιμος	with blood in one	0
enaion	ἔναιον	ναίω	to dwell, abide	0
enanti	ἔναντι	ἔναντι	opposite	0
enara	ἔναρα	ἔναρα	spoils, weapons and trappings of a slain foe	0
enastros	ἔναστρος	ἔναστρος	among the stars	0
enaton	ἔνατον	ἔνατος	ninth	0
enatos	ἔνατος	ἔνατος	ninth	0
endeia	ἔνδεια	ἔνδεια	lack	0
endemos	ἔνδημος	ἔνδημος	among ones people, at home, native	0
endothen	ἔνδοθεν	ἔνδοθεν	from within	0
endothi	ἔνδοθι	ἔνδοθι	within, at home	0
endon	ἔνδον	ἔνδον	in, within	1
endoxa	ἔνδοξα	ἔνδοξος	reputable	0
endoxe	ἔνδοξε	ἔνδοξος	reputable	0
endoxoi	ἔνδοξοι	ἔνδοξος	reputable	0
enduma	ἔνδυμα	ἔνδυμα	A garment	0
eneikan	ἔνεικαν	φέρω	to bring, bear, carry	0
eneike	ἔνεικε	φέρω	to bring, bear, carry	0
eneiken	ἔνεικεν	φέρω	to bring, bear, carry	0
eneimi	ἔνειμι	ἔνειμι	to be inside	0
enema	ἔνεμα	ἔνεμα	An injection, a clyster, an enema	1
enerthe	ἔνερθε	νέρθεν	up from below	0
enersis	ἔνερσις	ἔνερσις	fitting, fastening	0
eneuen	ἔνευεν	νεύω	to nod, beckon, as a sign	0
entha	ἔνθα	ἔνθα	there	0
enthen	ἔνθεν	ἔνθεν	thence, from there	0
entheos	ἔνθεος	ἔνθεος	having a god in one	0
enthesis	ἔνθεσις	ἔνθεσις	putting in, insertion	1
entheto	ἔνθετο	ἐντίθημι	to put in, implant, insert	0
enthous	ἔνθους	ἔνθεος	having a god in one	0
eni	ἔνι	ἔνι	initial-stressed form of ἐνί (ení)	0
enioi	ἔνιοι	ἔνιοι	some	0
ennepe	ἔννεπε	ἐννέπω	Epic, Doric, and Tragic form of ἐνέπω (enépō)	0
ennoia	ἔννοια	ἔννοια	the act of thinking, thought, consideration	0
enoplos	ἔνοπλος	ἔνοπλος	In arms, armed	0
enosis	ἔνοσις	ἔνοσις	shaking, quake	0
enokhos	ἔνοχος	ἔνοχος	held in, bound by	0
enstasis	ἔνστασις	ἔνστασις	impaction, obstruction	0
entaxis	ἔνταξις	ἔνταξις	putting in	0
entasis	ἔντασις	ἔντασις	inscribing	0
entea	ἔντεα	ἔντεα	armor, weapons, fighting gear	0
entera	ἔντερα	ἔντερον	guts, viscera, intestine, gut, belly, bowel, womb	0
enteron	ἔντερον	ἔντερον	guts, viscera, intestine, gut, belly, bowel, womb	0
enteuxis	ἔντευξις	ἔντευξις	lighting upon, meeting with	0
entoma	ἔντομα	ἔντομα	insects	0
entomon	ἔντομον	ἔντομον	insect	0
entomos	ἔντομος	ἔντομος	cut in pieces, cut up	0
entonos	ἔντονος	ἔντονος	sinewy	0
entosthe	ἔντοσθε	ἔντοσθεν	within, from within	0
entubon	ἔντυβον	ἔντυβον	endive (Cichorium endivia)	0
enudros	ἔνυδρος	ἔνυδρος	with water in it, holding water	0
exei	ἔξει	ἔξειμι	to go out, come out	0
exeimi	ἔξειμι	ἔξειμι	to go out, come out	0
exelon	ἔξελον	ἐξαιρέω	to take out	0
exesti	ἔξεστι	ἔξεστι	to be allowed, to be possible	0
exodos	ἔξοδος	ἔξοδος	departure, leaving	1
exokha	ἔξοχα	ἔξοχος	prominent, eminent	0
exokhe	ἔξοχε	ἔξοχος	prominent, eminent	0
exokhon	ἔξοχον	ἔξοχον	eminently, chiefly	0
exokhos	ἔξοχος	ἔξοχος	prominent, eminent	0
exupnos	ἔξυπνος	ἔξυπνος	awakened out of sleep	0
exo	ἔξω	ἔξω	out, out of	0
exothen	ἔξωθεν	ἔξωθεν	from outside	0
eoi	ἔοι	εἰμί	to be	0
eoika	ἔοικα	ἔοικα	to seem likely	0
eoikas	ἔοικας	ἔοικα	to seem likely	0
eolpa	ἔολπα	ἔλπω	to cause to hope	0
eor	ἔορ	ἔορ	daughter of a cousin (a kind of female first cousin once rem	0
eorge	ἔοργε	ἔρδω	to act (as opposed to speaking or being acted on)	0
epaine	ἔπαινε	ἔπαινος	approval, praise	0
epainoi	ἔπαινοι	ἔπαινος	approval, praise	0
epainos	ἔπαινος	ἔπαινος	approval, praise	0
epalxis	ἔπαλξις	ἔπαλξις	battlement, parapet	0
eparkhos	ἔπαρχος	ἔπαρχος	commander, governor of a country, prefect	1
epaue	ἔπαυε	παύω	to make cease	0
epaues	ἔπαυες	παύω	to make cease	0
epauon	ἔπαυον	παύω	to make cease	0
epausa	ἔπαυσα	παύω	to make cease	0
epausan	ἔπαυσαν	παύω	to make cease	0
epausas	ἔπαυσας	παύω	to make cease	0
epause	ἔπαυσε	παύω	to make cease	0
epausen	ἔπαυσεν	παύω	to make cease	0
epea	ἔπεα	ἔπος	something spoken	1
epee	ἔπεε	ἔπος	something spoken	1
epei	ἔπει	ἔπος	something spoken	1
epeige	ἔπειγε	ἐπείγω	to press hard, oppress	0
epeithe	ἔπειθε	πείθω	to convince, persuade	0
epeithen	ἔπειθεν	πείθω	to convince, persuade	0
epeithes	ἔπειθες	πείθω	to convince, persuade	0
epeithon	ἔπειθον	πείθω	to convince, persuade	0
epeimi	ἔπειμι	ἔπειμι	to be upon	0
epeiran	ἔπειραν	πείρω	to pierce	0
epeisa	ἔπεισα	πείθω	to convince, persuade	0
epeisan	ἔπεισαν	πείθω	to convince, persuade	0
epeise	ἔπεισε	πείθω	to convince, persuade	0
epeisen	ἔπεισεν	πείθω	to convince, persuade	0
epeita	ἔπειτα	ἔπειτα	thereupon, thereafter, then	0
epempe	ἔπεμπε	πέμπω	to send, dispatch	0
epempen	ἔπεμπεν	πέμπω	to send, dispatch	0
epempes	ἔπεμπες	πέμπω	to send, dispatch	0
epempon	ἔπεμπον	πέμπω	to send, dispatch	0
epempsa	ἔπεμψα	πέμπω	to send, dispatch	0
epempsan	ἔπεμψαν	πέμπω	to send, dispatch	0
epempsen	ἔπεμψεν	πέμπω	to send, dispatch	0
epeos	ἔπεος	ἔπος	something spoken	1
eperse	ἔπερσε	πέρθω	to sack, ravage, destroy (a city)	0
epesi	ἔπεσι	ἔπος	something spoken	1
epesin	ἔπεσιν	ἔπος	something spoken	1
epessi	ἔπεσσι	ἔπος	something spoken	1
epessin	ἔπεσσιν	ἔπος	something spoken	1
epeus	ἔπευς	ἔπος	something spoken	1
epephne	ἔπεφνε	ἔπεφνον	to slay, kill	0
epephnen	ἔπεφνεν	ἔπεφνον	to slay, kill	0
epephnes	ἔπεφνες	ἔπεφνον	to slay, kill	0
epephnon	ἔπεφνον	ἔπεφνον	to slay, kill	0
epe	ἔπη	ἔπος	something spoken	1
epelun	ἔπηλυν	ἔπηλυς	coming to a place	0
epelus	ἔπηλυς	ἔπηλυς	coming to a place	0
epi	ἔπι	ἔπι	stress-shifted form of ἐπί (epí) (when used postpositionally	0
epithon	ἔπιθον	πείθω	to convince, persuade	0
epion	ἔπιον	πίνω	to drink	0
epipla	ἔπιπλα	ἔπιπλα	movable property	0
eplei	ἔπλει	πλέω	to sail (in a boat)	0
epleis	ἔπλεις	πλέω	to sail (in a boat)	0
epleon	ἔπλεον	πλέω	to sail (in a boat)	0
epleu	ἔπλευ	πέλω	to be	0
epleusa	ἔπλευσα	πλέω	to sail (in a boat)	0
epleusan	ἔπλευσαν	πλέω	to sail (in a boat)	0
epleusen	ἔπλευσεν	πλέω	to sail (in a boat)	0
eplozon	ἔπλῳζον	πλωΐζω	to sail on the ocean	0
epnei	ἔπνει	πνέω	to blow	0
epneis	ἔπνεις	πνέω	to blow	0
epneon	ἔπνεον	πνέω	to blow	0
epneusa	ἔπνευσα	πνέω	to blow	0
eporon	ἔπορον	ἔπορον	to give, furnish, supply	0
epos	ἔπος	ἔπος	something spoken	1
epous	ἔπους	ἔπος	something spoken	1
epokhon	ἔποχον	ἔποχον	saddlecloth, housing	0
epops	ἔποψ	ἔποψ	hoopoe (Upupa epops)	0
epopsis	ἔποψις	ἔποψις	a view over, as far as the view from the temple reached	0
eprepe	ἔπρεπε	πρέπω	to be clearly seen, to be visible or conspicuous among a num	0
eptato	ἔπτατο	πέτομαι	to fly	0
epo	ἔπω	ἔπω	to speak, say	0
eraze	ἔραζε	ἔραζε	to the ground	0
eramai	ἔραμαι	ἔραμαι	[with genitive]	0
eranos	ἔρανος	ἔρανος	meal to which each contributed his share	0
erboulos	ἔρβουλος	ἔρβουλος	kind of wine produced in Italy	0
erga	ἔργα	ἔργον	work, labour, task	1
ergoin	ἔργοιν	ἔργον	work, labour, task	1
ergoio	ἔργοιο	ἔργον	work, labour, task	1
ergois	ἔργοις	ἔργον	work, labour, task	1
ergoisi	ἔργοισι	ἔργον	work, labour, task	1
ergoisin	ἔργοισιν	ἔργον	work, labour, task	1
ergon	ἔργον	ἔργον	work, labour, task	1
ergou	ἔργου	ἔργον	work, labour, task	1
ergo	ἔργω	ἔργω	to close off, enclose	0
ergo	ἔργῳ	ἔργον	work, labour, task	1
erdein	ἔρδειν	ἔρδω	to act (as opposed to speaking or being acted on)	0
erdo	ἔρδω	ἔρδω	to act (as opposed to speaking or being acted on)	0
erebos	ἔρεβος	ἔρεβος	darkness	0
erexa	ἔρεξα	ῥέζω	to do, make	0
erexe	ἔρεξε	ῥέζω	to do, make	0
erexen	ἔρεξεν	ῥέζω	to do, make	0
ereuna	ἔρευνα	ἔρευνα	an inquiry, a search	0
erepsa	ἔρεψα	ἐρέφω	to cover with a roof	0
erithos	ἔριθος	ἔριθος	day laborer	0
erion	ἔριον	ἔριον	wool	0
eris	ἔρις	ἔρις	strife	0
eriphos	ἔριφος	ἔριφος	kid	0
ernos	ἔρνος	ἔρνος	young shoot, sprout	0
erxon	ἔρξον	ἔρδω	to act (as opposed to speaking or being acted on)	0
eroito	ἔροιτο	ἔρομαι	to ask	0
eromai	ἔρομαι	ἔρομαι	to ask	0
eros	ἔρως	ἔρως	love, desire (usually of a romantic/sexual nature) (often pe	0
erree	ἔρρεε	ἔρρεε	uncontracted third-person singular imperfect active indicati	0
erreen	ἔρρεεν	ῥέω	to flow	0
errei	ἔρρει	ῥέω	to flow	0
erreon	ἔρρεον	ῥέω	to flow	0
erreusa	ἔρρευσα	ῥέω	to flow	0
errinon	ἔρρινον	ἔρρινον	a sternutatory medicine, to cause sneezing	0
erripse	ἔρριψε	ῥίπτω	to throw	0
erro	ἔρρω	ἔρρω	to go slowly, to limp	0
errosthe	ἔρρωσθε	ἔρρωσθε	be in good health, goodbye, farewell (= valete, Latin)	0
erroso	ἔρρωσο	ἔρρωσο	be in good health, goodbye, farewell (= Latin vale)	0
eruma	ἔρυμα	ἔρυμα	stronghold, protection	0
erusthai	ἔρυσθαι	ἔρυσθαι	athematic present mediopassive infinitive of ῥῡ́ομαι (rhū́om	0
erusos	ἔρυσος	ἔρυσος	kind of basket	0
erussan	ἔρυσσαν	ἐρύω	to draw, drag, pull	0
eruto	ἔρυτο	ῥύομαι	to protect, guard, preserve	0
erphos	ἔρφος	ἔρφος	skin	0
erkheai	ἔρχεαι	ἔρχομαι	to go	0
erkhei	ἔρχει	ἔρχομαι	to go	0
erkhetai	ἔρχεται	ἔρχομαι	to go	0
erkhoito	ἔρχοιτο	ἔρχομαι	to go	0
erkhomai	ἔρχομαι	ἔρχομαι	to go	0
erkhe	ἔρχῃ	ἔρχομαι	to go	0
erosi	ἔρωσι	ἔρως	love, desire (usually of a romantic/sexual nature) (often pe	0
erosin	ἔρωσιν	ἔρως	love, desire (usually of a romantic/sexual nature) (often pe	0
erota	ἔρωτα	ἔρως	love, desire (usually of a romantic/sexual nature) (often pe	0
erotas	ἔρωτας	ἔρως	love, desire (usually of a romantic/sexual nature) (often pe	0
erote	ἔρωτε	ἔρως	love, desire (usually of a romantic/sexual nature) (often pe	0
erotes	ἔρωτες	ἔρως	love, desire (usually of a romantic/sexual nature) (often pe	0
eroti	ἔρωτι	ἔρως	love, desire (usually of a romantic/sexual nature) (often pe	0
erotos	ἔρωτος	ἔρως	love, desire (usually of a romantic/sexual nature) (often pe	0
esan	ἔσαν	εἰμί	to be	0
eseisa	ἔσεισα	σείω	to shake	0
eseisan	ἔσεισαν	σείω	to shake	0
eseise	ἔσεισε	σείω	to shake	0
eseisen	ἔσεισεν	σείω	to shake	0
esesthai	ἔσεσθαι	εἰμί	to be	0
estho	ἔσθω	ἐσθίω	to eat	0
eske	ἔσκε	εἰμί	to be	0
esken	ἔσκεν	εἰμί	to be	0
esomai	ἔσομαι	εἰμί	to be	0
espete	ἔσπετε	ἐνέπω	tell or tell about	0
esseai	ἔσσεαι	εἰμί	to be	0
essetai	ἔσσεται	εἰμί	to be	0
essomai	ἔσσομαι	εἰμί	to be	0
essontai	ἔσσονται	εἰμί	to be	0
estai	ἔσται	εἰμί	to be	0
este	ἔστε	ἔστε	until, up to that time	0
estene	ἔστενε	στένω	to moan, groan	0
estepsa	ἔστεψα	στέφω	to put around	0
este	ἔστη	ἵστημι	to stand	0
estemen	ἔστημεν	ἵστημι	to stand	0
esten	ἔστην	ἵστημι	to stand	0
estes	ἔστης	ἵστημι	to stand	0
estese	ἔστησε	ἵστημι	to stand	0
estete	ἔστητε	ἵστημι	to stand	0
esti	ἔστι	ἔστι	paroxytone third-person singular present indicative active o	0
estin	ἔστιν	ἔστιν	paroxytone third-person singular present indicative active o	0
estrepsa	ἔστρεψα	στρέφω	to twist	0
esto	ἔστω	εἰμί	to be	0
estosan	ἔστωσαν	εἰμί	to be	0
esphaxan	ἔσφαξαν	σφάζω	to slay, slaughter, cut the throat	0
eskhamen	ἔσχαμεν	ἔχω	to have, possess, contain, own	0
eskhan	ἔσχαν	ἔχω	to have, possess, contain, own	0
eskhaton	ἔσχατον	ἔσχατον	the end	0
eskhatos	ἔσχατος	ἔσχατος	At one end of a continuum	1
eskhe	ἔσχε	ἔχω	to have, possess, contain, own	0
eskhen	ἔσχεν	ἔχω	to have, possess, contain, own	0
eskheo	ἔσχεο	ἔχω	to have, possess, contain, own	0
eskhes	ἔσχες	ἔχω	to have, possess, contain, own	0
eskhete	ἔσχετε	ἔχω	to have, possess, contain, own	0
eskheto	ἔσχετο	ἔχω	to have, possess, contain, own	0
eskheton	ἔσχετον	ἔχω	to have, possess, contain, own	0
eskheka	ἔσχηκα	ἔχω	to have, possess, contain, own	0
eskhekas	ἔσχηκας	ἔχω	to have, possess, contain, own	0
eskheke	ἔσχηκε	ἔχω	to have, possess, contain, own	0
eskheken	ἔσχηκεν	ἔχω	to have, possess, contain, own	0
eskhemai	ἔσχημαι	ἔχω	to have, possess, contain, own	0
eskhesai	ἔσχησαι	ἔχω	to have, possess, contain, own	0
eskhon	ἔσχον	ἔχω	to have, possess, contain, own	0
eskhonto	ἔσχοντο	ἔχω	to have, possess, contain, own	0
eskhou	ἔσχου	ἔχω	to have, possess, contain, own	0
eso	ἔσω	εἴσω	into	0
esose	ἔσωσε	σῴζω	to save	0
esosen	ἔσωσεν	σῴζω	to save	0
esoze	ἔσῳζε	σῴζω	to save	0
esozen	ἔσῳζεν	σῴζω	to save	0
esozes	ἔσῳζες	σῴζω	to save	0
esozon	ἔσῳζον	σῴζω	to save	0
etai	ἔται	ἔτης	clansman	0
etalon	ἔταλον	ἔταλον	a young animal	0
etaxan	ἔταξαν	τάσσω	to arrange, put in order	0
etaphon	ἔταφον	τέθηπα	to be astonished, astounded, amazed	0
etea	ἔτεα	ἔτος	year	0
etei	ἔτει	ἔτος	year	0
eteina	ἔτεινα	τείνω	to stretch, extend	0
eteinon	ἔτεινον	τείνω	to stretch, extend	0
eteken	ἔτεκεν	τίκτω	to beget, give birth to	0
etelis	ἔτελις	ἔτελις	kind of fish, perhaps the gilthead	0
etelle	ἔτελλε	τέλλω	to accomplish, perform	0
etemen	ἔτεμεν	ἔτεμεν	prevocalic/clause-final third-person singular aorist active	0
etemon	ἔτεμον	τέμνω	to cut	0
eteos	ἔτεος	ἔτος	year	0
eterpsa	ἔτερψα	τέρπω	to delight	0
etesi	ἔτεσι	ἔτος	year	0
etesin	ἔτεσιν	ἔτος	year	0
ete	ἔτη	ἔτος	year	0
etes	ἔτης	ἔτης	clansman	0
eti	ἔτι	ἔτι	yet, still	0
etikte	ἔτικτε	τίκτω	to beget, give birth to	0
etle	ἔτλη	ἔτλην	to suffer, undergo	0
etlen	ἔτλην	ἔτλην	to suffer, undergo	0
etles	ἔτλης	ἔτλην	to suffer, undergo	0
etnos	ἔτνος	ἔτνος	thick soup made with peas or beans	0
etos	ἔτος	ἔτος	year	0
etous	ἔτους	ἔτος	year	0
etrephe	ἔτρεφε	τρέφω	to make to grow, to increase, bring up, breed, rear (especia	0
etrephen	ἔτρεφεν	τρέφω	to make to grow, to increase, bring up, breed, rear (especia	0
etrephes	ἔτρεφες	τρέφω	to make to grow, to increase, bring up, breed, rear (especia	0
etrephon	ἔτρεφον	τρέφω	to make to grow, to increase, bring up, breed, rear (especia	0
etrekhe	ἔτρεχε	τρέχω	to run	0
etrekhen	ἔτρεχεν	τρέχω	to run	0
etrekhon	ἔτρεχον	τρέχω	to run	0
etrepsa	ἔτρεψα	τρέπω	turn, divert, turn back, rout an enemy	0
etrepsan	ἔτρεψαν	τρέπω	turn, divert, turn back, rout an enemy	0
etumon	ἔτυμον	ἔτυμον	the true sense or meaning of a word according to its origins	1
etumos	ἔτυμος	ἔτυμος	true, real, sure	0
ephagon	ἔφαγον	ἔφαγον	to eat	1
ephaine	ἔφαινε	φαίνω	to cause to appear	1
ephaines	ἔφαινες	φαίνω	to cause to appear	1
ephainon	ἔφαινον	φαίνω	to cause to appear	1
ephanto	ἔφαντο	φημί	to speak	0
ephato	ἔφατο	φημί	to speak	0
ephapsis	ἔφαψις	ἔφαψις	a touch, caress	0
ephedros	ἔφεδρος	ἔφεδρος	sitting or seated upon	0
ephepe	ἔφεπε	ἐφέπω	to follow up, pursue	0
ephere	ἔφερε	φέρω	to bring, bear, carry	0
epheren	ἔφερεν	φέρω	to bring, bear, carry	0
epheres	ἔφερες	φέρω	to bring, bear, carry	0
epheron	ἔφερον	φέρω	to bring, bear, carry	0
ephe	ἔφη	φημί	to speak	0
ephebe	ἔφηβε	ἔφηβος	adolescent (around ages 17-20 traditionally)	0
epheboi	ἔφηβοι	ἔφηβος	adolescent (around ages 17-20 traditionally)	0
ephebos	ἔφηβος	ἔφηβος	adolescent (around ages 17-20 traditionally)	0
ephelis	ἔφηλις	ἔφηλις	rivet, burr or clinch to secure a nail	1
ephen	ἔφην	φημί	to speak	0
ephes	ἔφης	φημί	to speak	0
ephesa	ἔφησα	φημί	to speak	0
ephesas	ἔφησας	φημί	to speak	0
ephese	ἔφησε	φημί	to speak	0
ephesen	ἔφησεν	φημί	to speak	0
ephestha	ἔφησθα	φημί	to speak	0
ephodon	ἔφοδον	ἔφοδος	approach, access	0
ephodos	ἔφοδος	ἔφοδος	approach, access	0
ephoros	ἔφορος	ἔφορος	overseer	1
ephugon	ἔφυγον	φεύγω	to flee, run off, go a certain direction with haste (often w	0
ekhaire	ἔχαιρε	χαίρω	to be full of cheer	0
ekhairen	ἔχαιρεν	χαίρω	to be full of cheer	0
ekhaires	ἔχαιρες	χαίρω	to be full of cheer	0
ekhairon	ἔχαιρον	χαίρω	to be full of cheer	0
ekhe	ἔχε	ἔχω	to have, possess, contain, own	0
ekheai	ἔχεαι	ἔχω	to have, possess, contain, own	0
ekhei	ἔχει	ἔχω	to have, possess, contain, own	0
ekhein	ἔχειν	ἔχω	to have, possess, contain, own	0
ekheis	ἔχεις	ἔχω	to have, possess, contain, own	0
ekhen	ἔχεν	ἔχω	to have, possess, contain, own	0
ekheo	ἔχεο	ἔχω	to have, possess, contain, own	0
ekhes	ἔχες	ἔχω	to have, possess, contain, own	0
ekheske	ἔχεσκε	ἔχω	to have, possess, contain, own	0
ekhesken	ἔχεσκεν	ἔχω	to have, possess, contain, own	0
ekheskes	ἔχεσκες	ἔχω	to have, possess, contain, own	0
ekheskon	ἔχεσκον	ἔχω	to have, possess, contain, own	0
ekhetai	ἔχεται	ἔχω	to have, possess, contain, own	0
ekhete	ἔχετε	ἔχω	to have, possess, contain, own	0
ekheton	ἔχετον	ἔχω	to have, possess, contain, own	0
ekheuan	ἔχευαν	χέω	to pour	0
ekheue	ἔχευε	χέω	to pour	0
ekheuen	ἔχευεν	χέω	to pour	0
ekhesthe	ἔχησθε	ἔχω	to have, possess, contain, own	0
ekhthei	ἔχθει	ἔχθος	hate	0
ekhthesi	ἔχθεσι	ἔχθος	hate	0
ekhthe	ἔχθη	ἔχθος	hate	0
ekhthos	ἔχθος	ἔχθος	hate	0
ekhthous	ἔχθους	ἔχθος	hate	0
ekhthra	ἔχθρα	ἔχθρα	hatred	0
ekhtho	ἔχθω	ἔχθω	to hate	0
ekhidna	ἔχιδνα	ἔχιδνα	snake (traditionally held as the poisonous snake viper, but	1
ekhion	ἔχιον	ἔχιον	purple viper's bugloss (Echium plantagineum)	0
ekhis	ἔχις	ἔχις	snake	0
ekhma	ἔχμα	ἔχμα	hindrance, impediment	0
ekhmata	ἔχματα	ἔχμα	hindrance, impediment	0
ekhoi	ἔχοι	ἔχω	to have, possess, contain, own	0
ekhoien	ἔχοιεν	ἔχω	to have, possess, contain, own	0
ekhoimi	ἔχοιμι	ἔχω	to have, possess, contain, own	0
ekhointo	ἔχοιντο	ἔχω	to have, possess, contain, own	0
ekhoio	ἔχοιο	ἔχω	to have, possess, contain, own	0
ekhois	ἔχοις	ἔχω	to have, possess, contain, own	0
ekhoite	ἔχοιτε	ἔχω	to have, possess, contain, own	0
ekhoito	ἔχοιτο	ἔχω	to have, possess, contain, own	0
ekhomai	ἔχομαι	ἔχω	to have, possess, contain, own	0
ekhontai	ἔχονται	ἔχω	to have, possess, contain, own	0
ekhonto	ἔχοντο	ἔχω	to have, possess, contain, own	0
ekhou	ἔχου	ἔχω	to have, possess, contain, own	0
ekhousi	ἔχουσι	ἔχω	to have, possess, contain, own	0
ekhousin	ἔχουσιν	ἔχω	to have, possess, contain, own	0
ekho	ἔχω	ἔχω	to have, possess, contain, own	0
ekhon	ἔχων	ἔχω	to have, possess, contain, own	0
ekhosi	ἔχωσι	ἔχω	to have, possess, contain, own	0
ekhosin	ἔχωσιν	ἔχω	to have, possess, contain, own	0
ekhestha	ἔχῃσθα	ἔχω	to have, possess, contain, own	0
ekhesi	ἔχῃσι	ἔχω	to have, possess, contain, own	0
ekhesin	ἔχῃσιν	ἔχω	to have, possess, contain, own	0
eosin	ἔωσιν	εἰμί	to be	0
eesi	ἔῃσι	εἰμί	to be	0
eesin	ἔῃσιν	εἰμί	to be	0
ebdoma	ἕβδομα	ἕβδομος	seventh	0
ebdomai	ἕβδομαι	ἕβδομος	seventh	0
ebdomoi	ἕβδομοι	ἕβδομος	seventh	0
ebdomos	ἕβδομος	ἕβδομος	seventh	0
edna	ἕδνα	ἕδνον	dowry	0
ednois	ἕδνοις	ἕδνον	dowry	0
ednon	ἕδνον	ἕδνον	dowry	0
edos	ἕδος	ἕδος	a seat	0
edra	ἕδρα	ἕδρα	seat, chair, stool, bench	1
eeis	ἕεις	εἷς	one	0
ezeto	ἕζετο	ἕζομαι	to sit, sit oneself	0
ezomai	ἕζομαι	ἕζομαι	to sit, sit oneself	0
ezonto	ἕζοντο	ἕζομαι	to sit, sit oneself	0
ees	ἕης	ὅς	this	0
ethen	ἕθεν	οὗ	"of him/her/it", "than him/her/it", etc	0
ekathen	ἕκαθεν	ἕκαθεν	from afar	0
ekasta	ἕκαστα	ἕκαστος	each, every	0
ekastos	ἕκαστος	ἕκαστος	each, every	0
ekaton	ἕκατον	ἕκατος	far-shooting (epithet of Apollo and Artemis)	0
ekatos	ἕκατος	ἕκατος	far-shooting (epithet of Apollo and Artemis)	0
ekeloi	ἕκηλοι	ἕκηλος	untroubled, quiet, at one's ease	0
ekelos	ἕκηλος	ἕκηλος	untroubled, quiet, at one's ease	0
ekta	ἕκτα	ἕκτος	sixth	0
ekte	ἕκτη	ἕκτος	sixth	0
ektes	ἕκτης	ἕκτος	sixth	0
ekton	ἕκτον	ἕκτος	sixth	0
ektos	ἕκτος	ἕκτος	sixth	0
ektou	ἕκτου	ἕκτος	sixth	0
ekto	ἕκτω	ἕκτος	sixth	0
ektor	ἕκτωρ	ἕκτωρ	held fast	0
ele	ἕλε	αἱρέω	to take, grasp, seize	0
elea	ἕλεα	ἕλος	marsh-meadow	1
elei	ἕλει	ἕλος	marsh-meadow	1
elen	ἕλεν	αἱρέω	to take, grasp, seize	0
elesi	ἕλεσι	ἕλος	marsh-meadow	1
elesin	ἕλεσιν	ἕλος	marsh-meadow	1
eleto	ἕλετο	αἱρέω	to take, grasp, seize	0
ele	ἕλη	ἕλος	marsh-meadow	1
eletai	ἕληται	αἱρέω	to take, grasp, seize	0
elete	ἕλητε	αἱρέω	to take, grasp, seize	0
elix	ἕλιξ	ἕλιξ	anything twisted, winding or in a spiral	1
elke	ἕλκε	ἕλκω	to drag (pull along a surface)	0
elkei	ἕλκει	ἕλκω	to drag (pull along a surface)	0
elkeis	ἕλκεις	ἕλκω	to drag (pull along a surface)	0
elkeos	ἕλκεος	ἕλκος	an open wound	0
elkesi	ἕλκεσι	ἕλκος	an open wound	0
elkesin	ἕλκεσιν	ἕλκος	an open wound	0
elkete	ἕλκετε	ἕλκω	to drag (pull along a surface)	0
elketo	ἕλκετο	ἕλκω	to drag (pull along a surface)	0
elke	ἕλκη	ἕλκος	an open wound	0
elkomai	ἕλκομαι	ἕλκω	to drag (pull along a surface)	0
elkomen	ἕλκομεν	ἕλκω	to drag (pull along a surface)	0
elkon	ἕλκον	ἕλκω	to drag (pull along a surface)	0
elkos	ἕλκος	ἕλκος	an open wound	0
elkous	ἕλκους	ἕλκος	an open wound	0
elko	ἕλκω	ἕλκω	to drag (pull along a surface)	0
ella	ἕλλα	ἕλλα	seat	0
elmins	ἕλμινς	ἕλμινς	parasitic worm	1
eloi	ἕλοι	αἱρέω	to take, grasp, seize	0
elois	ἕλοις	αἱρέω	to take, grasp, seize	0
eloito	ἕλοιτο	αἱρέω	to take, grasp, seize	0
elonto	ἕλοντο	αἱρέω	to take, grasp, seize	0
elos	ἕλος	ἕλος	marsh-meadow	1
elous	ἕλους	ἕλος	marsh-meadow	1
elo	ἕλω	αἱρέω	to take, grasp, seize	0
elomai	ἕλωμαι	αἱρέω	to take, grasp, seize	0
elomen	ἕλωμεν	αἱρέω	to take, grasp, seize	0
elor	ἕλωρ	ἕλωρ	prey	0
elora	ἕλωρα	ἕλωρ	prey	0
elori	ἕλωρι	ἕλωρ	prey	0
eloros	ἕλωρος	ἕλωρ	prey	0
eles	ἕλῃς	αἱρέω	to take, grasp, seize	0
hen	ἕν	εἷς	one	0
ena	ἕνα	εἷς	one	0
endeka	ἕνδεκα	ἕνδεκα	eleven	0
eneka	ἕνεκα	ἕνεκα	on account of, for the sake of, because of	0
ene	ἕνη	ἕνος	belonging to the former of two periods, last year's	0
ennumi	ἕννυμι	ἕννυμι	to put clothes on, wear, dress	0
enos	ἕνος	ἕνος	belonging to the former of two periods, last year's	0
ento	ἕντο	ἵημι	to release, let go	0
hex	ἕξ	ἕξ	six	1
exei	ἕξει	ἔχω	to have, possess, contain, own	0
exein	ἕξειν	ἔχω	to have, possess, contain, own	0
exeis	ἕξεις	ἔχω	to have, possess, contain, own	0
exesthai	ἕξεσθαι	ἔχω	to have, possess, contain, own	0
exesthe	ἕξεσθε	ἔχω	to have, possess, contain, own	0
exetai	ἕξεται	ἔχω	to have, possess, contain, own	0
exete	ἕξετε	ἔχω	to have, possess, contain, own	0
exeton	ἕξετον	ἔχω	to have, possess, contain, own	0
exis	ἕξις	ἕξις	possession (the act of having something)	0
exoi	ἕξοι	ἔχω	to have, possess, contain, own	0
exoien	ἕξοιεν	ἔχω	to have, possess, contain, own	0
exoimen	ἕξοιμεν	ἔχω	to have, possess, contain, own	0
exoimi	ἕξοιμι	ἔχω	to have, possess, contain, own	0
exois	ἕξοις	ἔχω	to have, possess, contain, own	0
exoite	ἕξοιτε	ἔχω	to have, possess, contain, own	0
exomai	ἕξομαι	ἔχω	to have, possess, contain, own	0
exomen	ἕξομεν	ἔχω	to have, possess, contain, own	0
exontai	ἕξονται	ἔχω	to have, possess, contain, own	0
exo	ἕξω	ἔχω	to have, possess, contain, own	0
exon	ἕξων	ἔχω	to have, possess, contain, own	0
exe	ἕξῃ	ἔχω	to have, possess, contain, own	0
heo	ἕο	οὗ	"of him/her/it", "than him/her/it", etc	0
epesthai	ἕπεσθαι	ἕπομαι	to follow, obey	0
epetai	ἕπεται	ἕπομαι	to follow, obey	0
epeto	ἕπετο	ἕπομαι	to follow, obey	0
epeu	ἕπευ	ἕπομαι	to follow, obey	0
epoito	ἕποιτο	ἕπομαι	to follow, obey	0
epomai	ἕπομαι	ἕπομαι	to follow, obey	0
epontai	ἕπονται	ἕπομαι	to follow, obey	0
eponto	ἕποντο	ἕπομαι	to follow, obey	0
epo	ἕπω	ἕπω	to busy oneself with	0
erkos	ἕρκος	ἕρκος	fence, enclosure	0
erma	ἕρμα	ἕρμα	prop	0
ermax	ἕρμαξ	ἕρμαξ	heap of stones	0
erpein	ἕρπειν	ἕρπω	to move slowly, walk	0
erpes	ἕρπης	ἕρπης	herpes, shingles	0
erpullos	ἕρπυλλος	ἕρπυλλος	wild thyme (Thymus serpyllum)	0
erpo	ἕρπω	ἕρπω	to move slowly, walk	0
erse	ἕρση	ἕρση	dew	0
esperos	ἕσπερος	ἕσπερος	of or at evening	0
espeto	ἕσπετο	ἕπομαι	to follow, obey	0
estasan	ἕστασαν	ἵστημι	to stand	0
esteke	ἕστηκε	ἵστημι	to stand	0
esto	ἕστο	ἕννυμι	to put clothes on, wear, dress	0
estor	ἕστωρ	ἕστωρ	peg at the end of the chariot pole, passing through the yoke	0
etaros	ἕταρος	ἑταῖρος	comrade, companion, partner, friend	1
eterai	ἕτεραι	ἕτερος	one or the other of two	1
eteroi	ἕτεροι	ἕτερος	one or the other of two	1
eteros	ἕτερος	ἕτερος	one or the other of two	1
epso	ἕψω	ἕψω	to boil, seethe	0
heo	ἕω	ἕως	until	0
eothen	ἕωθεν	ἕωθεν	from morn	0
eolos	ἕωλος	ἕωλος	stale, a day old, kept till the morrow	0
eon	ἕων	ὅς	this	0
eos	ἕως	ἕως	until	0
heoi	ἕῳ	ἕως	until	0
eitheos	ἠΐθεος	ἠΐθεος	unmarried young man, bachelor	0
eukomos	ἠΰκομος	ἠΰκομος	Epic and Lyric form of εὔκομος (eúkomos, “lovely-haired”)	0
eute	ἠΰτε	ἠΰτε	as	0
ebaion	ἠβαιόν	ἠβαιός	little, small	0
ebaios	ἠβαιός	ἠβαιός	little, small	0
egageto	ἠγάγετο	ἄγω	to lead, fetch, bring along (a living creature), take with	0
egatheos	ἠγάθεος	ἠγάθεος	most holy (of places)	0
egapa	ἠγάπα	ἀγαπάω	to show affection for the dead	0
egapae	ἠγάπαε	ἀγαπάω	to show affection for the dead	0
egapaes	ἠγάπαες	ἀγαπάω	to show affection for the dead	0
egapaon	ἠγάπαον	ἀγαπάω	to show affection for the dead	0
egapas	ἠγάπας	ἀγαπάω	to show affection for the dead	0
egapeka	ἠγάπηκα	ἀγαπάω	to show affection for the dead	0
egapekas	ἠγάπηκας	ἀγαπάω	to show affection for the dead	0
egapeke	ἠγάπηκε	ἀγαπάω	to show affection for the dead	0
egapesa	ἠγάπησα	ἀγαπάω	to show affection for the dead	0
egapesan	ἠγάπησαν	ἀγαπάω	to show affection for the dead	0
egapesas	ἠγάπησας	ἀγαπάω	to show affection for the dead	0
egapese	ἠγάπησε	ἀγαπάω	to show affection for the dead	0
egapon	ἠγάπων	ἀγαπάω	to show affection for the dead	0
egeronto	ἠγέροντο	ἀγείρω	to collect, gather	0
egerou	ἠγέρου	ἀγείρω	to collect, gather	0
egallia	ἠγαλλία	ἀγαλλιάω	to be overjoyed, to rejoice	0
egalliae	ἠγαλλίαε	ἀγαλλιάω	to be overjoyed, to rejoice	0
egallias	ἠγαλλίας	ἀγαλλιάω	to be overjoyed, to rejoice	0
egallion	ἠγαλλίων	ἀγαλλιάω	to be overjoyed, to rejoice	0
egallio	ἠγαλλιῶ	ἀγαλλιάω	to be overjoyed, to rejoice	0
egapaete	ἠγαπάετε	ἀγαπάω	to show affection for the dead	0
egapaeto	ἠγαπάετο	ἀγαπάω	to show affection for the dead	0
egapaou	ἠγαπάου	ἀγαπάω	to show affection for the dead	0
egapaten	ἠγαπάτην	ἀγαπάω	to show affection for the dead	0
egapethe	ἠγαπήθη	ἀγαπάω	to show affection for the dead	0
egapekei	ἠγαπήκει	ἀγαπάω	to show affection for the dead	0
egapekes	ἠγαπήκης	ἀγαπάω	to show affection for the dead	0
egapekoi	ἠγαπήκοι	ἀγαπάω	to show affection for the dead	0
egapeko	ἠγαπήκω	ἀγαπάω	to show affection for the dead	0
egapeso	ἠγαπήσω	ἀγαπάω	to show affection for the dead	0
egapekos	ἠγαπηκώς	ἀγαπάω	to show affection for the dead	0
egapomen	ἠγαπώμην	ἀγαπάω	to show affection for the dead	0
egapate	ἠγαπᾶτε	ἀγαπάω	to show affection for the dead	0
egapato	ἠγαπᾶτο	ἀγαπάω	to show affection for the dead	0
egapaton	ἠγαπᾶτον	ἀγαπάω	to show affection for the dead	0
egapo	ἠγαπῶ	ἀγαπάω	to show affection for the dead	0
egaponto	ἠγαπῶντο	ἀγαπάω	to show affection for the dead	0
eggelete	ἠγγέλετε	ἀγγέλλω	to carry, deliver, pass on, relay (a message, information, n	0
eggeleto	ἠγγέλετο	ἀγγέλλω	to carry, deliver, pass on, relay (a message, information, n	0
eggele	ἠγγέλη	ἀγγέλλω	to carry, deliver, pass on, relay (a message, information, n	0
eggelen	ἠγγέλην	ἀγγέλλω	to carry, deliver, pass on, relay (a message, information, n	0
eggeles	ἠγγέλης	ἀγγέλλω	to carry, deliver, pass on, relay (a message, information, n	0
eggelthe	ἠγγέλθη	ἠγγέλθη	/(Attic) third-person singular aorist passive indicative of	0
eggeltho	ἠγγέλθω	ἀγγέλλω	to carry, deliver, pass on, relay (a message, information, n	0
eggelkoi	ἠγγέλκοι	ἀγγέλλω	to carry, deliver, pass on, relay (a message, information, n	0
eggelko	ἠγγέλκω	ἀγγέλλω	to carry, deliver, pass on, relay (a message, information, n	0
eggelke	ἠγγέλκῃ	ἀγγέλλω	to carry, deliver, pass on, relay (a message, information, n	0
eggelkes	ἠγγέλκῃς	ἀγγέλλω	to carry, deliver, pass on, relay (a message, information, n	0
eggellou	ἠγγέλλου	ἀγγέλλω	to carry, deliver, pass on, relay (a message, information, n	0
eggelou	ἠγγέλου	ἀγγέλλω	to carry, deliver, pass on, relay (a message, information, n	0
eggereue	ἠγγέρευε	ἀγγαρεύω	to dispatch as a courier	0
eggeilo	ἠγγείλω	ἠγγείλω	/(Attic) second-person singular aorist middle indicative of	0
eggelkos	ἠγγελκώς	ἀγγέλλω	to carry, deliver, pass on, relay (a message, information, n	0
egeromen	ἠγερόμην	ἀγείρω	to collect, gather	0
egmene	ἠγμένη	ἄγω	to lead, fetch, bring along (a living creature), take with	0
egmenon	ἠγμένον	ἄγω	to lead, fetch, bring along (a living creature), take with	0
egmenos	ἠγμένος	ἄγω	to lead, fetch, bring along (a living creature), take with	0
egorazou	ἠγοράζου	ἀγοράζω	to be in the market, to frequent it	0
egomen	ἠγόμην	ἄγω	to lead, fetch, bring along (a living creature), take with	0
egoraze	ἠγόραζε	ἀγοράζω	to be in the market, to frequent it	0
egorazen	ἠγόραζεν	ἀγοράζω	to be in the market, to frequent it	0
egorazes	ἠγόραζες	ἀγοράζω	to be in the market, to frequent it	0
egorazon	ἠγόραζον	ἀγοράζω	to be in the market, to frequent it	0
ede	ἠδέ	ἠδέ	ἠμέν (ēmén)	0
edikoun	ἠδίκουν	ἀδικέω	to be in the wrong, to have sinned, to have broken the law	0
eeroeis	ἠερόεις	ἠερόεις	cloudy, gloomy	0
eeroenta	ἠερόεντα	ἠερόεις	cloudy, gloomy	0
etheleka	ἠθέληκα	ἐθέλω	usually weaker than βούλομαι (boúlomai), of consent rather t	0
etheleke	ἠθέληκε	ἐθέλω	usually weaker than βούλομαι (boúlomai), of consent rather t	0
etheo	ἠθέω	ἠθέω	to sift, strain	0
ethei	ἠθεῖ	ἠθέω	to sift, strain	0
ethein	ἠθεῖν	ἠθέω	to sift, strain	0
etheis	ἠθεῖς	ἠθέω	to sift, strain	0
etheite	ἠθεῖτε	ἠθέω	to sift, strain	0
ethike	ἠθική	ἠθικός	relating to character or disposition	0
ethikos	ἠθικός	ἠθικός	relating to character or disposition	0
ethmos	ἡθμός	ἡθμός	strainer, colander, especially wine strainer	0
ethoin	ἠθοῖν	ἦθος	the usual or customary place (of something)	1
ethoumen	ἠθοῦμεν	ἠθέω	to sift, strain	0
etho	ἠθῶ	ἠθέω	to sift, strain	0
ethon	ἠθῶν	ἦθος	the usual or customary place (of something)	1
elakata	ἠλάκατα	ἠλάκατα	the wool on the distaff	0
elektor	ἠλέκτωρ	ἠλέκτωρ	Sun	0
elakate	ἠλακάτη	ἠλακάτη	distaff, spindle	0
elakaten	ἠλακάτην	ἠλακάτη	distaff, spindle	0
elakaten	ἠλακατήν	ἠλακατήν	a large sea-fish, probably a kind of tunny	0
eltheten	ἠλθέτην	ἔρχομαι	to go	0
elugaios	ἠλυγαῖος	ἠλυγαῖος	shadowy, dark	0
eluge	ἠλύγη	ἠλύγη	shadow, darkness, gloom	0
emen	ἠμέν	ἠμέν	ἠμέν (ēmén)	0
emi	ἠμί	ἠμί	to say	0
emeibeto	ἠμείβετο	ἀμείβω	to exchange	0
enekhthe	ἠνέχθη	φέρω	to bring, bear, carry	0
enipape	ἠνίπαπε	ἐνίπτω	to chide, rebuke, upbraid	0
enemoeis	ἠνεμόεις	ἠνεμόεις	windy	0
enoree	ἠνορέη	ἠνορέη	manhood, manliness	0
enogei	ἠνώγει	ἄνωγα	to order, command, bid	0
eoi	ἠοῖ	ἠώς	The morning red, daybreak, dawn	0
eoun	ἠοῦν	ἠώς	The morning red, daybreak, dawn	0
eous	ἠοῦς	ἠώς	The morning red, daybreak, dawn	0
epialos	ἠπίαλος	ἠπίαλος	ague, fever	0
epiolos	ἠπίολος	ἠπίολος	moth	0
epeiroio	ἠπείροιο	ἤπειρος	mainland	1
epeirois	ἠπείροις	ἤπειρος	mainland	1
epeirou	ἠπείρου	ἤπειρος	mainland	1
epeiro	ἠπείρῳ	ἤπειρος	mainland	1
eporese	ἠπόρησε	ἀπορέω	to be at a loss	0
eporoun	ἠπόρουν	ἀπορέω	to be at a loss	0
erema	ἠρέμα	ἠρέμα	softly, calmly, gently	0
eresanto	ἠρήσαντο	ἀράομαι	to pray	0
eresato	ἠρήσατο	ἀράομαι	to pray	0
erion	ἠρίον	ἠρίον	tomb, barrow, burial mound	0
eremeo	ἠρεμέω	ἠρεμέω	to keep quiet, be at rest	0
eremia	ἠρεμία	ἠρεμία	rest, quietude	0
erigeron	ἠριγέρων	ἠριγέρων	groundsel (Senecio vulgaris)	0
eromen	ἠρόμην	ἔρομαι	to ask	0
erato	ἠρᾶτο	ἐράω	to love (with sexual passion), to be in love with	0
etimasen	ἠτίμασεν	ἀτιμάζω	to dishonour, hold in dishonour	0
ekheo	ἠχέω	ἠχέω	to sound, ring, peal	0
ekhe	ἠχή	ἠχή	sound	0
ekhoi	ἠχοί	ἠχώ	echo	1
ekhous	ἠχούς	ἠχώ	echo	1
ekhoin	ἠχοῖν	ἠχώ	echo	1
ekhois	ἠχοῖς	ἠχώ	echo	1
ekhoisi	ἠχοῖσι	ἠχώ	echo	1
ekhoisin	ἠχοῖσιν	ἠχώ	echo	1
ekhoa	ἠχόα	ἠχώ	echo	1
ekhoos	ἠχόος	ἠχώ	echo	1
ekho	ἠχώ	ἠχώ	echo	1
ekhon	ἠχῶν	ἠχώ	echo	1
eion	ἠϊών	ἠϊών	shore	0
eukomoio	ἠϋκόμοιο	ἠΰκομος	Epic and Lyric form of εὔκομος (eúkomos, “lovely-haired”)	0
eoa	ἠόα	ἠώς	The morning red, daybreak, dawn	0
eoos	ἠόος	ἠώς	The morning red, daybreak, dawn	0
eos	ἠώς	ἠώς	The morning red, daybreak, dawn	0
ebao	ἡβάω	ἡβάω	to be in the prime of youth, adolescence	0
ebooimi	ἡβώοιμι	ἡβάω	to be in the prime of youth, adolescence	0
ebon	ἡβῶν	ἥβη	youth	0
egeetai	ἡγέεται	ἡγέεται	uncontracted third-person singular present mediopassive indi	0
egeeto	ἡγέετο	ἡγέετο	uncontracted third-person singular imperfect mediopassive in	0
egeetai	ἡγέηται	ἡγέηται	uncontracted third-person singular present mediopassive subj	0
egeomai	ἡγέομαι	ἡγέομαι	to go before, precede	0
egeonto	ἡγέοντο	ἡγέοντο	uncontracted third-person plural imperfect mediopassive indi	0
egetes	ἡγέτης	ἡγέτης	leader	0
egesanto	ἡγήσαντο	ἡγέομαι	to go before, precede	0
egesato	ἡγήσατο	ἡγέομαι	to go before, precede	0
egesei	ἡγήσει	ἡγέομαι	to go before, precede	0
egesetai	ἡγήσεται	ἡγέομαι	to go before, precede	0
egesoito	ἡγήσοιτο	ἡγέομαι	to go before, precede	0
egesomai	ἡγήσομαι	ἡγέομαι	to go before, precede	0
egese	ἡγήσῃ	ἡγέομαι	to go before, precede	0
egeistho	ἡγείσθω	ἡγέομαι	to go before, precede	0
egemonia	ἡγεμονία	ἡγεμονία	the act of leading	1
egemona	ἡγεμόνα	ἡγεμών	one who goes first	1
egemonas	ἡγεμόνας	ἡγεμών	one who goes first	1
egemone	ἡγεμόνε	ἡγεμών	one who goes first	1
egemones	ἡγεμόνες	ἡγεμών	one who goes first	1
egemoni	ἡγεμόνι	ἡγεμών	one who goes first	1
egemonos	ἡγεμόνος	ἡγεμών	one who goes first	1
egemonon	ἡγεμόνων	ἡγεμών	one who goes first	1
egemosi	ἡγεμόσι	ἡγεμών	one who goes first	1
egemosin	ἡγεμόσιν	ἡγεμών	one who goes first	1
egemon	ἡγεμών	ἡγεμών	one who goes first	1
egeomen	ἡγεόμην	ἡγεόμην	uncontracted first-person singular imperfect mediopassive in	0
egei	ἡγεῖ	ἡγέομαι	to go before, precede	0
egeisthe	ἡγεῖσθε	ἡγέομαι	to go before, precede	0
egeitai	ἡγεῖται	ἡγέομαι	to go before, precede	0
egeito	ἡγεῖτο	ἡγέομαι	to go before, precede	0
egoimen	ἡγοίμην	ἡγέομαι	to go before, precede	0
egoumene	ἡγουμένη	ἡγούμενος	abbot, principal	0
egoumeno	ἡγουμένω	ἡγούμενος	abbot, principal	0
egoumena	ἡγούμενα	ἡγούμενος	abbot, principal	0
egoumen	ἡγούμην	ἡγέομαι	to go before, precede	0
egointo	ἡγοῖντο	ἡγέομαι	to go before, precede	0
egoio	ἡγοῖο	ἡγέομαι	to go before, precede	0
egoisthe	ἡγοῖσθε	ἡγέομαι	to go before, precede	0
egoito	ἡγοῖτο	ἡγέομαι	to go before, precede	0
egou	ἡγοῦ	ἡγέομαι	to go before, precede	0
egoumai	ἡγοῦμαι	ἡγέομαι	to go before, precede	0
egountai	ἡγοῦνται	ἡγέομαι	to go before, precede	0
egounto	ἡγοῦντο	ἡγέομαι	to go before, precede	0
egometha	ἡγώμεθα	ἡγέομαι	to go before, precede	0
egesthe	ἡγῆσθε	ἡγέομαι	to go before, precede	0
egetai	ἡγῆται	ἡγέομαι	to go before, precede	0
ege	ἡγῇ	ἡγέομαι	to go before, precede	0
egomai	ἡγῶμαι	ἡγέομαι	to go before, precede	0
egontai	ἡγῶνται	ἡγέομαι	to go before, precede	0
edone	ἡδονή	ἡδονή	delight, pleasure, enjoyment	1
edomenos	ἡδόμενος	ἥδομαι	to be pleased, enjoy oneself	0
edomen	ἡδόμην	ἥδομαι	to be pleased, enjoy oneself	0
eduno	ἡδύνω	ἡδύνω	to season a dish	0
eduosmon	ἡδύοσμον	ἡδύοσμον	spearmint (Mentha spicata)	0
edupnoos	ἡδύπνοος	ἡδύπνοος	breathing sweetness, sweet-breathing	0
edus	ἡδύς	ἡδύς	sweet (pleasant to the taste or smell)	0
edusaron	ἡδύσαρον	ἡδύσαρον	axeweed (Securigera securidaca)	0
eketo	ἡκέτω	ἥκω	to have come, to be present	0
elikos	ἡλίκος	ἡλίκος	as big or great as, as old as	0
eliaia	ἡλιαία	ἡλιαία	public place or hall (in which the chief law-court was held)	0
eliakos	ἡλιακός	ἡλιακός	of the sun, solar	0
elikia	ἡλικία	ἡλικία	time of life, age	0
eloo	ἡλόω	ἡλόω	to sharpen	0
emeas	ἡμέας	ἡμεῖς	we, us, our	0
emera	ἡμέρα	ἡμέρα	day	0
emeran	ἡμέραν	ἡμέραν	for a day or days	0
emeras	ἡμέρας	ἡμέρας	within a certain number of days	0
emera	ἡμέρᾳ	ἡμέρᾳ	on a particular day	0
emetera	ἡμέτερα	ἡμέτερος	our, of ours	0
emeterai	ἡμέτεραι	ἡμέτερος	our, of ours	0
emetere	ἡμέτερε	ἡμέτερος	our, of ours	0
emeteroi	ἡμέτεροι	ἡμέτερος	our, of ours	0
emeteron	ἡμέτερον	ἡμέτερος	our, of ours	0
emeteros	ἡμέτερος	ἡμέτερος	our, of ours	0
emeon	ἡμέων	ἡμεῖς	we, us, our	0
emionoi	ἡμίονοι	ἡμίονος	mule	1
emionon	ἡμίονον	ἡμίονος	mule	1
emionos	ἡμίονος	ἡμίονος	mule	1
emerinos	ἡμερινός	ἡμερινός	of day, by day	0
emeteran	ἡμετέραν	ἡμέτερος	our, of ours	0
emeteras	ἡμετέρας	ἡμέτερος	our, of ours	0
emeteren	ἡμετέρην	ἡμέτερος	our, of ours	0
emeteres	ἡμετέρης	ἡμέτερος	our, of ours	0
emeterou	ἡμετέρου	ἡμέτερος	our, of ours	0
emetero	ἡμετέρῳ	ἡμέτερος	our, of ours	0
emeis	ἡμεῖς	ἡμεῖς	we, us, our	0
emas	ἡμᾶς	ἡμεῖς	we, us, our	0
emin	ἡμῖν	ἡμεῖς	we, us, our	0
emon	ἡμῶν	ἡμεῖς	we, us, our	0
enia	ἡνία	ἡνία	rein, bridle	0
enika	ἡνίκα	ἡνίκα	at which time, when	0
eniokhon	ἡνίοχον	ἡνίοχος	one who holds the reins, charioteer	0
eniokhos	ἡνίοχος	ἡνίοχος	one who holds the reins, charioteer	0
eniokho	ἡνιόχῳ	ἡνίοχος	one who holds the reins, charioteer	0
epatizon	ἡπατίζων	ἡπατίζων	liver-colored, liver-like	0
epatikos	ἡπατικός	ἡπατικός	hepatic (of or relating to the liver)	0
eroine	ἡρωΐνη	ἡρωΐνη	heroine (female hero)	1
erois	ἡρωΐς	ἡρωΐς	a heroine	0
eroikos	ἡρωϊκός	ἡρωϊκός	of the heroes	0
eroessi	ἡρώεσσι	ἥρως	a hero of the Trojan War	1
eroessin	ἡρώεσσιν	ἥρως	a hero of the Trojan War	1
erooiin	ἡρώοιιν	ἥρως	a hero of the Trojan War	1
erooin	ἡρώοιν	ἥρως	a hero of the Trojan War	1
eroon	ἡρώων	ἥρως	a hero of the Trojan War	1
eron	ἡρῶν	ἥρως	a hero of the Trojan War	1
eroon	ἡρῷον	ἡρῷον	A sanctuary dedicated to a hero, often over his supposed tom	0
essaomai	ἡσσάομαι	ἡσσάομαι	to be less or weaker than	0
essonon	ἡσσόνων	ἥσσων	inferior, weaker	0
essato	ἡσσᾶτο	ἡσσάομαι	to be less or weaker than	0
essonto	ἡσσῶντο	ἡσσάομαι	to be less or weaker than	0
estikos	ἡστικός	ἡστικός	pleasing, agreeable	0
esukhazo	ἡσυχάζω	ἡσυχάζω	to be still or quiet, be at rest	0
esukhia	ἡσυχία	ἡσυχία	peace	0
egage	ἤγαγε	ἄγω	to lead, fetch, bring along (a living creature), take with	0
egagen	ἤγαγεν	ἄγω	to lead, fetch, bring along (a living creature), take with	0
egagon	ἤγαγον	ἄγω	to lead, fetch, bring along (a living creature), take with	0
eggeila	ἤγγειλα	ἤγγειλα	/(Attic) first-person singular aorist active indicative of ἀ	0
eggeilan	ἤγγειλαν	ἤγγειλαν	/(Attic) third-person plural aorist active indicative of ἀγγ	0
eggeilas	ἤγγειλας	ἤγγειλας	/(Attic) second-person singular aorist active indicative of	0
eggeile	ἤγγειλε	ἤγγειλε	/(Attic) third-person singular aorist active indicative of ἀ	0
eggelka	ἤγγελκα	ἀγγέλλω	to carry, deliver, pass on, relay (a message, information, n	0
eggelkas	ἤγγελκας	ἀγγέλλω	to carry, deliver, pass on, relay (a message, information, n	0
eggelle	ἤγγελλε	ἀγγέλλω	to carry, deliver, pass on, relay (a message, information, n	0
eggelles	ἤγγελλες	ἀγγέλλω	to carry, deliver, pass on, relay (a message, information, n	0
eggellon	ἤγγελλον	ἀγγέλλω	to carry, deliver, pass on, relay (a message, information, n	0
eggelmai	ἤγγελμαι	ἀγγέλλω	to carry, deliver, pass on, relay (a message, information, n	0
eggelon	ἤγγελον	ἀγγέλλω	to carry, deliver, pass on, relay (a message, information, n	0
eggelsai	ἤγγελσαι	ἀγγέλλω	to carry, deliver, pass on, relay (a message, information, n	0
eggelso	ἤγγελσο	ἀγγέλλω	to carry, deliver, pass on, relay (a message, information, n	0
eggeltai	ἤγγελται	ἀγγέλλω	to carry, deliver, pass on, relay (a message, information, n	0
egeires	ἤγειρες	ἀγείρω	to collect, gather	0
egesthe	ἤγεσθε	ἄγω	to lead, fetch, bring along (a living creature), take with	0
egeto	ἤγετο	ἄγω	to lead, fetch, bring along (a living creature), take with	0
egonto	ἤγοντο	ἄγω	to lead, fetch, bring along (a living creature), take with	0
egou	ἤγου	ἄγω	to lead, fetch, bring along (a living creature), take with	0
egoun	ἤγουν	ἤγουν	that is to say	0
ede	ἤδη	ἤδη	by this time, before this, already	0
een	ἤην	εἰμί	to be	0
ethea	ἤθεα	ἦθος	the usual or customary place (of something)	1
ethei	ἤθει	ἦθος	the usual or customary place (of something)	1
ethesi	ἤθεσι	ἦθος	the usual or customary place (of something)	1
ethesin	ἤθεσιν	ἦθος	the usual or customary place (of something)	1
ethe	ἤθη	ἤθη	manners	0
ethesis	ἤθησις	ἤθησις	riddling	0
ethous	ἤθους	ἦθος	the usual or customary place (of something)	1
ekousa	ἤκουσα	ἀκούω	to hear	0
ekousan	ἤκουσαν	ἀκούω	to hear	0
ekouse	ἤκουσε	ἀκούω	to hear	0
ekousen	ἤκουσεν	ἀκούω	to hear	0
elase	ἤλασε	ἐλαύνω	to drive, set in motion	0
elektron	ἤλεκτρον	ἤλεκτρον	amber	1
elitha	ἤλιθα	ἤλιθα	enough, sufficiently	0
eluthes	ἤλυθες	ἔρχομαι	to go	0
emata	ἤματα	ἦμαρ	day	0
enasse	ἤνασσε	ἀνάσσω	[with dative	0
enegka	ἤνεγκα	φέρω	to bring, bear, carry	0
enegkas	ἤνεγκας	φέρω	to bring, bear, carry	0
enegken	ἤνεγκεν	φέρω	to bring, bear, carry	0
enegkon	ἤνεγκον	φέρω	to bring, bear, carry	0
eneika	ἤνεικα	φέρω	to bring, bear, carry	0
enthesan	ἤνθησαν	ἀνθέω	to flower	0
enustron	ἤνυστρον	ἤνυστρον	abomasum, rennet stomach	0
enuto	ἤνυτο	ἀνύω	to cause	0
epeiron	ἤπειρον	ἤπειρος	mainland	1
epeiros	ἤπειρος	ἤπειρος	mainland	1
epios	ἤπιος	ἤπιος	gentle, kind (of persons, of words, of feelings)	0
eranos	ἤρανος	ἤρανος	keeper, guardian	0
eremos	ἤρεμος	ἤρεμος	quiet, peaceful, tranquil	0
eripe	ἤριπε	ἐρείπω	to throw or dash down, tear down	0
erkese	ἤρκεσε	ἀρκέω	to ward off, keep off	0
erxanto	ἤρξαντο	ἄρχω	to begin	0
erxato	ἤρξατο	ἄρχω	to begin	0
eruggos	ἤρυγγος	ἤρυγγος	eryngo (plant of the genus Eryngium)	0
erkheto	ἤρχετο	ἄρχω	to begin	0
erkhonto	ἤρχοντο	ἄρχω	to begin	0
etoi	ἤτοι	ἤτοι	either	0
ekhtheto	ἤχθετο	ἔχθω	to hate	0
ekhthe	ἤχθη	ἄγω	to lead, fetch, bring along (a living creature), take with	0
ekhthen	ἤχθην	ἄγω	to lead, fetch, bring along (a living creature), take with	0
ekhthes	ἤχθης	ἄγω	to lead, fetch, bring along (a living creature), take with	0
ekhthete	ἤχθητε	ἄγω	to lead, fetch, bring along (a living creature), take with	0
ekhoin	ἤχοιν	ἦχος	sound	0
ekhois	ἤχοις	ἦχος	sound	0
ekhou	ἤχου	ἦχος	sound	0
ekhous	ἤχους	ἦχος	sound	0
ekho	ἤχω	ἦχος	sound	0
ekhon	ἤχων	ἦχος	sound	0
eia	ἤϊα	ἤϊα	provisions for a journey	0
eusen	ἤϋσεν	αὔω	to shout, call	0
eato	ἥατο	ἧμαι	to sit, be seated	0
ebais	ἥβαις	ἥβη	youth	0
ebas	ἥβας	ἥβη	youth	0
ebe	ἥβη	ἥβη	youth	0
eben	ἥβην	ἥβη	youth	0
egesis	ἥγησις	ἥγησις	command	0
ede	ἥδε	ὅδε	this	0
edesthai	ἥδεσθαι	ἥδομαι	to be pleased, enjoy oneself	0
edesthe	ἥδεσθε	ἥδομαι	to be pleased, enjoy oneself	0
edetai	ἥδεται	ἥδομαι	to be pleased, enjoy oneself	0
edeto	ἥδετο	ἥδομαι	to be pleased, enjoy oneself	0
edomai	ἥδομαι	ἥδομαι	to be pleased, enjoy oneself	0
edontai	ἥδονται	ἥδομαι	to be pleased, enjoy oneself	0
edonto	ἥδοντο	ἥδομαι	to be pleased, enjoy oneself	0
edou	ἥδου	ἥδομαι	to be pleased, enjoy oneself	0
edusma	ἥδυσμα	ἥδυσμα	relish, seasoning, sauce	0
ekei	ἥκει	ἥκω	to have come, to be present	0
ekein	ἥκειν	ἥκω	to have come, to be present	0
ekeis	ἥκεις	ἥκω	to have come, to be present	0
ekete	ἥκετε	ἥκω	to have come, to be present	0
eketon	ἥκετον	ἥκω	to have come, to be present	0
ekista	ἥκιστα	ἥκιστα	least	0
ekistos	ἥκιστος	ἥκιστος	least	0
ekoi	ἥκοι	ἥκω	to have come, to be present	0
ekoien	ἥκοιεν	ἥκω	to have come, to be present	0
ekoimen	ἥκοιμεν	ἥκω	to have come, to be present	0
ekoimi	ἥκοιμι	ἥκω	to have come, to be present	0
ekois	ἥκοις	ἥκω	to have come, to be present	0
ekomen	ἥκομεν	ἥκω	to have come, to be present	0
ekousin	ἥκουσιν	ἥκω	to have come, to be present	0
eko	ἥκω	ἥκω	to have come, to be present	0
ekon	ἥκων	ἥκω	to have come, to be present	0
ekosi	ἥκωσι	ἥκω	to have come, to be present	0
ekosin	ἥκωσιν	ἥκω	to have come, to be present	0
eke	ἥκῃ	ἥκω	to have come, to be present	0
ekes	ἥκῃς	ἥκω	to have come, to be present	0
elios	ἥλιος	ἥλιος	sun	0
emetha	ἥμεθα	ἧμαι	to sit, be seated	0
emenos	ἥμενος	ἧμαι	to sit, be seated	0
emeros	ἥμερος	ἥμερος	tame, civilized, cultivated	0
emisson	ἥμισσον	ἥμισσον	half	0
emisus	ἥμισυς	ἥμισυς	half	0
emon	ἥμων	ἥμων	thrower, darter	0
hen	ἥν	ὅς	this	0
endane	ἥνδανε	ἁνδάνω	to please to delight, to gratify	0
exei	ἥξει	ἥκω	to have come, to be present	0
exein	ἥξειν	ἥκω	to have come, to be present	0
exeis	ἥξεις	ἥκω	to have come, to be present	0
exete	ἥξετε	ἥκω	to have come, to be present	0
exoi	ἥξοι	ἥκω	to have come, to be present	0
exoimi	ἥξοιμι	ἥκω	to have come, to be present	0
exomen	ἥξομεν	ἥκω	to have come, to be present	0
exousi	ἥξουσι	ἥκω	to have come, to be present	0
exousin	ἥξουσιν	ἥκω	to have come, to be present	0
exo	ἥξω	ἥκω	to have come, to be present	0
erpazon	ἥρπαζον	ἁρπάζω	to snatch away, carry off	0
ero	ἥρω	ἥρως	a hero of the Trojan War	1
eroa	ἥρωα	ἥρως	a hero of the Trojan War	1
eroas	ἥρωας	ἥρως	a hero of the Trojan War	1
eroe	ἥρωε	ἥρως	a hero of the Trojan War	1
eroes	ἥρωες	ἥρως	a hero of the Trojan War	1
eroos	ἥρωος	ἥρως	a hero of the Trojan War	1
eros	ἥρως	ἥρως	a hero of the Trojan War	1
erosi	ἥρωσι	ἥρως	a hero of the Trojan War	1
erosin	ἥρωσιν	ἥρως	a hero of the Trojan War	1
eroi	ἥρωϊ	ἥρως	a hero of the Trojan War	1
esthe	ἥσθη	ἥδομαι	to be pleased, enjoy oneself	0
esthemen	ἥσθημεν	ἥδομαι	to be pleased, enjoy oneself	0
esthen	ἥσθην	ἧμαι	to sit, be seated	0
esthes	ἥσθης	ἥδομαι	to be pleased, enjoy oneself	0
esthete	ἥσθητε	ἥδομαι	to be pleased, enjoy oneself	0
essento	ἥσσηντο	ἡσσάομαι	to be less or weaker than	0
essona	ἥσσονα	ἥσσων	inferior, weaker	0
essonas	ἥσσονας	ἥσσων	inferior, weaker	0
essones	ἥσσονες	ἥσσων	inferior, weaker	0
essoni	ἥσσονι	ἥσσων	inferior, weaker	0
essonos	ἥσσονος	ἥσσων	inferior, weaker	0
essosi	ἥσσοσι	ἥσσων	inferior, weaker	0
essosin	ἥσσοσιν	ἥσσων	inferior, weaker	0
essous	ἥσσους	ἥσσων	inferior, weaker	0
esso	ἥσσω	ἥσσων	inferior, weaker	0
esson	ἥσσων	ἥσσων	inferior, weaker	0
esukhos	ἥσυχος	ἥσυχος	quiet	0
etton	ἥττων	ἥσσων	inferior, weaker	0
epsesa	ἥψησα	ἕψω	to boil, seethe	0
ege	ἦγε	ἄγω	to lead, fetch, bring along (a living creature), take with	0
egen	ἦγεν	ἄγω	to lead, fetch, bring along (a living creature), take with	0
egmai	ἦγμαι	ἄγω	to lead, fetch, bring along (a living creature), take with	0
edos	ἦδος	ἦδος	delight, pleasure	0
ethos	ἦθος	ἦθος	the usual or customary place (of something)	1
eka	ἦκα	ἦκα	slightly	0
ektai	ἦκται	ἄγω	to lead, fetch, bring along (a living creature), take with	0
elthen	ἦλθεν	ἔρχομαι	to go	0
elon	ἦλον	ἦλον	sloe or plum	0
emar	ἦμαρ	ἦμαρ	day	0
emos	ἦμος	ἦμος	when (relative), at which time	0
enthe	ἦνθε	ἔρχομαι	to go	0
enthen	ἦνθεν	ἔρχομαι	to go	0
enthon	ἦνθον	ἔρχομαι	to go	0
enops	ἦνοψ	ἦνοψ	gleaming	0
exai	ἦξαι	ἄγω	to lead, fetch, bring along (a living creature), take with	0
era	ἦρα	ἦρα	service, gratification, favor, kindness	0
eri	ἦρι	ἦρι	early in the morning	0
erxe	ἦρξε	ἄρχω	to begin	0
erkhon	ἦρχον	ἄρχω	to begin	0
estha	ἦσθα	εἰμί	to be	0
eta	ἦτα	ἦτα	eta, the name for the seventh letter Η (Ē), η (ē) of the Anc	1
ete	ἦτε	ἦτε	surely, doubtless	0
eto	ἦτο	ἦτο	he/she/it was	0
eton	ἦτον	εἰμί	to be	0
etor	ἦτορ	ἦτορ	the heart, as the seat of life, passion, desire, etc	0
etron	ἦτρον	ἦτρον	abdomen, especially the lower part of it, belly	0
ekhe	ἦχε	ἦχος	sound	0
ekhoi	ἦχοι	ἦχος	sound	0
ekhos	ἦχος	ἦχος	sound	0
ebai	ἧβαι	ἥβη	youth	0
eka	ἧκα	ἵημι	to release, let go	0
eke	ἧκε	ἵημι	to release, let go	0
eken	ἧκεν	ἵημι	to release, let go	0
elix	ἧλιξ	ἧλιξ	of the same age	0
elos	ἧλος	ἧλος	nailhead or stud (as an ornament)	1
emai	ἧμαι	ἧμαι	to sit, be seated	0
emin	ἧμιν	ἧμιν	properispomenon form of ἡμῖν (hēmîn)	0
epar	ἧπαρ	ἧπαρ	liver	1
hes	ἧς	ὅς	this	0
esthai	ἧσθαι	ἧμαι	to sit, be seated	0
eso	ἧσο	ἧμαι	to sit, be seated	0
essa	ἧσσα	ἧσσα	defeat, discomfiture	0
estai	ἧσται	ἧμαι	to sit, be seated	0
esto	ἧστο	ἧμαι	to sit, be seated	0
eta	ἧτα	ἧτα	Old name of the letter η (eta, see ἦτᾰ (êtă), ήτα)	0
ekhi	ἧχι	ἧχι	where (relative)	0
iazo	ἰάζω	ἰάζω	to speak Ionic	0
iakkha	ἰάκχα	ἰάκχα	name of a perfumed garland	0
ialemos	ἰάλεμος	ἰάλεμος	lament, dirge	0
iallo	ἰάλλω	ἰάλλω	to send forth quickly, shoot out, fling out	0
ianthe	ἰάνθη	ἰαίνω	to heat, warm	0
iaomai	ἰάομαι	ἰάομαι	to cure	0
iapto	ἰάπτω	ἰάπτω	to send forth, drive on, shoot	0
iasme	ἰάσμη	ἰάσμη	jasmine (Jasminum officinale)	0
iakho	ἰάχω	ἰάχω	to cry out	0
ienai	ἰέναι	εἶμι	to be going to go	0
iene	ἰήνῃ	ἰαίνω	to heat, warm	0
iaino	ἰαίνω	ἰαίνω	to heat, warm	0
iambuke	ἰαμβύκη	ἰαμβύκη	kind of musical instrument, distinct from the σαμβύκη (sambú	0
iatreia	ἰατρεία	ἰατρεία	medical treatment	1
iatreuo	ἰατρεύω	ἰατρεύω	to medically treat, cure	0
iatreion	ἰατρεῖον	ἰατρεῖον	surgery, a doctor's office, a clinic	0
iatros	ἰατρός	ἰατρός	physician	1
iakhe	ἰαχή	ἰαχή	cry, shout, both of victor and vanquished	0
iauo	ἰαύω	ἰαύω	to sleep	0
ibiskos	ἰβίσκος	ἰβίσκος	marsh mallow (Althaea officinalis)	0
iberis	ἰβηρίς	ἰβηρίς	pepperwort (Lepidium graminifolium)	0
ignua	ἰγνύα	ἰγνύα	part behind the thigh and knee, ham, popliteus	0
ide	ἰδέ	ἠδέ	ἠμέν (ēmén)	0
idea	ἰδέα	ἰδέα	form, shape	0
ideein	ἰδέειν	εἶδον	to see	0
idesthai	ἰδέσθαι	εἶδον	to see	0
idia	ἰδία	ἰδία	one's place of origin	0
idio	ἰδίω	ἰδίω	to sweat, perspire	0
idioma	ἰδίωμα	ἰδίωμα	peculiarity	0
idios	ἰδίως	ἰδίως	peculiarly	0
idia	ἰδίᾳ	ἰδίᾳ	privately	0
idanos	ἰδανός	ἰδανός	fair, comely, good-looking	0
idein	ἰδεῖν	ὁράω	to look with the eyes	0
idikos	ἰδικός	ἰδικός	proper, one's own	0
idiotes	ἰδιότης	ἰδιότης	peculiarity	0
idiotes	ἰδιώτης	ἰδιώτης	a private person, one not engaged in public affairs	0
idou	ἰδού	ἰδού	lo!, behold!	0
idomen	ἰδόμην	εἶδον	to see	0
idon	ἰδών	ὁράω	to look with the eyes	0
ithuno	ἰθύνω	εὐθύνω	to guide straight, direct	0
ikmas	ἰκμάς	ἰκμάς	moisture, wetness	0
ikrioter	ἰκριωτήρ	ἰκριωτήρ	upright supporting a gallery or loft	0
ilarkhes	ἰλάρχης	ἰλάρχης	the commander of a troop of horse	0
illas	ἰλλάς	ἰλλάς	rope, band, twisted cord	0
ilus	ἰλύς	ἰλύς	mud	0
inarion	ἰνάριον	ἰνάριον	strand	0
inao	ἰνάω	ἰνέω	to carry off by evacuations	0
ineo	ἰνέω	ἰνέω	to carry off by evacuations	0
inion	ἰνίον	ἰνίον	occipital bone	1
ixe	ἰξέ	ἰξός	European mistletoe (Viscum album)	0
ixias	ἰξίας	ἰξίας	chamaleon thistle (Cardopatium corymbosum)	0
ixine	ἰξίνη	ἰξίνη	carline thistle (Carlina gummifera)	0
ixos	ἰξός	ἰξός	European mistletoe (Viscum album)	0
ixus	ἰξύς	ἰξύς	waist	0
ixodes	ἰξώδης	ἰξώδης	Like birdlime, sticky, clammy	0
ioeides	ἰοειδής	ἰοειδής	violet	0
ioudaizo	ἰουδαΐζω	ἰουδαΐζω	to Judaize	0
iou	ἰού	ἰού	An exclamation of joy or grief	0
ipnion	ἰπνίον	ἰπνίον	a small oven	0
ipnos	ἰπνός	ἰπνός	oven	0
iron	ἰρών	ἰρών	region	0
isatis	ἰσάτις	ἰσάτις	dyer's woad (Isatis tinctoria)	0
iselikos	ἰσήλικος	ἰσήλικος	equal in magnitude	0
isikion	ἰσίκιον	ἰσίκιον	isicium, a dish made of mincemeat, probably similar to a mea	0
isegoria	ἰσηγορία	ἰσηγορία	equal right to speak, equality of all in freedom of speech	1
isthmous	ἰσθμούς	ἰσθμός	neck, narrow passage of the body	1
isthmou	ἰσθμοῦ	ἰσθμός	neck, narrow passage of the body	1
isthmos	ἰσθμός	ἰσθμός	neck, narrow passage of the body	1
isthmo	ἰσθμῷ	ἰσθμός	neck, narrow passage of the body	1
isotheoo	ἰσοθεόω	ἰσοθεόω	to make equal with the gods	0
isonomia	ἰσονομία	ἰσονομία	an equal distribution, equal proportion, equilibrium	1
iskhas	ἰσχάς	ἰσχάς	dried fig	0
iskhion	ἰσχίον	ἰσχίον	hip-joint	1
iskhias	ἰσχιάς	ἰσχιάς	hip disease	0
iskhnos	ἰσχνός	ἰσχνός	dry, withered, shriveled	0
iskhuros	ἰσχυρός	ἰσχυρός	strong, mighty	0
iskhuros	ἰσχυρῶς	ἰσχυρῶς	strongly, with all force	0
iskhus	ἰσχύς	ἰσχύς	strength	0
iskhusas	ἰσχύσας	ἰσχύσας	aorist active ptc of ῐ̓σχῡ́ω (ĭskhū́ō)	0
iskhuo	ἰσχύω	ἰσχύω	to be physically strong	0
isotheos	ἰσόθεος	ἰσόθεος	equal to the gods	0
isopuron	ἰσόπυρον	ἰσόπυρον	fumitory (Fumaria capreolata)	0
isorropa	ἰσόρροπα	ἰσόρροπος	in equipoise, of the balance	0
iselix	ἰσῆλιξ	ἰσῆλιξ	of the same age with (someone [dative])	0
itea	ἰτέα	ἰτέα	willow	0
iteinos	ἰτέϊνος	ἰτέϊνος	made of willow	0
itamos	ἰταμός	ἰταμός	headlong	0
iuge	ἰυγή	ἰυγή	howling, shrieking, as of men in pain	0
ikhanao	ἰχανάω	ἰχανάω	to crave, yearn, desire	0
ikhthuao	ἰχθυάω	ἰχθυάω	to fish	0
ikhthua	ἰχθύα	ἰχθύα	dried fish-skin	0
ikhthus	ἰχθύς	ἰχθύς	fish	1
ikhneuo	ἰχνεύω	ἰχνεύω	to track out, hunt after	0
ikhor	ἰχώρ	ἰχώρ	ichor, the fluid which runs through the veins of gods	0
ioke	ἰωκή	ἰωκή	rout, pursuit	0
ionikos	ἰωνικός	ἰωνικός	Ionic	0
ionos	ἰωνός	ἰωνός	kind of fish	0
ioeis	ἰόεις	ἰόεις	poisonous	0
ios	ἰός	ἰός	arrow	0
iotes	ἰότης	ἰότης	will	0
iobelos	ἰώβηλος	ἰώβηλος	jubilee	0
iodes	ἰώδης	ἰώδης	violet-coloured, violet	0
ion	ἰών	εἶμι	to be going to go	0
iaton	ἰᾶτον	ἰᾶτον	drink prepared from honey, wine and violets	0
ies	ἰῆς	εἷς	one	0
iei	ἰῇ	εἷς	one	0
iota	ἰῶτα	ἰῶτα	iota, the name for the ninth letter Ι (I), ι (i) of the Anci	1
iemenos	ἱέμενος	ἵημι	to release, let go	0
ierax	ἱέραξ	ἱέραξ	hawk	0
iereia	ἱέρεια	ἱέρεια	priestess	0
iereusen	ἱέρευσεν	ἱερεύω	to slaughter (for sacrifice)	0
idroo	ἱδρόω	ἱδρόω	to sweat, perspire	0
idruo	ἱδρύω	ἱδρύω	to seat, make to sit down	0
idros	ἱδρώς	ἱδρώς	sweat	0
iera	ἱερά	ἱερά	a (female) member of a religious institution	0
ierakion	ἱεράκιον	ἱεράκιον	prickly goldenfleece	0
iereas	ἱερέας	ἱερεύς	priest	0
iere	ἱερή	ἱερός	divine (connected with the gods)	1
ieren	ἱερήν	ἱερός	divine (connected with the gods)	1
iereus	ἱερεύς	ἱερεύς	priest	0
iereuo	ἱερεύω	ἱερεύω	to slaughter (for sacrifice)	0
ieron	ἱερόν	ἱερόν	a sacrificial offering	0
ieros	ἱερός	ἱερός	divine (connected with the gods)	1
ieres	ἱερῆς	ἱερεύς	priest	0
izano	ἱζάνω	ἱζάνω	to cause to sit, seat	0
ikaneis	ἱκάνεις	ἱκάνω	to arrive, come	0
ikano	ἱκάνω	ἱκάνω	to arrive, come	0
ikesthai	ἱκέσθαι	ἱκνέομαι	to come, reach, arrive at	0
ikesthen	ἱκέσθην	ἵκω	to come	0
iketai	ἱκέται	ἱκέτης	One who comes looking for aid or protection, suppliant	0
iketes	ἱκέτης	ἱκέτης	One who comes looking for aid or protection, suppliant	0
iketis	ἱκέτις	ἱκέτης	One who comes looking for aid or protection, suppliant	0
ikana	ἱκανά	ἱκανός	becoming, befitting, sufficient	0
ikanas	ἱκανάς	ἱκανός	becoming, befitting, sufficient	0
ikanoi	ἱκανοί	ἱκανός	becoming, befitting, sufficient	0
ikanon	ἱκανόν	ἱκανός	becoming, befitting, sufficient	0
ikanos	ἱκανός	ἱκανός	becoming, befitting, sufficient	0
ikanotes	ἱκανότης	ἱκανότης	sufficiency, fitness	0
ikano	ἱκανώ	ἱκανός	becoming, befitting, sufficient	0
ikanos	ἱκανῶς	ἱκανῶς	Derived from ἱκανός (hikanós) + -ως (-ōs)	0
ikesia	ἱκεσία	ἱκεσία	supplication, the prayer of a suppliant	0
iketeuo	ἱκετεύω	ἱκετεύω	to beg	0
ikneomai	ἱκνέομαι	ἱκνέομαι	to come, reach, arrive at	0
ikoimen	ἱκοίμην	ἱκνέομαι	to come, reach, arrive at	0
ikometha	ἱκόμεθα	ἵκω	to come	0
ikomen	ἱκόμην	ἱκνέομαι	to come, reach, arrive at	0
ilaeira	ἱλάειρα	ἱλάειρα	something mildly shining	0
ileko	ἱλήκω	ἱλήκω	to be gracious	0
ilaros	ἱλαρός	ἱλαρός	cheerful, merry, joyous, glad, happy	1
ilastes	ἱλαστής	ἱλαστής	a propitiator, one who propitiates	0
imas	ἱμάς	ἱμάς	leather strap or thong	0
imasthle	ἱμάσθλη	ἱμάσθλη	thong of a whip	0
imasso	ἱμάσσω	ἱμάσσω	to flog horses	0
imation	ἱμάτιον	ἱμάτιον	outer garment, cloak, mantle	1
imertos	ἱμερτός	ἱμερτός	longed for	0
imeroeis	ἱμερόεις	ἱμερόεις	lovely	0
imonia	ἱμονιά	ἱμονιά	well-rope	0
ippeas	ἱππέας	ἱππεύς	charioteer (chariot-driver or person fighting from a chariot	0
ippeon	ἱππέων	ἱππεύς	charioteer (chariot-driver or person fighting from a chariot	0
ippeos	ἱππέως	ἱππεύς	charioteer (chariot-driver or person fighting from a chariot	0
ippeus	ἱππεύς	ἱππεύς	charioteer (chariot-driver or person fighting from a chariot	0
ippeuo	ἱππεύω	ἱππεύω	to be a horseman or rider	0
ippeu	ἱππεῦ	ἱππεύς	charioteer (chariot-driver or person fighting from a chariot	0
ippeusi	ἱππεῦσι	ἱππεύς	charioteer (chariot-driver or person fighting from a chariot	0
ippelata	ἱππηλάτα	ἱππηλάτα	horse-driver, chariot-fighter, knight	0
ipposune	ἱπποσύνη	ἱπποσύνη	the art of chariot driving, horsemanship	0
ippotes	ἱππότης	ἱππότης	a horse-rider	0
ippees	ἱππῆες	ἱππεύς	charioteer (chariot-driver or person fighting from a chariot	0
ippes	ἱππῆς	ἱππεύς	charioteer (chariot-driver or person fighting from a chariot	0
iros	ἱρός	ἱερός	divine (connected with the gods)	1
istas	ἱστάς	ἵστημι	to stand	0
istion	ἱστίον	ἱστίον	sail	0
istodoke	ἱστοδόκη	ἱστοδόκη	mast-holder, a piece of wood standing up from the stern, on	0
istopede	ἱστοπέδη	ἱστοπέδη	piece of wood set in the keel to which the mast was bound, o	0
istoreo	ἱστορέω	ἱστορέω	to inquire, ask (of someone, or regarding someone/something)	0
istoria	ἱστορία	ἱστορία	inquiry, examination, systematic observation, science	0
iston	ἱστόν	ἱστός	mast	1
istos	ἱστός	ἱστός	mast	1
hio	ἱῶ	ἵημι	to release, let go	0
iallon	ἴαλλον	ἰάλλω	to send forth quickly, shoot out, fling out	0
iambos	ἴαμβος	ἴαμβος	iamb, a metrical foot	0
ian	ἴαν	εἷς	one	0
iasis	ἴασις	ἴασις	cure	0
iaspis	ἴασπις	ἴασπις	jasper	0
iauon	ἴαυον	ἰαύω	to sleep	0
ibdes	ἴβδης	ἴβδης	cock or plug in a ship's bottom	0
igdis	ἴγδις	ἴγδις	a mortar (vessel used to grind ingredients)	0
ide	ἴδε	εἶδον	to see	0
iden	ἴδεν	εἶδον	to see	0
ide	ἴδη	ἴδη	timber tree	0
ideai	ἴδηαι	εἶδον	to see	0
idesthe	ἴδησθε	ὁράω	to look with the eyes	0
idetai	ἴδηται	εἶδον	to see	0
idia	ἴδια	ἴδια	private affairs	0
idioi	ἴδιοι	ἴδιοι	one's relatives	0
idion	ἴδιον	ἴδιον	something which belongs (to someone or something)	0
idios	ἴδιος	ἴδιος	own (pertaining specifically to the referent)	0
idmen	ἴδμεν	οἶδα	to know	0
idmenai	ἴδμεναι	οἶδα	to know	0
idoi	ἴδοι	εἶδον	to see	0
idois	ἴδοις	ὁράω	to look with the eyes	0
idoito	ἴδοιτο	εἶδον	to see	0
idon	ἴδον	εἶδον	to see	0
idonto	ἴδοντο	εἶδον	to see	0
idomai	ἴδωμαι	εἶδον	to see	0
ien	ἴεν	εἶμι	to be going to go	0
ithris	ἴθρις	ἔθρις	castrated	0
ithumbos	ἴθυμβος	ἴθυμβος	kind of Bacchic dance and song	0
ikelos	ἴκελος	εἴκελος	like, similar, resembling (followed by the dative)	0
ikmenon	ἴκμενον	ἴκμενος	fair, favorable (of the wind	0
ikmenos	ἴκμενος	ἴκμενος	fair, favorable (of the wind	0
ikme	ἴκμη	ἴκμη	common duckweed (Lemna minor)	0
iknus	ἴκνυς	ἴκνυς	dust or ashes	0
ikria	ἴκρια	ἴκρια	halfdeck at the stern of a ship	0
iktar	ἴκταρ	ἴκταρ	close together	0
ikteros	ἴκτερος	ἴκτερος	jaundice, icterus	0
iktinos	ἴκτινος	ἴκτινος	kite (Milvus milvus)	0
iktis	ἴκτις	ἴκτις	beech marten (Martes foina)	0
ile	ἴλη	ἴλη	band, troop of men	0
indouros	ἴνδουρος	ἴνδουρος	mole (animal of the family Talpidae)	0
ixalos	ἴξαλος	ἴξαλος	castrated he-goat	0
ion	ἴον	ἴον	violet, namely sweet violet (Viola odorata)	0
ionthos	ἴονθος	ἴονθος	root of a hair, downy hair	0
ioulos	ἴουλος	ἴουλος	down, the first growth of the whiskers and beard	0
ipnon	ἴπνον	ἴπνον	common mare's tail (Hippuris vulgaris)	0
irinos	ἴρινος	ἴρινος	made from iris	0
isa	ἴσα	ἴσα	equal rights	0
isan	ἴσαν	εἶμι	to be going to go	0
ise	ἴση	ἴση	an equal share	0
ision	ἴσιον	ἴσιον	kind of purgative bark	0
iskai	ἴσκαι	ἴσκαι	fungus growing on oaks and walnut trees, used as a cautery	0
isko	ἴσκω	ἴσκω	to make like	0
isoi	ἴσοι	ἴσοι	equals	0
ison	ἴσον	ἴσον	level ground	0
isos	ἴσος	ἴσος	equal (to)	0
issa	ἴσσα	ἴσσα	exclamation of malicious triumph over another's distress	0
iston	ἴστων	οἶδα	to know	0
iskho	ἴσχω	ἴσχω	to hold back	0
isos	ἴσως	ἴσως	equally, fairly, equitably	0
iton	ἴτον	ἴτον	Thracian name for a kind of mushroom	0
itrion	ἴτριον	ἴτριον	cake made of sesame and honey	0
itus	ἴτυς	ἴτυς	felloe of a wheel	0
iphios	ἴφιος	ἴφιος	strong	0
iphuon	ἴφυον	ἴφυον	spike lavender (Lavandula latifolia)	0
ikhnia	ἴχνια	ἴχνιον	footstep, footprint	0
ikhnion	ἴχνιον	ἴχνιον	footstep, footprint	0
ikhnos	ἴχνος	ἴχνος	track	1
ips	ἴψ	ἴψ	worm which eats wood and horn	0
ipsos	ἴψος	ἴψος	cork oak (Quercus suber)	0
iops	ἴωψ	ἴωψ	small kind of fish	0
iugx	ἴϋγξ	ἴϋγξ	Eurasian wryneck (Jynx torquilla)	1
idruma	ἵδρυμα	ἵδρυμα	establishment, foundation	0
idrusis	ἵδρυσις	ἵδρυσις	founding, foundation, especially of temples	0
iei	ἵει	ἵημι	to release, let go	0
ieto	ἵετο	ἵημι	to release, let go	0
izema	ἵζημα	ἵζημα	subsidence, sinking	0
izo	ἵζω	ἵζω	to cause to sit, seat, place	0
iemi	ἵημι	ἵημι	to release, let go	0
ikane	ἵκανε	ἱκάνω	to arrive, come	0
ikanen	ἵκανεν	ἱκάνω	to arrive, come	0
ikanon	ἵκανον	ἱκάνω	to arrive, come	0
ikeai	ἵκηαι	ἱκνέομαι	to come, reach, arrive at	0
iketai	ἵκηται	ἱκνέομαι	to come, reach, arrive at	0
ikoio	ἵκοιο	ἱκνέομαι	to come, reach, arrive at	0
ikoito	ἵκοιτο	ἱκνέομαι	to come, reach, arrive at	0
ikonto	ἵκοντο	ἱκνέομαι	to come, reach, arrive at	0
iko	ἵκω	ἵκω	to come	0
ikontai	ἵκωνται	ἱκνέομαι	to come, reach, arrive at	0
ilaos	ἵλαος	ἵλαος	propitious, gracious, merciful	0
ilasma	ἵλασμα	ἵλασμα	propitiation	0
imasen	ἵμασεν	ἱμάσσω	to flog horses	0
imeros	ἵμερος	ἵμερος	yearning	0
ina	ἵνα	ἵνα	subordinating conjunction	0
ixesthai	ἵξεσθαι	ἱκνέομαι	to come, reach, arrive at	0
ippos	ἵππος	ἵππος	a horse, (feminine) a mare	1
ippouris	ἵππουρις	ἵππουρις	having a horse tail plume (of a helmet etc	0
ippouros	ἵππουρος	ἵππουρος	horse-tailed	0
iptamai	ἵπταμαι	πέτομαι	to fly	0
istasthe	ἵστασθε	ἵστημι	to stand	0
istemi	ἵστημι	ἵστημι	to stand	0
istes	ἵστης	ἵστημι	to stand	0
istor	ἵστωρ	ἵστωρ	judge (one who knows the law and what is right)	0
ibis	ἶβις	ἶβις	ibis	0
idux	ἶδυξ	ἶδυξ	beech marten (Martes foina)	0
iligx	ἶλιγξ	ἶλιγξ	whirlpool	1
ipos	ἶπος	ἶπος	piece of wood in a mousetrap, that falls and catches the rod	0
iris	ἶρις	ἶρις	rainbow	0
iphi	ἶφι	ἶφι	by force	0
obelia	ὀβελία	ὀβελία	tax of an obol	0
obelos	ὀβελός	ὀβελός	a spit, rod	1
obolos	ὀβολός	ὀβολός	obol, obolus, used at Athens as both a weight and a coin, eq	0
ogdoados	ὀγδοάδος	ὀγδοάς	The number eight	0
ogdoas	ὀγδοάς	ὀγδοάς	The number eight	0
ogdoais	ὀγδόαις	ὄγδοος	eighth	0
ogdoas	ὀγδόας	ὄγδοος	eighth	0
ogdoe	ὀγδόη	ὄγδοος	eighth	0
ogdoen	ὀγδόην	ὄγδοος	eighth	0
ogdoes	ὀγδόης	ὄγδοος	eighth	0
ogdoou	ὀγδόου	ὄγδοος	eighth	0
ogdoous	ὀγδόους	ὄγδοος	eighth	0
ogdoon	ὀγδόων	ὄγδοος	eighth	0
ogdoo	ὀγδόῳ	ὄγδοος	eighth	0
ogkeros	ὀγκηρός	ὀγκηρός	bulky, swollen	0
odax	ὀδάξ	ὀδάξ	with the teeth	0
odme	ὀδμή	ὀδμή	smell, scent, odour	0
odous	ὀδούς	ὀδούς	tooth	1
odunaon	ὀδυνάων	ὀδύνη	pain of body	0
oduneros	ὀδυνηρός	ὀδυνηρός	painful	0
odontas	ὀδόντας	ὀδούς	tooth	1
odontes	ὀδόντες	ὀδούς	tooth	1
odonti	ὀδόντι	ὀδούς	tooth	1
odontos	ὀδόντος	ὀδούς	tooth	1
odonton	ὀδόντων	ὀδούς	tooth	1
odunas	ὀδύνας	ὀδύνη	pain of body	0
odune	ὀδύνη	ὀδύνη	pain of body	0
odunesi	ὀδύνῃσι	ὀδύνη	pain of body	0
oduromai	ὀδύρομαι	ὀδύρομαι	to wail, weep, lament (for)	0
odon	ὀδών	ὀδούς	tooth	1
othone	ὀθόνη	ὀθόνη	fine linen cloth	0
othonna	ὀθόννα	ὀθόννα	greater celandine (Chelidonium majus)	0
oklas	ὀκλάς	ὀκλάς	bent hams	0
okneo	ὀκνέω	ὀκνέω	to shrink from, fear (doing something), hesitate, scruple (t	0
okneros	ὀκνηρός	ὀκνηρός	shrinking, timid, especially from fear	0
okris	ὀκρίς	ὀκρίς	rugged	0
okrioeis	ὀκριόεις	ὀκριόεις	having many points or rough places, rugged, jagged	0
oktapous	ὀκτάπους	ὀκτάπους	eight-footed	1
okto	ὀκτώ	ὀκτώ	eight	1
oktopous	ὀκτώπους	ὀκτώπους	eight-footed	1
olethrou	ὀλέθρου	ὄλεθρος	ruin, destruction, death, bane	0
olethro	ὀλέθρῳ	ὄλεθρος	ruin, destruction, death, bane	0
olekonto	ὀλέκοντο	ὀλέκω	to kill, destroy, or ruin	0
oleko	ὀλέκω	ὀλέκω	to kill, destroy, or ruin	0
oliga	ὀλίγα	ὀλίγος	few	1
oligai	ὀλίγαι	ὀλίγος	few	1
oligais	ὀλίγαις	ὀλίγος	few	1
olige	ὀλίγη	ὀλίγος	few	1
oligoi	ὀλίγοι	ὀλίγος	few	1
oligos	ὀλίγος	ὀλίγος	few	1
oligoros	ὀλίγωρος	ὀλίγωρος	dismissive, contemptuous	0
oloe	ὀλοή	ὀλοός	destructive	0
oloen	ὀλοήν	ὀλοός	destructive	0
ololuge	ὀλολυγή	ὀλολυγή	any loud cry, especially of women invoking a god	0
ololuzo	ὀλολύζω	ὀλολύζω	to cry aloud to the gods in prayer or thanksgiving, either w	0
olooio	ὀλοοῖο	ὀλοός	destructive	0
oloos	ὀλοός	ὀλοός	destructive	0
olos	ὀλός	ὀλός	ink of the cuttlefish	0
olurinos	ὀλύρινος	ὀλύρινος	made of ὄλῡρα (ólūra)	0
omikhle	ὀμίχλη	ὀμίχλη	mist, fog	0
ombreros	ὀμβρηρός	ὀμβρηρός	rainy, of rain	0
omeikho	ὀμείχω	ὀμείχω	to urinate	0
ommation	ὀμμάτιον	ὄμμα	eye	0
omphe	ὀμφή	ὀμφή	divine voice, oracle	0
omphalos	ὀμφαλός	ὀμφαλός	navel	1
omphuno	ὀμφύνω	ὀμφύνω	to make famous or honored	0
onemenos	ὀνήμενος	ὀνήμενος	one to whom ὄναιο (ónaio) or ὄναιτο (ónaito) is said, blesse	0
onesei	ὀνήσει	ὀνίνημι	to help, to support, to be useful	0
oninemi	ὀνίνημι	ὀνίνημι	to help, to support, to be useful	0
oniskos	ὀνίσκος	ὀνίσκος	a fish similar to a cod	0
onaio	ὀναῖο	ὀνίνημι	to help, to support, to be useful	0
oneidei	ὀνείδει	ὄνειδος	blame, reproach, criticism	0
oneidesi	ὀνείδεσι	ὄνειδος	blame, reproach, criticism	0
oneide	ὀνείδη	ὄνειδος	blame, reproach, criticism	0
oneidous	ὀνείδους	ὄνειδος	blame, reproach, criticism	0
oneiroin	ὀνείροιν	ὄνειρος	dream	1
oneirois	ὀνείροις	ὄνειρος	dream	1
oneirou	ὀνείρου	ὄνειρος	dream	1
oneirous	ὀνείρους	ὄνειρος	dream	1
oneiro	ὀνείρω	ὄνειρος	dream	1
oneiron	ὀνείρων	ὄνειρος	dream	1
oneidizo	ὀνειδίζω	ὀνειδίζω	to upbraid, reproach	0
oneidon	ὀνειδῶν	ὄνειδος	blame, reproach, criticism	0
onomazo	ὀνομάζω	ὀνομάζω	to speak of by name, address by name	0
onomeno	ὀνομήνω	ὀνομαίνω	to name	0
onomaino	ὀνομαίνω	ὀνομαίνω	to name	0
onumaino	ὀνυμαίνω	ὀνομαίνω	to name	0
onomaze	ὀνόμαζε	ὀνομάζω	to speak of by name, address by name	0
onomazen	ὀνόμαζεν	ὀνομάζω	to speak of by name, address by name	0
onomenen	ὀνόμηνεν	ὀνομαίνω	to name	0
onitis	ὀνῖτις	ὀνῖτις	pot marjoram (Origanum onites)	0
oxalme	ὀξάλμη	ὀξάλμη	sauce made of vinegar and brine	0
oxea	ὀξέα	ὀξέα	quickly	0
oxalis	ὀξαλίς	ὀξαλίς	sour wine	0
oxeia	ὀξεῖα	ὀξεῖα	oxia (the acute accent, indicating high or rising pitch)	1
oxumoros	ὀξυμώρως	ὀξυμώρως	oxymoronically	0
oxuoeis	ὀξυόεις	ὀξυόεις	sharp-pointed	0
oxu	ὀξύ	ὀξύ	vertex of a triangle	0
oxua	ὀξύα	ὀξύα	beech (Fagus sylvatica)	0
oxubaris	ὀξύβαρις	ὀξύβαρις	the circumflex accent	0
oxugala	ὀξύγαλα	ὀξύγαλα	sour milk, whey	1
oxugaron	ὀξύγαρον	ὀξύγαρον	sauce made of vinegar and garum	0
oxuggion	ὀξύγγιον	ὀξύγγιον	grease, lard	0
oxugonon	ὀξύγονον	ὀξύγονον	round pricklyhead poppy (Papaver hybridum)	0
oxumoron	ὀξύμωρον	ὀξύμωρον	oxymoron	0
oxumoros	ὀξύμωρος	ὀξύμωρος	pointedly foolish	0
oxuno	ὀξύνω	ὀξύνω	to sharpen	0
oxus	ὀξύς	ὀξύς	sharp	1
oxutes	ὀξύτης	ὀξύτης	sharpness, pointedness	0
oxutonos	ὀξύτονος	ὀξύτονος	sharp-sounding, piercing	1
oxuinos	ὀξύϊνος	ὀξύϊνος	made of beech wood	0
opazei	ὀπάζει	ὀπάζω	to join (someone to someone else) as a companion, guide, esc	0
opazo	ὀπάζω	ὀπάζω	to join (someone to someone else) as a companion, guide, esc	0
opallios	ὀπάλλιος	ὀπάλλιος	opal	0
opaon	ὀπάων	ὀπάων	comrade in war	0
ope	ὀπή	ὀπή	opening, hole, hollow	0
opi	ὀπί	ὄψ	voice	0
opiso	ὀπίσω	ὀπίσω	backwards	0
opados	ὀπαδός	ὀπηδός	attendant, companion	0
opaios	ὀπαῖος	ὀπαῖος	with a hole or opening	0
opedeo	ὀπηδέω	ὀπηδέω	to attend, accompany, follow	0
opedei	ὀπηδεῖ	ὀπηδέω	to attend, accompany, follow	0
opedos	ὀπηδός	ὀπηδός	attendant, companion	0
opidnos	ὀπιδνός	ὀπιδνός	dreadful, respectful	0
opipeuo	ὀπιπεύω	ὀπιπεύω	to stare at	0
opopanax	ὀποπάναξ	ὀποπάναξ	gum of opopanax	1
optao	ὀπτάω	ὀπτάω	to roast, broil or fry, toast, cook by means of fire or dry	0
option	ὀπτίων	ὀπτίων	assistant, especially in a military sense, aide-de-camp	0
optike	ὀπτική	ὀπτικός	optic, optical, visual	0
optikon	ὀπτικόν	ὀπτικός	optic, optical, visual	0
optikos	ὀπτικός	ὀπτικός	optic, optical, visual	0
optos	ὀπτός	ὀπτός	roasted, broiled, boiled	0
opope	ὀπωπή	ὀπωπή	sight, view	0
opopes	ὀπωπῆς	ὀπωπή	sight, view	0
oporinos	ὀπωρινός	ὀπωρινός	of or in autumn, autumnal	0
opos	ὀπός	ὀπός	juice, vegetable/plant juice	0
opora	ὀπώρα	ὀπώρα	the part of the year between the rising of Sirius and of Arc	0
orego	ὀρέγω	ὀρέγω	to reach, stretch, stretch out	0
oreessi	ὀρέεσσι	ὄρος	mountain	1
oreessin	ὀρέεσσιν	ὄρος	mountain	1
orexai	ὀρέξαι	ὀρέγω	to reach, stretch, stretch out	0
orexe	ὀρέξῃ	ὀρέγω	to reach, stretch, stretch out	0
oreoin	ὀρέοιν	ὄρος	mountain	1
oreoiin	ὀρέοιϊν	ὄρος	mountain	1
oreon	ὀρέων	ὄρος	mountain	1
origanon	ὀρίγανον	ὀρίγανον	oregano, marjoram	1
orindes	ὀρίνδης	ὀρίνδης	bread made of rice	0
orintes	ὀρίντης	ὀρίντης	exciter	0
orino	ὀρίνω	ὀρίνω	to stir, rouse, arouse, move	0
orgas	ὀργάς	ὀργή	temper, temperament, disposition, nature, heart	0
orgao	ὀργάω	ὀργάω	to ripen	0
orge	ὀργή	ὀργή	temper, temperament, disposition, nature, heart	0
orgen	ὀργήν	ὀργή	temper, temperament, disposition, nature, heart	0
orgizo	ὀργίζω	ὀργίζω	to anger, irritate	0
orgilos	ὀργίλος	ὀργίλος	inclined to anger	0
orgilos	ὀργίλως	ὀργίλως	angrily	0
orgai	ὀργαί	ὀργή	temper, temperament, disposition, nature, heart	0
orgasmos	ὀργασμός	ὀργασμός	orgasm	1
orgais	ὀργαῖς	ὀργή	temper, temperament, disposition, nature, heart	0
orges	ὀργῆς	ὀργή	temper, temperament, disposition, nature, heart	0
orgon	ὀργῶν	ὀργή	temper, temperament, disposition, nature, heart	0
oreinos	ὀρεινός	ὀρεινός	mountainous	0
orektos	ὀρεκτός	ὀρεκτός	stretched out	0
oreus	ὀρεύς	ὀρεύς	mule, beast of burden	0
ortha	ὀρθά	ὀρθός	straight, upright, standing, rearing (of horses)	1
orthas	ὀρθάς	ὀρθός	straight, upright, standing, rearing (of horses)	1
orthe	ὀρθέ	ὀρθός	straight, upright, standing, rearing (of horses)	1
orthen	ὀρθήν	ὀρθός	straight, upright, standing, rearing (of horses)	1
orthiax	ὀρθίαξ	ὀρθίαξ	lower part of a mast	0
orthai	ὀρθαί	ὀρθός	straight, upright, standing, rearing (of horses)	1
orthain	ὀρθαῖν	ὀρθός	straight, upright, standing, rearing (of horses)	1
orthais	ὀρθαῖς	ὀρθός	straight, upright, standing, rearing (of horses)	1
orthoi	ὀρθοί	ὀρθός	straight, upright, standing, rearing (of horses)	1
orthous	ὀρθούς	ὀρθός	straight, upright, standing, rearing (of horses)	1
orthois	ὀρθοῖς	ὀρθός	straight, upright, standing, rearing (of horses)	1
orthou	ὀρθοῦ	ὀρθός	straight, upright, standing, rearing (of horses)	1
orthon	ὀρθόν	ὀρθός	straight, upright, standing, rearing (of horses)	1
orthos	ὀρθός	ὀρθός	straight, upright, standing, rearing (of horses)	1
orthoo	ὀρθόω	ὀρθόω	to set upright, raise up (something or someone that has fall	0
orthes	ὀρθῆς	ὀρθός	straight, upright, standing, rearing (of horses)	1
orthos	ὀρθῶς	ὀρθῶς	correctly	0
ortho	ὀρθῷ	ὀρθός	straight, upright, standing, rearing (of horses)	1
orothuno	ὀροθύνω	ὀροθύνω	to stir up, rouse, urge on, excite	0
orophe	ὀροφή	ὀροφή	ceiling	0
orousas	ὀρούσας	ὀρούω	to rush, spring, hurry	0
orouo	ὀρούω	ὀρούω	to rush, spring, hurry	0
oroin	ὀροῖν	ὄρος	mountain	1
orrodeo	ὀρρωδέω	ὀρρωδέω	to fear, dread (with accusative / περί τινος / ὑπέρ τινος /	0
ortalis	ὀρταλίς	ὀρταλίς	hen, fowl	0
ortukion	ὀρτύκιον	ὀρτύκιον	quail (bird)	0
orua	ὀρυά	ὀρυά	kind of quarrying tool, perhaps a pickaxe	0
orukter	ὀρυκτήρ	ὀρυκτήρ	miner	1
oruktos	ὀρυκτός	ὀρυκτός	formed by digging	1
orphanos	ὀρφανός	ὀρφανός	left orphan, without parents	1
orphnos	ὀρφνός	ὀρφνός	dark, dusky	0
orphos	ὀρφώς	ὀρφώς	dusky grouper (Epinephelus marginatus)	1
orobax	ὀρόβαξ	ὀρόβαξ	common peony (Paeonia officinalis)	0
orobinos	ὀρόβινος	ὀρόβινος	made of bitter vetch	0
orontion	ὀρόντιον	ὀρόντιον	cuckoopint (Arum maculatum), a remedy for jaundice	0
oros	ὀρός	ὀρός	whey, the watery part of milk	0
oruzion	ὀρύζιον	ὀρύζιον	rice	0
orusso	ὀρύσσω	ὀρύσσω	to dig	0
oron	ὀρῶν	ὄρος	mountain	1
osme	ὀσμή	ὀσμή	smell, scent, odour	0
osmetos	ὀσμητός	ὀσμητός	smelled, that which can be smelled	0
osmule	ὀσμύλη	ὀσμύλη	curled octopus, a kind of octopus of the species Eledone cir	0
ostarion	ὀστάριον	ὀστάριον	little bone, small piece of bone	0
ostea	ὀστέα	ὀστέον	bone	0
osteoin	ὀστέοιν	ὀστέον	bone	0
osteoio	ὀστέοιο	ὀστέον	bone	0
osteois	ὀστέοις	ὀστέον	bone	0
osteoisi	ὀστέοισι	ὀστέον	bone	0
osteoiin	ὀστέοιϊν	ὀστέον	bone	0
osteon	ὀστέον	ὀστέον	bone	0
osteou	ὀστέου	ὀστέον	bone	0
osteo	ὀστέω	ὀστέον	bone	0
osteinos	ὀστέϊνος	ὀστέϊνος	made of bones	0
ostoun	ὀστοῦν	ὀστέον	bone	0
ostrakis	ὀστρακίς	ὀστρακίς	pinecone or pine nut	0
ostrua	ὀστρύα	ὀστρύα	common hophornbeam (Ostrya carpinifolia)	0
osphus	ὀσφῦς	ὀσφῦς	hips or loins	0
otreros	ὀτρηρός	ὀτρηρός	quick, nimble, ready	0
otruno	ὀτρύνω	ὀτρύνω	to stir up, rouse, encourage	0
ophellei	ὀφέλλει	ὀφέλλω	to increase, enlarge, elevate, strengthen	0
ophello	ὀφέλλω	ὀφέλλω	to increase, enlarge, elevate, strengthen	0
opheilo	ὀφείλω	ὀφείλω	to owe	0
ophthese	ὀφθήσῃ	ὁράω	to look with the eyes	0
ophtheto	ὀφθήτω	ὁράω	to look with the eyes	0
ophtheie	ὀφθείη	ὁράω	to look with the eyes	0
ophtheis	ὀφθείς	ὁράω	to look with the eyes	0
ophthete	ὀφθῆτε	ὁράω	to look with the eyes	0
ophthe	ὀφθῇ	ὁράω	to look with the eyes	0
ophthes	ὀφθῇς	ὁράω	to look with the eyes	0
ophthosi	ὀφθῶσι	ὁράω	to look with the eyes	0
ophnis	ὀφνίς	ὀφνίς	ploughshare	0
ophrus	ὀφρύς	ὀφρύς	eyebrow	0
okheo	ὀχέω	ὀχέω	to bear, to carry either through space or time	0
okheon	ὀχέων	ὄχεα	a chariot	0
okhetos	ὀχετός	ὀχετός	waterpipe, conduit, channel, aqueduct	0
okheus	ὀχεύς	ὀχεύς	chinstrap (strip used to fasten a hat or helmet under the ch	0
okhtheo	ὀχθέω	ὀχθέω	to be troubled or angered	0
okhuros	ὀχυρός	ὀχυρός	firm, lasting, stout	0
okhuroma	ὀχύρωμα	ὀχύρωμα	stronghold, fortress, bastion, citadel, castle (a place that	0
okhea	ὀχῆα	ὀχεύς	chinstrap (strip used to fasten a hat or helmet under the ch	0
okheas	ὀχῆας	ὀχεύς	chinstrap (strip used to fasten a hat or helmet under the ch	0
okhees	ὀχῆες	ὀχεύς	chinstrap (strip used to fasten a hat or helmet under the ch	0
opsarion	ὀψάριον	ὀψάριον	small plate of food (in particular fish)	0
opse	ὀψέ	ὀψέ	late	1
opsoimen	ὀψοίμην	ὁράω	to look with the eyes	0
opsoneo	ὀψωνέω	ὀψωνέω	to buy fish	0
opsonion	ὀψώνιον	ὀψώνιον	salary, wages, pay, allowance	0
oisteuo	ὀϊστεύω	ὀϊστεύω	to shoot arrows	0
oistoi	ὀϊστοί	ὀϊστός	arrow	0
oiston	ὀϊστόν	ὀϊστός	arrow	0
oistos	ὀϊστός	ὀϊστός	arrow	0
oisto	ὀϊστῷ	ὀϊστός	arrow	0
ode	ὁδέ	ὁδός	road	1
odites	ὁδίτης	ὁδίτης	wayfarer, traveler	0
odaios	ὁδαῖος	ὁδαῖος	in or on the way	0
odege	ὁδηγέ	ὁδηγός	guide, helper, instructor, teacher	0
odegeo	ὁδηγέω	ὁδηγέω	to lead (one upon their way), guide	0
odegia	ὁδηγία	ὁδηγία	guiding, teaching	0
odegoi	ὁδηγοί	ὁδηγός	guide, helper, instructor, teacher	0
odegous	ὁδηγούς	ὁδηγός	guide, helper, instructor, teacher	0
odegois	ὁδηγοῖς	ὁδηγός	guide, helper, instructor, teacher	0
odegou	ὁδηγοῦ	ὁδηγός	guide, helper, instructor, teacher	0
odegon	ὁδηγόν	ὁδηγός	guide, helper, instructor, teacher	0
odegos	ὁδηγός	ὁδηγός	guide, helper, instructor, teacher	0
odego	ὁδηγῷ	ὁδηγός	guide, helper, instructor, teacher	0
odoi	ὁδοί	ὁδός	road	1
odous	ὁδούς	ὁδός	road	1
odoin	ὁδοῖν	ὁδός	road	1
odoio	ὁδοῖο	ὁδός	road	1
odois	ὁδοῖς	ὁδός	road	1
odoisi	ὁδοῖσι	ὁδός	road	1
odou	ὁδοῦ	ὁδός	road	1
odon	ὁδόν	ὁδός	road	1
odos	ὁδός	ὁδός	road	1
odo	ὁδώ	ὁδός	road	1
odo	ὁδῷ	ὁδῷ	methodically	0
olkas	ὁλκάς	ὁλκάς	cargo ship, merchant ship	1
olkos	ὁλκός	ὁλκός	drawing to oneself, attractive	0
olmiskos	ὁλμίσκος	ὁλμίσκος	socket of the hinge of a door	0
olosteon	ὁλόστεον	ὁλόστεον	a plantain of species Plantago albicans	0
oma	ὁμά	ὁμός	same, common, joint	1
omadesan	ὁμάδησαν	ὁμαδέω	to make a din, make aloud noise	0
omado	ὁμάδῳ	ὅμαδος	noise, din, especially of the voices of men	0
omas	ὁμάς	ὁμάς	the whole	0
ome	ὁμέ	ὁμός	same, common, joint	1
omen	ὁμήν	ὁμός	same, common, joint	1
omeroin	ὁμήροιν	ὅμηρος	pledge	0
omerois	ὁμήροις	ὅμηρος	pledge	0
omerou	ὁμήρου	ὅμηρος	pledge	0
omerous	ὁμήρους	ὅμηρος	pledge	0
omero	ὁμήρω	ὅμηρος	pledge	0
omeron	ὁμήρων	ὅμηρος	pledge	0
omai	ὁμαί	ὁμός	same, common, joint	1
omadeo	ὁμαδέω	ὁμαδέω	to make a din, make aloud noise	0
omalos	ὁμαλός	ὁμαλός	even, level	0
omarteo	ὁμαρτέω	ὁμαρτέω	to act together	0
omain	ὁμαῖν	ὁμός	same, common, joint	1
omais	ὁμαῖς	ὁμός	same, common, joint	1
omegeres	ὁμηγερής	ὁμηγερής	gathered together, assembled	0
omelikie	ὁμηλικίη	ὁμηλικίη	sameness of age	0
omileo	ὁμιλέω	ὁμιλέω	to be with, keep company	0
omilia	ὁμιλία	ὁμιλία	intercourse, interaction, company	0
omiletes	ὁμιλητής	ὁμιλητής	disciple, scholar	0
omoi	ὁμοί	ὁμός	same, common, joint	1
omoia	ὁμοία	ὅμοιος	like, resembling [with dative ‘someone, something’], similar	0
omoiais	ὁμοίαις	ὅμοιος	like, resembling [with dative ‘someone, something’], similar	0
omoian	ὁμοίαν	ὅμοιος	like, resembling [with dative ‘someone, something’], similar	0
omoias	ὁμοίας	ὅμοιος	like, resembling [with dative ‘someone, something’], similar	0
omoiios	ὁμοίιος	ὅμοιος	like, resembling [with dative ‘someone, something’], similar	0
omoiois	ὁμοίοις	ὅμοιος	like, resembling [with dative ‘someone, something’], similar	0
omoiou	ὁμοίου	ὅμοιος	like, resembling [with dative ‘someone, something’], similar	0
omoious	ὁμοίους	ὅμοιος	like, resembling [with dative ‘someone, something’], similar	0
omoio	ὁμοίω	ὅμοιος	like, resembling [with dative ‘someone, something’], similar	0
omoion	ὁμοίων	ὅμοιος	like, resembling [with dative ‘someone, something’], similar	0
omoios	ὁμοίως	ὁμοίως	In like manner, similarly	0
omoiosis	ὁμοίωσις	ὁμοίωσις	likeness, resemblance	0
omogenes	ὁμογενής	ὁμογενής	of the same race, family or kind	0
omoiotes	ὁμοιότης	ὁμοιότης	likeness, similarity	0
omoioo	ὁμοιόω	ὁμοιόω	to make similar, assimilate	0
omokleo	ὁμοκλέω	ὁμοκλέω	to call out together	0
omokleon	ὁμοκλέων	ὁμοκλέω	to call out together	0
omokle	ὁμοκλή	ὁμοκλή	a joint call	0
omoklen	ὁμοκλήν	ὁμοκλή	a joint call	0
omologeo	ὁμολογέω	ὁμολογέω	to agree with	1
omologia	ὁμολογία	ὁμολογία	agreement, assent	0
omopator	ὁμοπάτωρ	ὁμοπάτωρ	with the same father	0
omous	ὁμούς	ὁμός	same, common, joint	1
omoin	ὁμοῖν	ὁμός	same, common, joint	1
omoios	ὅμοιος	ὅμοιος	like, resembling [with dative ‘someone, something’], similar	0
omois	ὁμοῖς	ὁμός	same, common, joint	1
omou	ὁμοῦ	ὁμοῦ	At the same place	0
omothen	ὁμόθεν	ὁμόθεν	from the same place, from the same source	0
omologos	ὁμόλογος	ὁμόλογος	in agreement, of one mind	1
omon	ὁμόν	ὁμός	same, common, joint	1
omorois	ὁμόροις	ὅμορος	bordering, neighboring	0
omorou	ὁμόρου	ὅμορος	bordering, neighboring	0
omorous	ὁμόρους	ὅμορος	bordering, neighboring	0
omoron	ὁμόρων	ὅμορος	bordering, neighboring	0
omoro	ὁμόρῳ	ὅμορος	bordering, neighboring	0
omos	ὁμός	ὁμός	same, common, joint	1
omose	ὁμόσε	ὁμόσε	to one and the same place	0
omo	ὁμώ	ὁμός	same, common, joint	1
omonumos	ὁμώνυμος	ὁμώνυμος	having the same name, homonymous	0
omelix	ὁμῆλιξ	ὁμῆλιξ	of the same age	0
omes	ὁμῆς	ὁμός	same, common, joint	1
omos	ὁμῶς	ὁμῶς	together	0
opelikos	ὁπηλίκος	ὁπηλίκος	however big or small, how big	0
openika	ὁπηνίκα	ὁπηνίκα	at what point in time, at what hour, on what day	0
ople	ὁπλή	ὁπλή	hoof	0
oplizo	ὁπλίζω	ὁπλίζω	to arm (supply with armour or weapons)	0
oplites	ὁπλίτης	ὁπλίτης	one who is armed, heavily armored	0
opoia	ὁποία	ὁποῖος	of what sort or quality	0
opoiais	ὁποίαις	ὁποῖος	of what sort or quality	0
opoian	ὁποίαν	ὁποῖος	of what sort or quality	0
opoias	ὁποίας	ὁποῖος	of what sort or quality	0
opoiois	ὁποίοις	ὁποῖος	of what sort or quality	0
opoiou	ὁποίου	ὁποῖος	of what sort or quality	0
opoious	ὁποίους	ὁποῖος	of what sort or quality	0
opoion	ὁποίων	ὁποῖος	of what sort or quality	0
opoio	ὁποίῳ	ὁποῖος	of what sort or quality	0
oposakis	ὁποσάκις	ὁποσάκις	as many times as	0
opotera	ὁποτέρα	ὁπότερος	whichever of two	0
opoteron	ὁποτέρων	ὁπότερος	whichever of two	0
opoteros	ὁποτέρως	ὁποτέρως	in which of two ways	0
opoiai	ὁποῖαι	ὁποῖος	of what sort or quality	0
opoie	ὁποῖε	ὁποῖος	of what sort or quality	0
opoioi	ὁποῖοι	ὁποῖος	of what sort or quality	0
opoios	ὁποῖος	ὁποῖος	of what sort or quality	0
oppothen	ὁππόθεν	ὁπόθεν	whence, from what place	0
oppote	ὁππότε	ὁπότε	when (mostly in reference to the past)	0
oppemos	ὁππῆμος	ὁππῆμος	when	0
oposoun	ὁπωσοῦν	ὁπωσοῦν	in any way whatever, in some way or other	0
opothen	ὁπόθεν	ὁπόθεν	whence, from what place	0
opothi	ὁπόθι	ὁπόθι	where	0
oposa	ὁπόσα	ὁπόσος	as many as	0
oposai	ὁπόσαι	ὁπόσος	as many as	0
oposain	ὁπόσαιν	ὁπόσος	as many as	0
oposais	ὁπόσαις	ὁπόσος	as many as	0
oposas	ὁπόσας	ὁπόσος	as many as	0
opose	ὁπόσε	ὁπόσος	as many as	0
oposen	ὁπόσην	ὁπόσος	as many as	0
oposes	ὁπόσης	ὁπόσος	as many as	0
oposoi	ὁπόσοι	ὁπόσος	as many as	0
oposoin	ὁπόσοιν	ὁπόσος	as many as	0
oposois	ὁπόσοις	ὁπόσος	as many as	0
oposon	ὁπόσον	ὁπόσος	as many as	0
oposos	ὁπόσος	ὁπόσος	as many as	0
oposou	ὁπόσου	ὁπόσος	as many as	0
oposous	ὁπόσους	ὁπόσος	as many as	0
opostos	ὁπόστος	ὁπόστος	in what or which place in numerical order	0
oposo	ὁπόσω	ὁπόσος	as many as	0
opotan	ὁπόταν	ὁπόταν	See ὁπότε (hopóte) and ᾰ̓́ν (ắn)	0
opote	ὁπότε	ὁπότε	when (mostly in reference to the past)	0
opoteros	ὁπότερος	ὁπότερος	whichever of two	0
orao	ὁράω	ὁράω	to look with the eyes	0
oraas	ὁράᾳς	ὁράω	to look with the eyes	0
orizein	ὁρίζειν	ὁρίζω	to divide, separate from	0
orizo	ὁρίζω	ὁρίζω	to divide, separate from	0
orizon	ὁρίζων	ὁρίζων	horizon	0
orismos	ὁρισμός	ὁρισμός	marking out by boundaries, limitation	0
orista	ὁριστά	ὁριστός	separable, definite	0
oristas	ὁριστάς	ὁριστός	separable, definite	0
oriste	ὁριστέ	ὁριστός	separable, definite	0
oristen	ὁριστήν	ὁριστός	separable, definite	0
oristai	ὁρισταί	ὁριστός	separable, definite	0
oristais	ὁρισταῖς	ὁριστός	separable, definite	0
oristoi	ὁριστοί	ὁριστός	separable, definite	0
oristous	ὁριστούς	ὁριστός	separable, definite	0
oristois	ὁριστοῖς	ὁριστός	separable, definite	0
oristou	ὁριστοῦ	ὁριστός	separable, definite	0
oriston	ὁριστόν	ὁριστός	separable, definite	0
oristos	ὁριστός	ὁριστός	separable, definite	0
oristes	ὁριστῆς	ὁριστός	separable, definite	0
oristo	ὁριστῷ	ὁριστός	separable, definite	0
ormas	ὁρμάς	ὁρμή	violent pressure, assault, force	1
ormao	ὁρμάω	ὁρμάω	to set in motion, urge on, inspire	0
ormeo	ὁρμέω	ὁρμέω	to be moored, lie at anchor	0
orme	ὁρμή	ὁρμή	violent pressure, assault, force	1
ormethe	ὁρμήθη	ὁρμάω	to set in motion, urge on, inspire	0
ormen	ὁρμήν	ὁρμή	violent pressure, assault, force	1
ormesai	ὁρμήσαι	ὁρμάω	to set in motion, urge on, inspire	0
ormeseie	ὁρμήσειε	ὁρμάω	to set in motion, urge on, inspire	0
ormizo	ὁρμίζω	ὁρμίζω	to bring to a safe anchorage, bring into harbour, to moor, a	0
ormiskos	ὁρμίσκος	ὁρμίσκος	small necklace	0
ormai	ὁρμαί	ὁρμή	violent pressure, assault, force	1
ormaino	ὁρμαίνω	ὁρμαίνω	to incite, stir up	0
ormainon	ὁρμαίνων	ὁρμαίνω	to incite, stir up	0
ormathos	ὁρμαθός	ὁρμαθός	string, chain or cluster of things hanging one from the othe	0
ormais	ὁρμαῖς	ὁρμή	violent pressure, assault, force	1
orman	ὁρμᾶν	ὁρμάω	to set in motion, urge on, inspire	0
ormes	ὁρμῆς	ὁρμή	violent pressure, assault, force	1
ormo	ὁρμῶ	ὁρμάω	to set in motion, urge on, inspire	0
ormon	ὁρμῶν	ὁρμή	violent pressure, assault, force	1
oroo	ὁρόω	ὁράω	to look with the eyes	0
oroon	ὁρόων	ὁράω	to look with the eyes	0
oromenos	ὁρώμενος	ὁράω	to look with the eyes	0
oran	ὁρᾶν	ὁράω	to look with the eyes	0
orasthai	ὁρᾶσθαι	ὁράω	to look with the eyes	0
oratai	ὁρᾶται	ὁράω	to look with the eyes	0
orate	ὁρᾶτε	ὁράω	to look with the eyes	0
orato	ὁρᾶτο	ὁράω	to look with the eyes	0
ora	ὁρᾷ	ὁράω	to look with the eyes	0
oras	ὁρᾷς	ὁράω	to look with the eyes	0
oroe	ὁρῴη	ὁράω	to look with the eyes	0
oroemen	ὁρῴημεν	ὁράω	to look with the eyes	0
oroen	ὁρῴην	ὁράω	to look with the eyes	0
oroes	ὁρῴης	ὁράω	to look with the eyes	0
oro	ὁρῶ	ὁράω	to look with the eyes	0
oromai	ὁρῶμαι	ὁράω	to look with the eyes	0
oromen	ὁρῶμεν	ὁράω	to look with the eyes	0
oron	ὁρῶν	ὁράω	to look with the eyes	0
orontai	ὁρῶνται	ὁράω	to look with the eyes	0
oros	ὁρῷς	ὁράω	to look with the eyes	0
orote	ὁρῷτε	ὁράω	to look with the eyes	0
osakis	ὁσάκις	ὁσάκις	as many times as, as often as	0
oseon	ὁσέων	ὅσος	often as anaphor to τόσος, or πᾶς, ἅπας as much as, how much	0
osia	ὁσία	ὅσιος	pious, hallowed, sanctioned by the gods	0
osiotes	ὁσιότης	ὁσιότης	piety	0
ospition	ὁσπίτιον	ὁσπίτιον	house, home	0
ote	ὁτέ	ὁτέ	sometimes	0
oar	ὄαρ	ὄαρ	wife, spouse	0
obria	ὄβρια	ὄβρια	cubs of wild animals	0
obrimos	ὄβριμος	ὄβριμος	strong, mighty, stout	0
obruza	ὄβρυζα	ὄβρυζα	assaying of gold	0
obruzon	ὄβρυζον	ὄβρυζον	pure gold	0
obruzos	ὄβρυζος	ὄβρυζος	having come through a fire test	0
ogdooi	ὄγδοοι	ὄγδοος	eighth	0
ogdoos	ὄγδοος	ὄγδοος	eighth	0
ogkinos	ὄγκινος	ὄγκινος	hook	0
ogkos	ὄγκος	ὄγκος	bend, curve, angle	1
ogmos	ὄγμος	ὄγμος	furrow in ploughing	0
ogkhne	ὄγχνη	ὄγχνη	pear tree (Pyrus communis)	0
ozaina	ὄζαινα	ὄζαινα	ozaena, a type of chronic rhinitis	0
ozos	ὄζος	ὄζος	bough, branch, twig	0
ozo	ὄζω	ὄζω	to smell (i	0
ozon	ὄζων	ὄζω	to smell (i	0
ozo	ὄζῳ	ὄζος	bough, branch, twig	0
othomai	ὄθομαι	ὄθομαι	to care about	0
oknos	ὄκνος	ὄκνος	shrinking, hesitation	0
okris	ὄκρις	ὄκρις	point, prominence	0
olbia	ὄλβια	ὄλβιος	happy, blessed, blest	0
olbios	ὄλβιος	ὄλβιος	happy, blessed, blest	0
olbon	ὄλβον	ὄλβος	wealth, prosperity, riches	0
olbos	ὄλβος	ὄλβος	wealth, prosperity, riches	0
olethron	ὄλεθρον	ὄλεθρος	ruin, destruction, death, bane	0
olethros	ὄλεθρος	ὄλεθρος	ruin, destruction, death, bane	0
oliggos	ὄλιγγος	ὄλιγγος	kind of locust	0
olinoi	ὄλινοι	ὄλινοι	sheaves of barley	0
olisbos	ὄλισβος	ὄλισβος	dildo, leathern penis	1
ollix	ὄλλιξ	ὄλλιξ	wooden drinking bowl	0
ollumi	ὄλλυμι	ὄλλυμι	to destroy, make an end of	0
olpe	ὄλπη	ὄλπη	leathern flask for oil	1
olunthos	ὄλυνθος	ὄλυνθος	fruit of the wild fig	0
olura	ὄλυρα	ὄλυρα	A kind of grain, probably spelt	0
ombros	ὄμβρος	ὄμβρος	storm of rain, thunderstorm, sent by Zeus	0
ombro	ὄμβρῳ	ὄμβρος	storm of rain, thunderstorm, sent by Zeus	0
omeikhma	ὄμειχμα	ὄμειχμα	urine	0
omma	ὄμμα	ὄμμα	eye	0
omnumi	ὄμνυμι	ὄμνυμι	to swear	0
ompne	ὄμπνη	ὄμπνη	nourishment	0
ompnes	ὄμπνης	ὄμπνη	nourishment	0
omphax	ὄμφαξ	ὄμφαξ	unripe grape, also of olives	0
onagros	ὄναγρος	ὄναγρος	onager	1
onar	ὄναρ	ὄναρ	dream	0
one	ὄνε	ὄνος	ass	0
oneiar	ὄνειαρ	ὄνειαρ	boon, advantage	0
oneidos	ὄνειδος	ὄνειδος	blame, reproach, criticism	0
oneire	ὄνειρε	ὄνειρος	dream	1
oneiroi	ὄνειροι	ὄνειρος	dream	1
oneiros	ὄνειρος	ὄνειρος	dream	1
onthos	ὄνθος	ὄνθος	dung of animals	0
onoi	ὄνοι	ὄνος	ass	0
onoin	ὄνοιν	ὄνος	ass	0
onois	ὄνοις	ὄνος	ass	0
onoma	ὄνομα	ὄνομα	name	1
onomai	ὄνομαι	ὄνομαι	to blame, scold	0
onon	ὄνον	ὄνος	ass	0
onos	ὄνος	ὄνος	ass	0
onosma	ὄνοσμα	ὄνοσμα	stone bugloss	0
onou	ὄνου	ὄνος	ass	0
onous	ὄνους	ὄνος	ass	0
onta	ὄντα	ὄντα	things which actually exist, opposed to past and future	0
ontas	ὄντας	ὤν	actual	0
onte	ὄντε	ὤν	actual	0
ontes	ὄντες	ὤν	actual	0
onti	ὄντι	ὤν	actual	0
ontoin	ὄντοιν	ὤν	actual	0
ontos	ὄντος	ὤν	actual	0
onton	ὄντων	εἰμί	to be	0
ontos	ὄντως	ὄντως	truly, in reality	0
onuma	ὄνυμα	ὄνυμα	Lyric, Aeolic, and Laconian form of ὄνομᾰ (ónomă)	1
onux	ὄνυξ	ὄνυξ	claw	1
ono	ὄνω	ὄνος	ass	0
ononis	ὄνωνις	ὄνωνις	restharrow (Ononis spinosa)	0
oxos	ὄξος	ὄξος	poor wine	0
ooin	ὄοιν	ὄον	the sorb apple, fruit of the service tree	0
oois	ὄοις	ὄον	the sorb apple, fruit of the service tree	0
oon	ὄον	ὄον	the sorb apple, fruit of the service tree	0
oou	ὄου	ὄον	the sorb apple, fruit of the service tree	0
opa	ὄπα	ὄψ	voice	0
opasse	ὄπασσε	ὀπάζω	to join (someone to someone else) as a companion, guide, esc	0
opeas	ὄπεας	ὄπεας	awl	0
opion	ὄπιον	ὄπιον	poppy juice, opium	1
opis	ὄπις	ὄπις	vengeance of the gods for transgressing divine laws	0
opisthen	ὄπισθεν	ὄπισθεν	behind	0
opope	ὄπωπε	ὁράω	to look with the eyes	0
organon	ὄργανον	ὄργανον	instrument, implement, tool	1
orgia	ὄργια	ὄργια	secret rites, secret worship, practiced by the initiated	0
orguia	ὄργυια	ὄργυια	fathom	0
orea	ὄρεα	ὄρος	mountain	1
oree	ὄρεε	ὄρος	mountain	1
orei	ὄρει	ὄρος	mountain	1
orexis	ὄρεξις	ὄρεξις	yearning, longing, desire, appetite	0
oreos	ὄρεος	ὄρος	mountain	1
oresi	ὄρεσι	ὄρος	mountain	1
oresin	ὄρεσιν	ὄρος	mountain	1
oressi	ὄρεσσι	ὄρος	mountain	1
oressin	ὄρεσσιν	ὄρος	mountain	1
oresphi	ὄρεσφι	ὄρος	mountain	1
oresphin	ὄρεσφιν	ὄρος	mountain	1
oreus	ὄρευς	ὄρος	mountain	1
ore	ὄρη	ὄρος	mountain	1
orthios	ὄρθιος	ὄρθιος	straight, steep, uphill	0
orthros	ὄρθρος	ὄρθρος	The time immediately before or around sunrise	0
orkus	ὄρκυς	ὄρκυς	large kind of tunny	0
ormenos	ὄρμενος	ὄρμενος	shoot, sprout or stem, stalk (especially of cabbage and aspa	0
orneon	ὄρνεον	ὄρνεον	a bird	0
ornis	ὄρνις	ὄρνις	bird	0
ornumi	ὄρνυμι	ὄρνυμι	to set upon	0
orobos	ὄροβος	ὄροβος	bitter vetch (Vicia ervilia)	0
oros	ὄρος	ὄρος	mountain	1
orous	ὄρους	ὄρος	mountain	1
orousan	ὄρουσαν	ὀρούω	to rush, spring, hurry	0
orousen	ὄρουσεν	ὀρούω	to rush, spring, hurry	0
orophos	ὄροφος	ὄροφος	reed used for thatching houses	0
orpeton	ὄρπετον	ἑρπετόν	Any animal which walks on four legs	1
orpex	ὄρπηξ	ὄρπηξ	sapling, sprig, young shoot	0
orros	ὄρρος	ὄρρος	butt, ass	0
ortux	ὄρτυξ	ὄρτυξ	common quail (Coturnix coturnix)	0
orugma	ὄρυγμα	ὄρυγμα	trench, ditch, moat	0
oruza	ὄρυζα	ὄρυζα	rice (Oryza sativa)	1
orux	ὄρυξ	ὄρυξ	a pickaxe or other sharp iron digging tool	0
orphne	ὄρφνη	ὄρφνη	darkness of night, night	0
orkhamos	ὄρχαμος	ὄρχαμος	chief, leader	0
orkhis	ὄρχις	ὄρχις	testicle	1
orkhos	ὄρχος	ὄρχος	row of vines or fruit trees	0
osdo	ὄσδω	ὄζω	to smell (i	0
osiris	ὄσιρις	ὄσιρις	osyris (Osyris alba)	0
osprion	ὄσπριον	ὄσπριον	pulse, legume (of all kinds)	0
ossa	ὄσσα	ὄσσα	a rumour, which, from its origin being unknown, was held div	0
osse	ὄσσε	ὄσσε	eyes	0
ossois	ὄσσοις	ὄσσε	eyes	0
ossoisi	ὄσσοισι	ὄσσε	eyes	0
ossoisin	ὄσσοισιν	ὄσσε	eyes	0
ossomai	ὄσσομαι	ὄσσομαι	to see with the mind's eye	0
osson	ὄσσων	ὄσσε	eyes	0
ostligx	ὄστλιγξ	ὄστλιγξ	curled hair, lock of hair	0
ostrakon	ὄστρακον	ὄστρακον	earthen vessel	0
ostreon	ὄστρεον	ὄστρεον	bivalve	1
ostrimon	ὄστριμον	ὄστριμον	byre, stable, fold, enclosure for cattle	0
oskhe	ὄσχη	ὄσχη	scrotum	0
oskhion	ὄσχιον	ὄσχιον	raised margin of the womb	0
otlos	ὄτλος	ὄτλος	suffering, distress, burden	0
otobos	ὄτοβος	ὄτοβος	any loud noise, as the din of battle	0
opheles	ὄφελες	ὀφείλω	to owe	0
ophelma	ὄφελμα	ὄφελμα	increase, advantage	0
ophelon	ὄφελον	ὄφελον	if only, I wish that	0
ophelos	ὄφελος	ὄφελος	furtherance, advantage, help, good, benefit	0
ophtheti	ὄφθητι	ὁράω	to look with the eyes	0
ophis	ὄφις	ὄφις	serpent	0
ophra	ὄφρα	ὄφρα	in order that (with subjunctive or optative)	0
okha	ὄχα	ὄχα	by far	0
okhanon	ὄχανον	ὄχανον	bar or band fastened crosswise on the under side of the shie	0
okhe	ὄχε	ὄχος	anything which holds or bears	0
okhea	ὄχεα	ὄχεα	a chariot	0
okhema	ὄχημα	ὄχημα	anything that bears or supports, prop, stay	0
okhthas	ὄχθας	ὄχθη	bank, riverbank, dyke by the side of a river (either natural	0
okhthe	ὄχθη	ὄχθη	bank, riverbank, dyke by the side of a river (either natural	0
okhlos	ὄχλος	ὄχλος	multitude of people, crowd, mob	0
okhlou	ὄχλου	ὄχλος	multitude of people, crowd, mob	0
okhlo	ὄχλῳ	ὄχλος	multitude of people, crowd, mob	0
okhon	ὄχον	ὄχος	anything which holds or bears	0
okhos	ὄχος	ὄχος	anything which holds or bears	0
okhou	ὄχου	ὄχος	anything which holds or bears	0
okho	ὄχω	ὄχος	anything which holds or bears	0
ops	ὄψ	ὄψ	voice	0
opseai	ὄψεαι	ὁράω	to look with the eyes	0
opsei	ὄψει	ὁράω	to look with the eyes	0
opseis	ὄψεις	ὄψις	view	0
opsesthe	ὄψεσθε	ὁράω	to look with the eyes	0
opsetai	ὄψεται	ὁράω	to look with the eyes	0
opsimos	ὄψιμος	ὄψιμος	late	0
opsis	ὄψις	ὄψις	view	0
opsointo	ὄψοιντο	ὁράω	to look with the eyes	0
opsoito	ὄψοιτο	ὁράω	to look with the eyes	0
opsomai	ὄψομαι	ὁράω	to look with the eyes	0
opson	ὄψον	ὄψον	delicacies, considered an integral component of an Ancient G	1
opsontai	ὄψονται	ὁράω	to look with the eyes	0
opse	ὄψῃ	ὁράω	to look with the eyes	0
oios	ὄϊος	ὄϊος	ovine (pertaining to sheep)	0
ooi	ὄῳ	ὄον	the sorb apple, fruit of the service tree	0
ode	ὅδε	ὅδε	this	0
odios	ὅδιος	ὅδιος	belonging to a way or journey	0
othen	ὅθεν	ὅθεν	whence, from where, from which	0
othi	ὅθι	ὅθι	where	0
okos	ὅκως	ὅπως	in such a manner, as	0
ola	ὅλα	ὅλος	whole, entire, perfect, complete	1
olai	ὅλαι	ὅλος	whole, entire, perfect, complete	1
olais	ὅλαις	ὅλος	whole, entire, perfect, complete	1
olas	ὅλας	ὅλος	whole, entire, perfect, complete	1
ole	ὅλε	ὅλος	whole, entire, perfect, complete	1
olen	ὅλην	ὅλος	whole, entire, perfect, complete	1
oles	ὅλης	ὅλος	whole, entire, perfect, complete	1
olkimos	ὅλκιμος	ὅλκιμος	capable of being drawn out, ductile, sticky	0
olmos	ὅλμος	ὅλμος	round, smooth stone	0
oloi	ὅλοι	ὅλος	whole, entire, perfect, complete	1
oloin	ὅλοιν	ὅλος	whole, entire, perfect, complete	1
olois	ὅλοις	ὅλος	whole, entire, perfect, complete	1
olon	ὅλον	ὅλος	whole, entire, perfect, complete	1
olos	ὅλος	ὅλος	whole, entire, perfect, complete	1
olou	ὅλου	ὅλος	whole, entire, perfect, complete	1
olous	ὅλους	ὅλος	whole, entire, perfect, complete	1
olos	ὅλως	ὅλως	wholly, completely	0
olo	ὅλῳ	ὅλος	whole, entire, perfect, complete	1
omados	ὅμαδος	ὅμαδος	noise, din, especially of the voices of men	0
omere	ὅμηρε	ὅμηρος	pledge	0
omeroi	ὅμηροι	ὅμηρος	pledge	0
omeros	ὅμηρος	ὅμηρος	pledge	0
omilos	ὅμιλος	ὅμιλος	crowd, throng	0
omoiai	ὅμοιαι	ὅμοιος	like, resembling [with dative ‘someone, something’], similar	0
omoie	ὅμοιε	ὅμοιος	like, resembling [with dative ‘someone, something’], similar	0
omoioi	ὅμοιοι	ὅμοιος	like, resembling [with dative ‘someone, something’], similar	0
omora	ὅμορα	ὅμορος	bordering, neighboring	0
omoroi	ὅμοροι	ὅμορος	bordering, neighboring	0
omoros	ὅμορος	ὅμορος	bordering, neighboring	0
omos	ὅμως	ὅμως	nevertheless, yet, all the same	0
hon	ὅν	ὅς	this	0
onde	ὅνδε	ὅνδε	to this	0
hoo	ὅο	ὅς	this	0
oou	ὅου	ὅς	this	0
oper	ὅπερ	ὅπερ	wherefore	0
opla	ὅπλα	ὅπλον	tool, instrument	1
oploin	ὅπλοιν	ὅπλον	tool, instrument	1
oplois	ὅπλοις	ὅπλον	tool, instrument	1
oplon	ὅπλον	ὅπλον	tool, instrument	1
oplou	ὅπλου	ὅπλον	tool, instrument	1
oplo	ὅπλω	ὅπλον	tool, instrument	1
opoi	ὅποι	ὅποι	to which place	0
opou	ὅπου	ὅπου	where	0
oppos	ὅππως	ὅπως	in such a manner, as	0
oppe	ὅππῃ	ὅπῃ	in which or whichever direction	0
opos	ὅπως	ὅπως	in such a manner, as	0
ope	ὅπῃ	ὅπῃ	in which or whichever direction	0
orama	ὅραμα	ὅραμα	that which is seen, a visible object, a sight	1
orasis	ὅρασις	ὅρασις	seeing, sight	0
orke	ὅρκε	ὅρκος	the object by which one swears, the witness of an oath (as t	0
orkion	ὅρκιον	ὅρκιον	oath	0
orkios	ὅρκιος	ὅρκιος	sworn, under oath	0
orkoi	ὅρκοι	ὅρκος	the object by which one swears, the witness of an oath (as t	0
orkoin	ὅρκοιν	ὅρκος	the object by which one swears, the witness of an oath (as t	0
orkois	ὅρκοις	ὅρκος	the object by which one swears, the witness of an oath (as t	0
orkon	ὅρκον	ὅρκος	the object by which one swears, the witness of an oath (as t	0
orkos	ὅρκος	ὅρκος	the object by which one swears, the witness of an oath (as t	0
orkou	ὅρκου	ὅρκος	the object by which one swears, the witness of an oath (as t	0
orkous	ὅρκους	ὅρκος	the object by which one swears, the witness of an oath (as t	0
orko	ὅρκω	ὅρκος	the object by which one swears, the witness of an oath (as t	0
ormaine	ὅρμαινε	ὁρμαίνω	to incite, stir up	0
ormesis	ὅρμησις	ὅρμησις	rapid motion	1
orminon	ὅρμινον	ὅρμινον	orval (Salvia viridis)	0
ormon	ὅρμον	ὅρμος	a cord, a chain, especially a necklace, a collar	0
ormos	ὅρμος	ὅρμος	a cord, a chain, especially a necklace, a collar	0
oroi	ὅροι	ὅρος	boundary, limit, frontier, landmark	0
oroin	ὅροιν	ὅρος	boundary, limit, frontier, landmark	0
orois	ὅροις	ὅρος	boundary, limit, frontier, landmark	0
oron	ὅρον	ὅρος	boundary, limit, frontier, landmark	0
oros	ὅρος	ὅρος	boundary, limit, frontier, landmark	0
orou	ὅρου	ὅρος	boundary, limit, frontier, landmark	0
orous	ὅρους	ὅρος	boundary, limit, frontier, landmark	0
oro	ὅρῳ	ὅρος	boundary, limit, frontier, landmark	0
hos	ὅς	ὅς	this	0
osa	ὅσα	ὅσα	as far as	0
osai	ὅσαι	ὅσος	often as anaphor to τόσος, or πᾶς, ἅπας as much as, how much	0
osain	ὅσαιν	ὅσος	often as anaphor to τόσος, or πᾶς, ἅπας as much as, how much	0
osais	ὅσαις	ὅσος	often as anaphor to τόσος, or πᾶς, ἅπας as much as, how much	0
osas	ὅσας	ὅσος	often as anaphor to τόσος, or πᾶς, ἅπας as much as, how much	0
ose	ὅσε	ὅσος	often as anaphor to τόσος, or πᾶς, ἅπας as much as, how much	0
osen	ὅσην	ὅσος	often as anaphor to τόσος, or πᾶς, ἅπας as much as, how much	0
oses	ὅσης	ὅσος	often as anaphor to τόσος, or πᾶς, ἅπας as much as, how much	0
osios	ὅσιος	ὅσιος	pious, hallowed, sanctioned by the gods	0
osoi	ὅσοι	ὅσος	often as anaphor to τόσος, or πᾶς, ἅπας as much as, how much	0
osoin	ὅσοιν	ὅσος	often as anaphor to τόσος, or πᾶς, ἅπας as much as, how much	0
osois	ὅσοις	ὅσος	often as anaphor to τόσος, or πᾶς, ἅπας as much as, how much	0
osoisi	ὅσοισι	ὅσος	often as anaphor to τόσος, or πᾶς, ἅπας as much as, how much	0
osoisin	ὅσοισιν	ὅσος	often as anaphor to τόσος, or πᾶς, ἅπας as much as, how much	0
oson	ὅσον	ὅσον	so far as, so much as	0
osos	ὅσος	ὅσος	often as anaphor to τόσος, or πᾶς, ἅπας as much as, how much	0
osou	ὅσου	ὅσος	often as anaphor to τόσος, or πᾶς, ἅπας as much as, how much	0
osous	ὅσους	ὅσος	often as anaphor to τόσος, or πᾶς, ἅπας as much as, how much	0
osper	ὅσπερ	ὅσπερ	the very man who, the very thing which	0
ossos	ὅσσος	ὅσος	often as anaphor to τόσος, or πᾶς, ἅπας as much as, how much	0
ostis	ὅστις	ὅστις	indefinite relative pronoun	0
oso	ὅσω	ὅσος	often as anaphor to τόσος, or πᾶς, ἅπας as much as, how much	0
oson	ὅσων	ὅσος	often as anaphor to τόσος, or πᾶς, ἅπας as much as, how much	0
osesi	ὅσῃσι	ὅσος	often as anaphor to τόσος, or πᾶς, ἅπας as much as, how much	0
osesin	ὅσῃσιν	ὅσος	often as anaphor to τόσος, or πᾶς, ἅπας as much as, how much	0
otan	ὅταν	ὅταν	whenever	0
ote	ὅτε	ὅτε	when	0
oteper	ὅτεπερ	ὅτεπερ	even when	0
oti	ὅτι	ὅτι	subordinating conjunction	0
otti	ὅττι	ὅτι	subordinating conjunction	0
ualinos	ὑάλινος	ὑάλινος	of crystal, of glass	0
ualizo	ὑαλίζω	ὑαλίζω	to be like glass	0
ubrizo	ὑβρίζω	ὑβρίζω	to be wanton	0
ubris	ὑβρίς	ὑβρίς	Eurasian eagle owl (Bubo bubo)	0
ubos	ὑβός	ὑβός	humpbacked, hunchbacked	0
ugieia	ὑγίεια	ὑγίεια	health	0
ugies	ὑγιής	ὑγιής	sound	0
ugiaino	ὑγιαίνω	ὑγιαίνω	to be healthy, sound	0
ugieine	ὑγιεινή	ὑγιεινός	good for the health, wholesome	1
ugieinos	ὑγιεινός	ὑγιεινός	good for the health, wholesome	1
ugra	ὑγρά	ὑγρός	wet, moist	1
ugren	ὑγρήν	ὑγρός	wet, moist	1
ugrasia	ὑγρασία	ὑγρασία	moisture, humidity	0
ugrou	ὑγροῦ	ὑγρός	wet, moist	1
ugron	ὑγρόν	ὑγρός	wet, moist	1
ugros	ὑγρός	ὑγρός	wet, moist	1
ugro	ὑγρῷ	ὑγρός	wet, moist	1
udatinos	ὑδάτινος	ὑδάτινος	watery, wet, moist	0
udation	ὑδάτιον	ὑδάτιον	rivulet, little water, runnel	0
udatis	ὑδατίς	ὑδατίς	drops, as a urinary disease	1
udateros	ὑδατηρός	ὑδατηρός	of or for water	0
udria	ὑδρία	ὑδρία	hydria	0
udraino	ὑδραίνω	ὑδραίνω	to water, wash, sprinkle with water	0
udrelos	ὑδρηλός	ὑδρηλός	watery, moist, well-watered	0
udrokele	ὑδροκήλη	ὑδροκήλη	hydrocele, water in the scrotum	1
udromule	ὑδρομύλη	ὑδρομύλη	watermill	0
udromeli	ὑδρόμελι	ὑδρόμελι	hydromel	1
uetos	ὑετός	ὑετός	heavy rain	1
uleeis	ὑλήεις	ὑλήεις	woody, wooded	0
ulagmos	ὑλαγμός	ὑλαγμός	barking, baying	0
ulakteo	ὑλακτέω	ὑλακτέω	to bark (of dogs)	0
ulakto	ὑλακτῶ	ὑλακτέω	to bark (of dogs)	0
ulika	ὑλικά	ὑλικός	of matter, material	1
ulikas	ὑλικάς	ὑλικός	of matter, material	1
ulike	ὑλικέ	ὑλικός	of matter, material	1
uliken	ὑλικήν	ὑλικός	of matter, material	1
ulikai	ὑλικαί	ὑλικός	of matter, material	1
ulikain	ὑλικαῖν	ὑλικός	of matter, material	1
ulikais	ὑλικαῖς	ὑλικός	of matter, material	1
ulikoi	ὑλικοί	ὑλικός	of matter, material	1
ulikous	ὑλικούς	ὑλικός	of matter, material	1
ulikoin	ὑλικοῖν	ὑλικός	of matter, material	1
ulikois	ὑλικοῖς	ὑλικός	of matter, material	1
ulikou	ὑλικοῦ	ὑλικός	of matter, material	1
ulikon	ὑλικόν	ὑλικός	of matter, material	1
ulikos	ὑλικός	ὑλικός	of matter, material	1
uliko	ὑλικώ	ὑλικός	of matter, material	1
ulikes	ὑλικῆς	ὑλικός	of matter, material	1
ulister	ὑλιστήρ	ὑλιστήρ	filter, colander, strainer	0
ulotomia	ὑλοτομία	ὑλοτομία	lumbering (the cutting or felling of wood)	0
ulotomos	ὑλοτόμος	ὑλοτόμος	cutting or felling wood	0
umenaios	ὑμέναιος	ὑμέναιος	hymenaeus, the wedding or bridal song, sung by the brideʼs a	0
umeninos	ὑμένινος	ὑμένινος	of skin or membrane	0
umeteros	ὑμέτερος	ὑμέτερος	your, of yours (plural)	0
umen	ὑμήν	ὑμήν	thin skin, membrane	1
umneo	ὑμνέω	ὑμνέω	to sing about	0
umnodia	ὑμνῳδία	ὑμνῳδία	singing of a hymn	1
uoeides	ὑοειδής	ὑοειδής	shaped like the letter υ (upsilon)	1
uoin	ὑοῖν	ὗς	pig	0
uoiin	ὑοῖϊν	ὗς	pig	0
upago	ὑπάγω	ὑπάγω	to lead or bring under	0
uparxas	ὑπάρξας	ὑπάρχω	to begin, make a beginning, take initiative, be first	0
uparxei	ὑπάρξει	ὑπάρχω	to begin, make a beginning, take initiative, be first	0
uparxein	ὑπάρξειν	ὑπάρχω	to begin, make a beginning, take initiative, be first	0
uparxeis	ὑπάρξεις	ὑπάρχω	to begin, make a beginning, take initiative, be first	0
uparxete	ὑπάρξετε	ὑπάρχω	to begin, make a beginning, take initiative, be first	0
uparxoi	ὑπάρξοι	ὑπάρχω	to begin, make a beginning, take initiative, be first	0
uparxoio	ὑπάρξοιο	ὑπάρχω	to begin, make a beginning, take initiative, be first	0
uparxois	ὑπάρξοις	ὑπάρχω	to begin, make a beginning, take initiative, be first	0
uparxon	ὑπάρξον	ὑπάρχω	to begin, make a beginning, take initiative, be first	0
uparxo	ὑπάρξω	ὑπάρχω	to begin, make a beginning, take initiative, be first	0
uparxe	ὑπάρξῃ	ὑπάρχω	to begin, make a beginning, take initiative, be first	0
uparkhei	ὑπάρχει	ὑπάρχω	to begin, make a beginning, take initiative, be first	0
uparkhoi	ὑπάρχοι	ὑπάρχω	to begin, make a beginning, take initiative, be first	0
uparkhon	ὑπάρχον	ὑπάρχω	to begin, make a beginning, take initiative, be first	0
uparkhou	ὑπάρχου	ὑπάρχω	to begin, make a beginning, take initiative, be first	0
uparkho	ὑπάρχω	ὑπάρχω	to begin, make a beginning, take initiative, be first	0
uparkhe	ὑπάρχῃ	ὑπάρχω	to begin, make a beginning, take initiative, be first	0
uparkhes	ὑπάρχῃς	ὑπάρχω	to begin, make a beginning, take initiative, be first	0
upek	ὑπέκ	ὑπέκ	out from under	0
upemenon	ὑπέμενον	ὑπομένω	to remain	0
uper	ὑπέρ	ὑπέρ	[with genitive]	1
upera	ὑπέρα	ὑπέρα	each of the braces attached to the ends of the ἐπίκρια (“sai	0
uperbe	ὑπέρβη	ὑπερβαίνω	to step over, mount, scale, cross	0
uperbion	ὑπέρβιον	ὑπέρβιος	of overwhelming strength	0
uperbios	ὑπέρβιος	ὑπέρβιος	of overwhelming strength	0
upeste	ὑπέστη	ὑφίστημι	to stand under	0
upesten	ὑπέστην	ὑφίστημι	to stand under	0
upekoon	ὑπήκοον	ὑπήκοον	horned cummin (Hypecoum procumbens)	0
upekoos	ὑπήκοος	ὑπήκοος	listening	0
upekouon	ὑπήκουον	ὑπακούω	to listen, hearken, give ear	0
upene	ὑπήνη	ὑπήνη	moustache, hair on the upper lip	0
uperkhou	ὑπήρχου	ὑπάρχω	to begin, make a beginning, take initiative, be first	0
upaitios	ὑπαίτιος	ὑπαίτιος	under accusation, called to account	0
upakoe	ὑπακοή	ὑπακοή	obedience	0
upakouo	ὑπακούω	ὑπακούω	to listen, hearken, give ear	0
upallage	ὑπαλλαγή	ὑπαλλαγή	interchange, exchange	1
upateia	ὑπατεία	ὑπατεία	the office or rank of consul, consulate	0
upatikos	ὑπατικός	ὑπατικός	of or pertaining to a consul, consular	0
upeipon	ὑπεῖπον	ὑπεῖπον	to say as a foundation or preface, to premise, suggest	0
uperekho	ὑπερέχω	ὑπερέχω	to hold (one thing) over (another)	0
uperbole	ὑπερβολή	ὑπερβολή	overshooting	0
uperoa	ὑπερῴα	ὑπερῴα	palate (roof of the mouth)	0
uperoon	ὑπερῷον	ὑπερῷον	the upper floor or part of a house	0
uperoos	ὑπερῷος	ὑπερῷος	upper	0
upeoios	ὑπηοῖος	ὑπηοῖος	towards dawn, early	0
uperetes	ὑπηρέτης	ὑπηρέτης	An Ancient Greek title, originally for a rower	0
uperesia	ὑπηρεσία	ὑπηρεσία	body or rowers, ship's crew	0
upereteo	ὑπηρετέω	ὑπηρετέω	to do service on board ship, as a rower	0
upneros	ὑπνηρός	ὑπνηρός	drowsy, sleepy	0
upnoo	ὑπνόω	ὑπνόω	to put to sleep	0
upogeiou	ὑπογείου	ὑπόγειος	underground, subterranean, chthonian	0
upogeion	ὑπογείων	ὑπόγειος	underground, subterranean, chthonian	0
upogeio	ὑπογείῳ	ὑπόγειος	underground, subterranean, chthonian	0
upodeido	ὑποδείδω	ὑποδείδω	to cower under or before	0
upodokhe	ὑποδοχή	ὑποδοχή	reception, welcoming	0
upotheke	ὑποθήκη	ὑποθήκη	suggestion, counsel, warning	1
upokato	ὑποκάτω	ὑποκάτω	under, below	0
upolabon	ὑπολαβών	ὑπολαμβάνω	to take up	0
upoleipo	ὑπολείπω	ὑπολείπω	to leave over, leave behind	0
upomeno	ὑπομένω	ὑπομένω	to remain	0
upomone	ὑπομονή	ὑπομονή	an act of remaining behind	0
uponoeo	ὑπονοέω	ὑπονοέω	to think secretly, suspect	0
upopro	ὑποπρό	ὑποπρό	just before	0
upopteuo	ὑποπτεύω	ὑποπτεύω	to suspect, to hold in suspicion	0
upotasso	ὑποτάσσω	ὑποτάσσω	to place or arrange under	0
upoteino	ὑποτείνω	ὑποτείνω	to stretch under, put under	1
upoteleo	ὑποτελέω	ὑποτελέω	to pay (a tax or tribute)	0
upoteles	ὑποτελής	ὑποτελής	subject to paying taxes, tributary	0
upotele	ὑποτελῆ	ὑποτελής	subject to paying taxes, tributary	0
upotopeo	ὑποτοπέω	ὑποτοπέω	to suspect	0
upotribo	ὑποτρίβω	ὑποτρίβω	to rub off	0
upourgeo	ὑπουργέω	ὑπουργέω	to render service or help to, serve, assist, succor	0
upourgon	ὑπουργῶν	ὑπουργέω	to render service or help to, serve, assist, succor	0
upophero	ὑποφέρω	ὑποφέρω	to carry away under, esp	0
upopsia	ὑποψία	ὑποψία	suspicion	0
uppro	ὑππρό	ὑποπρό	just before	0
upo	ὑπό	ὑπό	[with genitive]	1
upogeioi	ὑπόγειοι	ὑπόγειος	underground, subterranean, chthonian	0
upogeion	ὑπόγειον	ὑπόγειον	vault, crypt	1
upogeios	ὑπόγειος	ὑπόγειος	underground, subterranean, chthonian	0
upodema	ὑπόδημα	ὑπόδημα	A sandal or shoe, any kind of footwear	0
upodra	ὑπόδρα	ὑπόδρα	scowlingly	0
upozoma	ὑπόζωμα	ὑπόζωμα	diaphragm, midriff	0
upoloipa	ὑπόλοιπα	ὑπόλοιπος	left behind, staying behind, remaining	0
upomnema	ὑπόμνημα	ὑπόμνημα	remembrance, memorial, record	0
uponomos	ὑπόνομος	ὑπόνομος	undermined, underground, subterranean	0
upopton	ὑπόπτων	ὕποπτος	viewed with suspicion or jealousy	0
upopuros	ὑπόπυρος	ὑπόπυρος	with fire under, with secret fire	0
upotaxis	ὑπόταξις	ὑπόταξις	subjection, submission	0
uperkto	ὑπῆρκτο	ὑπάρχω	to begin, make a beginning, take initiative, be first	0
uperxa	ὑπῆρξα	ὑπάρχω	to begin, make a beginning, take initiative, be first	0
uperxas	ὑπῆρξας	ὑπάρχω	to begin, make a beginning, take initiative, be first	0
uperxe	ὑπῆρξε	ὑπάρχω	to begin, make a beginning, take initiative, be first	0
uperxen	ὑπῆρξεν	ὑπάρχω	to begin, make a beginning, take initiative, be first	0
uperkhe	ὑπῆρχε	ὑπάρχω	to begin, make a beginning, take initiative, be first	0
uperkhen	ὑπῆρχεν	ὑπάρχω	to begin, make a beginning, take initiative, be first	0
uperkhes	ὑπῆρχες	ὑπάρχω	to begin, make a beginning, take initiative, be first	0
uperkhon	ὑπῆρχον	ὑπάρχω	to begin, make a beginning, take initiative, be first	0
urikhos	ὑριχός	ὑριχός	wicker basket, handbasket	0
usi	ὑσί	ὗς	pig	0
usin	ὑσίν	ὗς	pig	0
usmine	ὑσμίνη	ὑσμίνη	battle, conflict, combat	0
ussi	ὑσσί	ὗς	pig	0
ussin	ὑσσίν	ὗς	pig	0
ussos	ὑσσός	ὑσσός	A javelin	0
ustera	ὑστέρα	ὑστέρα	uterus	0
usterema	ὑστέρημα	ὑστέρημα	Shortcoming, deficiency, need	0
ustereo	ὑστερέω	ὑστερέω	to be behind	0
usteraia	ὑστεραία	ὑστεραία	next day, morrow	0
uphen	ὑφέν	ὑφέν	in one word, in a single word	0
uphe	ὑφή	ὑφή	web	0
uphaino	ὑφαίνω	ὑφαίνω	to weave	0
uphaireo	ὑφαιρέω	ὑφαιρέω	to seize underneath or inwardly	0
uphelein	ὑφελεῖν	ὑφαιρέω	to seize underneath or inwardly	0
uphorbos	ὑφορβός	ὑφορβός	swineherd	0
upsenor	ὑψήνωρ	ὑψήνωρ	raising or exalting men	0
upselos	ὑψηλός	ὑψηλός	high, lofty	0
upselon	ὑψηλῶν	ὑψηλός	high, lofty	0
upsou	ὑψοῦ	ὑψοῦ	aloft, high, on high	0
upsothen	ὑψόθεν	ὑψόθεν	from a height, from on high	0
upsose	ὑψόσε	ὑψόσε	upwards' aloft	0
upsoo	ὑψόω	ὑψόω	to lift high, raise up	0
uos	ὑός	ὗς	pig	0
uoseris	ὑόσερις	ὑόσερις	hawksbeard (Crepis neglecta)	0
uon	ὑῶν	ὗς	pig	0
uaina	ὕαινα	ὕαινα	hyena	1
ualos	ὕαλος	ὕαλος	some kind of crystalline stone	0
uas	ὕας	ὗς	pig	0
ubris	ὕβρις	ὕβρις	pride	1
uderos	ὕδερος	ὕδερος	dropsy	0
udnon	ὕδνον	ὕδνον	truffle	0
udra	ὕδρα	ὕδρα	sea serpent	1
udraulis	ὕδραυλις	ὕδραυλις	water organ, invented by Ctesibius	0
udros	ὕδρος	ὕδρος	water serpent	0
udrops	ὕδρωψ	ὕδρωψ	edema	1
udor	ὕδωρ	ὕδωρ	water	1
hue	ὕε	ὗς	pig	0
ues	ὕες	ὗς	pig	0
uessi	ὕεσσι	ὗς	pig	0
uessin	ὕεσσιν	ὗς	pig	0
uthlos	ὕθλος	ὕθλος	idle talk, nonsense, prank	0
ule	ὕλη	ὕλη	wood	1
ulen	ὕλην	ὕλη	wood	1
umnos	ὕμνος	ὕμνος	song	1
upaitha	ὕπαιθα	ὕπαιθα	out under, slipping away	0
upandros	ὕπανδρος	ὕπανδρος	under a man, subject to said man, married	0
upaxis	ὕπαξις	ὕπαξις	evacuation, defecation	0
upar	ὕπαρ	ὕπαρ	the view of reality itself (as opposed to a dream)	0
uparxis	ὕπαρξις	ὕπαρξις	existence, reality	0
upate	ὕπατε	ὕπατος	highest	1
upatos	ὕπατος	ὕπατος	highest	1
uperthen	ὕπερθεν	ὕπερθεν	from above	0
uperos	ὕπερος	ὕπερος	pestle	0
upnon	ὕπνον	ὕπνον	a kind of lichen	0
upnos	ὕπνος	ὕπνος	sleep, slumber	0
upo	ὕπο	ὕπο	initial-stressed form of ῠ̔πό (hŭpó)	0
upoptos	ὕποπτος	ὕποπτος	viewed with suspicion or jealousy	0
uptios	ὕπτιος	ὕπτιος	lying on one's back	0
urax	ὕραξ	ὕραξ	shrewmouse (mammal of the family Soricidae)	0
urkhe	ὕρχη	ὕρχη	a jar for pickles or wine	0
usge	ὕσγη	ὕσγη	A shrub, probably the kermes oak (Quercus coccifera)	0
usklos	ὕσκλος	ὕσκλος	the latchet or eyelet of a sandal	0
usma	ὕσμα	ὕσμα	rain	0
usplex	ὕσπληξ	ὕσπληξ	snare or gin of a birdcatcher	0
ussopos	ὕσσωπος	ὕσσωπος	a species of Origanum	1
usteroi	ὕστεροι	ὕστερος	latter	0
usteron	ὕστερον	ὕστερον	later	0
usteros	ὕστερος	ὕστερος	latter	0
ustrix	ὕστριξ	ὕστριξ	porcupine (Hystrix cristata)	0
uphasma	ὕφασμα	ὕφασμα	something woven	0
uphear	ὕφεαρ	ὕφεαρ	mistletoe (Viscum album)	0
upsi	ὕψι	ὕψι	on high	0
upsista	ὕψιστα	ὕψιστα	the highest, the most high, the heavens	0
upsistos	ὕψιστος	ὕψιστος	highest, loftiest	0
upsos	ὕψος	ὕψος	height	1
upsous	ὕψους	ὕψος	height	1
upsoma	ὕψωμα	ὕψωμα	elevation, height	0
huo	ὕω	ὕω	to rain	0
ubos	ὗβος	ὗβος	hump, a camel's rounded mass	0
ulis	ὗλις	ὗλις	mud, slime	0
hun	ὗν	ὗς	pig	0
hus	ὗς	ὗς	pig	0
odis	ὠδίς	ὠδίς	pangs or throes of childbirth (mostly in plural)	0
otheo	ὠθέω	ὠθέω	to push	0
okiminos	ὠκίμινος	ὠκίμινος	made of basil	0
okeanos	ὠκεανός	ὠκεανός	ocean	1
okuporon	ὠκυπόρων	ὠκύπορος	quick-traveling	0
okuthoos	ὠκύθοος	ὠκύθοος	swift running	0
okuporos	ὠκύπορος	ὠκύπορος	quick-traveling	0
okupous	ὠκύπους	ὠκύπους	fleetfooted	0
okuroos	ὠκύροος	ὠκύροος	swift flowing	0
okus	ὠκύς	ὠκύς	fast, swift, quick	0
olene	ὠλένη	ὠλένη	elbow, lower arm	0
oligge	ὠλίγγη	ὠλίγγη	doze, short nap, short sleep	0
omoplate	ὠμοπλάτη	ὠμοπλάτη	shoulder blade, scapula, also of animals	0
omou	ὠμοῦ	ὠμός	raw, crude, undressed	0
omolinon	ὠμόλινον	ὠμόλινον	raw flax, used for lint	0
omon	ὠμόν	ὠμός	raw, crude, undressed	0
omos	ὠμός	ὠμός	raw, crude, undressed	0
onamen	ὠνάμην	ὀνίνημι	to help, to support, to be useful	0
oneetai	ὠνέεται	ὠνέεται	uncontracted third-person singular present mediopassive indi	0
oneeto	ὠνέετο	ὠνέετο	uncontracted third-person singular imperfect mediopassive in	0
oneomai	ὠνέομαι	ὠνέομαι	to buy	0
oneontai	ὠνέονται	ὠνέονται	uncontracted third-person plural present mediopassive indica	0
onesei	ὠνήσει	ὠνέομαι	to buy	0
onesetai	ὠνήσεται	ὠνέομαι	to buy	0
onesomai	ὠνήσομαι	ὠνέομαι	to buy	0
onese	ὠνήσῃ	ὠνέομαι	to buy	0
oneistho	ὠνείσθω	ὠνέομαι	to buy	0
onei	ὠνεῖ	ὠνέομαι	to buy	0
oneisthe	ὠνεῖσθε	ὠνεῖσθε	contracted second-person plural present mediopassive indicat	0
oneitai	ὠνεῖται	ὠνέομαι	to buy	0
oneito	ὠνεῖτο	ὠνέομαι	to buy	0
onoumen	ὠνούμην	ὠνέομαι	to buy	0
onointo	ὠνοῖντο	ὠνέομαι	to buy	0
onoito	ὠνοῖτο	ὠνέομαι	to buy	0
onou	ὠνοῦ	ὠνέομαι	to buy	0
onoumai	ὠνοῦμαι	ὠνέομαι	to buy	0
onountai	ὠνοῦνται	ὠνέομαι	to buy	0
onomasen	ὠνόμασεν	ὀνομάζω	to speak of by name, address by name	0
onetai	ὠνῆται	ὠνέομαι	to buy	0
one	ὠνῇ	ὠνέομαι	to buy	0
onomai	ὠνῶμαι	ὠνέομαι	to buy	0
opos	ὠπός	ὤψ	to the eye	0
oruge	ὠρυγή	ὠρυγή	a howling of wolves or dogs	0
oruomai	ὠρύομαι	ὠρύομαι	to shout, howl, roar	0
osi	ὠσί	οὖς	ear	1
osin	ὠσίν	οὖς	ear	1
osmos	ὠσμός	ὠσμός	thrusting, pushing	1
oskhos	ὠσχός	ὠσχός	young branch	0
otarion	ὠτάριον	οὖς	ear	1
oti	ὠτί	οὖς	ear	1
otion	ὠτίον	οὖς	ear	1
otis	ὠτίς	ὠτίς	bustard (Otis tarda)	0
oteile	ὠτειλή	ὠτειλή	wound, especially a fresh, open one	0
oteiles	ὠτειλῆς	ὠτειλή	wound, especially a fresh, open one	0
otikos	ὠτικός	ὠτικός	of or for the ear	1
otos	ὠτός	οὖς	ear	1
ophelei	ὠφέλει	ὠφελέω	to help	0
opheleia	ὠφέλεια	ὠφέλεια	help, aid, succour (especially in war)	1
opheleo	ὠφελέω	ὠφελέω	to help	0
okhra	ὠχρά	ὠχρός	pale, sallow, wan	0
okhrio	ὠχριῶ	ὠχριῶ	to turn pale	0
okhros	ὠχρός	ὠχρός	pale, sallow, wan	0
oner	ὡνήρ	ὁ	the	0
oristho	ὡρίσθω	ὁρίζω	to divide, separate from	0
oraios	ὡραῖος	ὡραῖος	produced at the right season (ὥρα), seasonable, timely (espe	0
oreion	ὡρεῖον	ὡρεῖον	storage, granary	0
hos	ὡς	ὡς	the introduction to similes	0
osanna	ὡσαννά	ὡσαννά	hosanna	0
osei	ὡσεί	ὡσεί	as if, as though	0
oganon	ὤγανον	ὤγανον	spoke of the wagon wheel	0
okimon	ὤκιμον	ὤκιμον	basil (Ocimum basilicum)	0
okinon	ὤκινον	ὤκινον	kind of fodder-plant, perhaps clover	0
olesa	ὤλεσα	ὄλλυμι	to destroy, make an end of	0
olesan	ὤλεσαν	ὄλλυμι	to destroy, make an end of	0
olese	ὤλεσε	ὄλλυμι	to destroy, make an end of	0
oleto	ὤλετο	ὄλλυμι	to destroy, make an end of	0
omilla	ὤμιλλα	ὤμιλλα	game in which nuts were thrown into a ring	0
omoiin	ὤμοιιν	ὦμος	shoulder with the upper arm	1
omois	ὤμοις	ὦμος	shoulder with the upper arm	1
omoisi	ὤμοισι	ὦμος	shoulder with the upper arm	1
omoisin	ὤμοισιν	ὦμος	shoulder with the upper arm	1
omou	ὤμου	ὦμος	shoulder with the upper arm	1
omous	ὤμους	ὦμος	shoulder with the upper arm	1
omo	ὤμω	ὦμος	shoulder with the upper arm	1
omon	ὤμων	ὦμος	shoulder with the upper arm	1
onios	ὤνιος	ὤνιος	for sale	0
optesan	ὤπτησαν	ὀπτάω	to roast, broil or fry, toast, cook by means of fire or dry	0
ora	ὤρα	ὤρα	care	0
orexa	ὤρεξα	ὀρέγω	to reach, stretch, stretch out	0
oristos	ὤριστος	ὁ	the	0
orugges	ὤρυγγες	ὤρυγγες	striped or piebald horses, including zebras	0
osas	ὤσας	ὠθέω	to push	0
otoin	ὤτοιν	οὖς	ear	1
otois	ὤτοις	ὦτος	long-eared owl (Asio otus)	0
otoiin	ὤτοιϊν	οὖς	ear	1
otou	ὤτου	ὦτος	long-eared owl (Asio otus)	0
otous	ὤτους	ὦτος	long-eared owl (Asio otus)	0
oto	ὤτω	ὦτος	long-eared owl (Asio otus)	0
oton	ὤτων	οὖς	ear	1
opheilen	ὤφειλεν	ὀφείλω	to owe	0
ophelle	ὤφελλε	ὀφέλλω	to increase, enlarge, elevate, strengthen	0
ophthen	ὤφθην	ὁράω	to look with the eyes	0
okhra	ὤχρα	ὤχρα	yellow ochre	1
ops	ὤψ	ὤψ	to the eye	0
ora	ὥρα	ὥρα	any defined period of time	0
ormentai	ὥρμηνται	ὁρμάω	to set in motion, urge on, inspire	0
ormoun	ὥρμουν	ὁρμέω	to be moored, lie at anchor	0
osper	ὥσπερ	ὥσπερ	like, as, even as, just as	0
oste	ὥστε	ὥστε	as	0
oka	ὦκα	ὦκα	quickly, swiftly	0
omen	ὦμεν	εἰμί	to be	0
omos	ὦμος	ὦμος	shoulder with the upper arm	1
ondres	ὦνδρες	ὦ	O	0
oner	ὦνερ	ὦ	O	0
onon	ὦνον	ὦνος	price (cost required to gain possession of something)	0
onos	ὦνος	ὦνος	price (cost required to gain possession of something)	0
opa	ὦπα	ὤψ	to the eye	0
osan	ὦσαν	ὠθέω	to push	0
ose	ὦσε	ὠθέω	to push	0
osi	ὦσι	εἰμί	to be	0
osin	ὦσιν	εἰμί	to be	0
ota	ὦτα	οὖς	ear	1
ote	ὦτε	οὖς	ear	1
otoi	ὦτοι	ὦτος	long-eared owl (Asio otus)	0
oton	ὦτον	ὦτος	long-eared owl (Asio otus)	0
otos	ὦτος	ὦτος	long-eared owl (Asio otus)	0
okhros	ὦχρος	ὦχρος	paleness, wanness, especially the pale hue of fear	0
ode	ὧδε	ὧδε	demonstrative adverb In this manner, thus	0
ado	ᾄδω	ἀείδω	to sing, chant, praise	0
asma	ᾆσμα	ᾆσμα	song	0
esthanou	ᾐσθάνου	αἰσθάνομαι	to perceive, apprehend, notice	0
erethe	ᾑρέθη	αἱρέω	to take, grasp, seize	0
erethen	ᾑρέθην	αἱρέω	to take, grasp, seize	0
erethes	ᾑρέθης	αἱρέω	to take, grasp, seize	0
erethete	ᾑρέθητε	αἱρέω	to take, grasp, seize	0
erekos	ᾑρηκώς	αἱρέω	to take, grasp, seize	0
edee	ᾔδεε	οἶδα	to know	0
edesan	ᾔδεσαν	οἶδα	to know	0
ede	ᾔδη	οἶδα	to know	0
estheto	ᾔσθετο	αἰσθάνομαι	to perceive, apprehend, notice	0
etee	ᾔτεε	αἰτέω	to ask for, crave, demand, beg [with accusative ‘something’	0
etesan	ᾔτησαν	αἰτέω	to ask for, crave, demand, beg [with accusative ‘something’	0
erei	ᾕρει	αἱρέω	to take, grasp, seize	0
ereon	ᾕρεον	αἱρέω	to take, grasp, seize	0
erento	ᾕρηντο	αἱρέω	to take, grasp, seize	0
eie	ᾖε	εἶμι	to be going to go	0
esan	ᾖσαν	οἶδα	to know	0
heis	ᾗς	ὅς	this	0
oia	ᾠά	ᾠόν	egg	0
oarion	ᾠάριον	ᾠάριον	small egg	0
oethe	ᾠήθη	οἴομαι	to anticipate or to conclude likely with less than complete	0
oethemen	ᾠήθημεν	οἴομαι	to anticipate or to conclude likely with less than complete	0
oethen	ᾠήθην	οἴομαι	to anticipate or to conclude likely with less than complete	0
oethes	ᾠήθης	οἴομαι	to anticipate or to conclude likely with less than complete	0
oethesan	ᾠήθησαν	οἴομαι	to anticipate or to conclude likely with less than complete	0
oethete	ᾠήθητε	οἴομαι	to anticipate or to conclude likely with less than complete	0
oda	ᾠδά	ᾠδή	the art of singing	1
odas	ᾠδάς	ᾠδή	the art of singing	1
ode	ᾠδή	ᾠδή	the art of singing	1
oden	ᾠδήν	ᾠδή	the art of singing	1
odai	ᾠδαί	ᾠδή	the art of singing	1
odain	ᾠδαῖν	ᾠδή	the art of singing	1
odais	ᾠδαῖς	ᾠδή	the art of singing	1
odeion	ᾠδεῖον	ᾠδεῖον	odeon (an ancient Greek or Roman building used for performan	1
odes	ᾠδῆς	ᾠδή	the art of singing	1
odon	ᾠδῶν	ᾠδή	the art of singing	1
oetheten	ᾠηθήτην	οἴομαι	to anticipate or to conclude likely with less than complete	0
ooeides	ᾠοειδής	ᾠοειδής	shaped like an egg, ovoid, oval	0
oois	ᾠοῖς	ᾠόν	egg	0
oou	ᾠοῦ	ᾠόν	egg	0
oometha	ᾠόμεθα	οἴομαι	to anticipate or to conclude likely with less than complete	0
oomen	ᾠόμην	οἴομαι	to anticipate or to conclude likely with less than complete	0
oon	ᾠόν	ᾠόν	egg	0
oodes	ᾠώδης	ᾠώδης	egg-like	0
oioi	ᾠῷ	ᾠόν	egg	0
oesthe	ᾤεσθε	οἴομαι	to anticipate or to conclude likely with less than complete	0
oeto	ᾤετο	οἴομαι	to anticipate or to conclude likely with less than complete	0
okesan	ᾤκησαν	οἰκέω	to inhabit	0
okisan	ᾤκισαν	οἰκίζω	to settle (a colony), colonize	0
okoun	ᾤκουν	οἰκέω	to inhabit	0
omen	ᾤμην	οἴομαι	to anticipate or to conclude likely with less than complete	0
omoxen	ᾤμωξεν	οἰμώζω	to wail aloud, lament	0
oonto	ᾤοντο	οἴομαι	to anticipate or to conclude likely with less than complete	0
oou	ᾤου	οἴομαι	to anticipate or to conclude likely with less than complete	0
okheto	ᾤχετο	οἴχομαι	to have or be gone, absent, vanished	0
hoi	ᾧ	ὅς	this	0
rabdon	ῥάβδον	ῥάβδος	rod, wand, stick	1
rabdos	ῥάβδος	ῥάβδος	rod, wand, stick	1
rabdo	ῥάβδῳ	ῥάβδος	rod, wand, stick	1
radix	ῥάδιξ	ῥάδιξ	branch	0
rakinos	ῥάκινος	ῥάκινος	ragged, tettered	0
rakos	ῥάκος	ῥάκος	rag, tattered garment	0
raktria	ῥάκτρια	ῥάκτρια	pole for beating fruit trees, especially olive trees	0
ramma	ῥάμμα	ῥάμμα	seam, hem	0
ramnos	ῥάμνος	ῥάμνος	a thorny bush or shrub	0
ramphos	ῥάμφος	ῥάμφος	crooked beak of birds of prey, bill	0
rantisma	ῥάντισμα	ῥάντισμα	name of a skin affection	0
rax	ῥάξ	ῥάξ	grape	0
rapisma	ῥάπισμα	ῥάπισμα	a rap, knock, stroke, blow (with a rod or staff or scourge)	0
rapto	ῥάπτω	ῥάπτω	to sew	0
rapus	ῥάπυς	ῥάπυς	turnip	0
rasma	ῥάσμα	ῥάσμα	shower	0
rasso	ῥάσσω	ῥάσσω	to strike, dash	0
raphanos	ῥάφανος	ῥάφανος	cabbage (Brassica cretica)	0
raphus	ῥάφυς	ῥάπυς	turnip	0
rakhis	ῥάχις	ῥάχις	chine, lower part of the back	1
rapsis	ῥάψις	ῥάψις	stitching together	0
regkos	ῥέγκος	ῥέγκος	Snoring, stertorous breathing	0
regko	ῥέγκω	ῥέγκω	to snore	0
regma	ῥέγμα	ῥέγμα	That which is dyed	0
ree	ῥέε	ῥέω	to flow	0
reethron	ῥέεθρον	ῥεῖθρον	a flow, stream	0
reei	ῥέει	ῥέω	to flow	0
reein	ῥέειν	ῥέειν	uncontracted third-person singular present active infinitive	0
reeis	ῥέεις	ῥέεις	uncontracted second-person singular present active indicativ	0
reen	ῥέεν	ῥέω	to flow	0
reze	ῥέζε	ῥέζω	to do, make	0
rezei	ῥέζει	ῥέζω	to do, make	0
rezein	ῥέζειν	ῥέζω	to do, make	0
rezeis	ῥέζεις	ῥέζω	to do, make	0
rezete	ῥέζετε	ῥέζω	to do, make	0
rezoi	ῥέζοι	ῥέζω	to do, make	0
rezomen	ῥέζομεν	ῥέζω	to do, make	0
rezousi	ῥέζουσι	ῥέζω	to do, make	0
rezousin	ῥέζουσιν	ῥέζω	to do, make	0
rezo	ῥέζω	ῥέζω	to do, make	0
rezon	ῥέζων	ῥέζω	to do, make	0
rethos	ῥέθος	ῥέθος	limb, member	0
rembe	ῥέμβη	ῥέμβη	A wandering	0
rembomai	ῥέμβομαι	ῥέμβω	to turn in circles	0
rembo	ῥέμβω	ῥέμβω	to turn in circles	0
rexai	ῥέξαι	ῥέζω	to do, make	0
rexas	ῥέξας	ῥέζω	to do, make	0
rexei	ῥέξει	ῥέζω	to do, make	0
rexein	ῥέξειν	ῥέζω	to do, make	0
rexomen	ῥέξομεν	ῥέζω	to do, make	0
rexousi	ῥέξουσι	ῥέζω	to do, make	0
rexousin	ῥέξουσιν	ῥέζω	to do, make	0
rexo	ῥέξω	ῥέζω	to do, make	0
rexon	ῥέξων	ῥέζω	to do, make	0
reoi	ῥέοι	ῥέω	to flow	0
reoien	ῥέοιεν	ῥέω	to flow	0
reoimi	ῥέοιμῐ	ῥέω	to flow	0
repe	ῥέπε	ῥέπω	to incline one way or the other	0
repei	ῥέπει	ῥέπω	to incline one way or the other	0
repeis	ῥέπεις	ῥέπω	to incline one way or the other	0
repete	ῥέπετε	ῥέπω	to incline one way or the other	0
repoi	ῥέποι	ῥέπω	to incline one way or the other	0
repoien	ῥέποιεν	ῥέπω	to incline one way or the other	0
repomen	ῥέπομεν	ῥέπω	to incline one way or the other	0
repousi	ῥέπουσι	ῥέπω	to incline one way or the other	0
repousin	ῥέπουσιν	ῥέπω	to incline one way or the other	0
repo	ῥέπω	ῥέπω	to incline one way or the other	0
repon	ῥέπων	ῥέπω	to incline one way or the other	0
reo	ῥέω	ῥέω	to flow	0
reon	ῥέων	ῥέω	to flow	0
reosi	ῥέωσι	ῥέω	to flow	0
reosin	ῥέωσιν	ῥέω	to flow	0
regea	ῥήγεα	ῥῆγος	blanket, coverlet	1
regnumi	ῥήγνυμι	ῥήγνυμι	to break asunder, tear, rend, shatter	0
ren	ῥήν	ῥήν	sheep, lamb	0
retora	ῥήτορα	ῥήτωρ	orator	1
retoras	ῥήτορας	ῥήτωρ	orator	1
retore	ῥήτορε	ῥήτωρ	orator	1
retores	ῥήτορες	ῥήτωρ	orator	1
retori	ῥήτορι	ῥήτωρ	orator	1
retoros	ῥήτορος	ῥήτωρ	orator	1
retorsi	ῥήτορσι	ῥήτωρ	orator	1
retorsin	ῥήτορσιν	ῥήτωρ	orator	1
retor	ῥήτωρ	ῥήτωρ	orator	1
rigea	ῥίγεα	ῥῖγος	frost	0
rigei	ῥίγει	ῥῖγος	frost	0
rigeos	ῥίγεος	ῥῖγος	frost	0
rigesi	ῥίγεσι	ῥῖγος	frost	0
rigesin	ῥίγεσιν	ῥῖγος	frost	0
rigion	ῥίγιον	ῥίγιον	frostier, colder	0
riza	ῥίζα	ῥίζα	root (of a plant)	1
rizinos	ῥίζινος	ῥίζινος	made from a root	0
rizis	ῥίζις	ῥίζις	Ethiopian animal resembling an elephant	0
rizoma	ῥίζωμα	ῥίζωμα	roots of a plant	1
rimpha	ῥίμφα	ῥίμφα	fast, quickly, rapidly, nimbly, in an agile manner	0
rine	ῥίνη	ῥίνη	file, rasp	0
rion	ῥίον	ῥίον	peak, summit, any jutting part of a mountain	0
ripto	ῥίπτω	ῥίπτω	to throw	0
ris	ῥίς	ῥίς	nose, snout	1
riskos	ῥίσκος	ῥίσκος	coffer	0
rips	ῥίψ	ῥίψ	mat	0
raino	ῥαίνω	ῥαίνω	to sprinkle	0
rabbi	ῥαββί	ῥαββί	O my Master	0
rabbouni	ῥαββουνί	ῥαββί	O my Master	0
ragas	ῥαγάς	ῥαγάς	fissure in soil, chink, crevice	1
radinake	ῥαδινάκη	ῥαδινάκη	black, strong-smelling petroleum found near Susa	0
radinos	ῥαδινός	ῥαδινός	slender, taper, thin	0
raibos	ῥαιβός	ῥαιβός	crooked, bent	0
raister	ῥαιστήρ	ῥαιστήρ	hammer, smasher	0
raka	ῥακά	ῥακά	idiot, fool, blockhead, good-for-nothing	0
ranis	ῥανίς	ῥανίς	a drop	0
rantizo	ῥαντίζω	ῥαντίζω	to sprinke	0
rantos	ῥαντός	ῥαντός	speckled, spotted, dappled	0
rapizo	ῥαπίζω	ῥαπίζω	to strike with a stick, rod, cudgel	0
raphe	ῥαφή	ῥαφή	seam	1
raphis	ῥαφίς	ῥαφίς	needle	1
raphanis	ῥαφανίς	ῥαφανίς	radish (Raphanus raphanistrum subsp	0
rakhia	ῥαχία	ῥαχία	flood tide	0
rakhites	ῥαχίτης	ῥαχίτης	in or of the spine	1
rakhos	ῥαχός	ῥαχός	thorny bush, briar, brushwood	0
rapsodia	ῥαψῳδία	ῥαψῳδία	recitation of Epic poetry	1
rapsodos	ῥαψῳδός	ῥαψῳδός	rhapsodist	1
reito	ῥείτω	ῥέω	to flow	0
reio	ῥείω	ῥέω	to flow	0
rembodes	ῥεμβώδης	ῥεμβώδης	roving, rolling	0
repeto	ῥεπέτω	ῥέπω	to incline one way or the other	0
reponton	ῥεπόντων	ῥέπω	to incline one way or the other	0
reuse	ῥευσῇ	ῥέω	to flow	0
reusei	ῥεύσει	ῥέω	to flow	0
reusousi	ῥεύσουσι	ῥέω	to flow	0
rei	ῥεῖ	ῥέω	to flow	0
reia	ῥεῖα	ῥεῖα	easily, lightly	0
reithron	ῥεῖθρον	ῥεῖθρον	a flow, stream	0
rein	ῥεῖν	ῥέω	to flow	0
reis	ῥεῖς	ῥέω	to flow	0
reite	ῥεῖτε	ῥέω	to flow	0
reuma	ῥεῦμα	ῥεῦμα	stream, flow, current	0
reusis	ῥεῦσις	ῥεῦσις	flowing	0
regmin	ῥηγμίν	ῥηγμίν	surf, breakers (waves breaking into foam)	0
regmini	ῥηγμῖνι	ῥηγμίν	surf, breakers (waves breaking into foam)	0
rethen	ῥηθέν	ῥηθέν	spoken phrase, what was said	0
retheis	ῥηθείς	εἴρω	to tie	0
retine	ῥητίνη	ῥητίνη	resin of the pine	1
retorike	ῥητορική	ῥητορική	rhetoric	1
retois	ῥητοῖς	ῥητός	spoken, stipulated	0
retoroin	ῥητόροιν	ῥήτωρ	orator	1
retoron	ῥητόρων	ῥήτωρ	orator	1
retos	ῥητός	ῥητός	spoken, stipulated	0
reidios	ῥηϊδίως	ῥᾳδίως	easily	0
rigeo	ῥιγέω	ῥιγέω	to shudder, shiver	0
rizikon	ῥιζικόν	ῥιζικός	of or belonging to the root	0
rizikos	ῥιζικός	ῥιζικός	of or belonging to the root	0
riknos	ῥικνός	ῥικνός	shrivelled by cold, by age or by disease	0
rinarion	ῥινάριον	ῥινάριον	small file	0
rinon	ῥινόν	ῥινόν	skin, hide	0
rinos	ῥινός	ῥινός	skin	0
ripe	ῥιπή	ῥιπή	swing or force with which anything is thrown	0
ripis	ῥιπίς	ῥιπίς	fan for raising the fire	0
riptazo	ῥιπτάζω	ῥιπτάζω	to throw to and fro	0
roi	ῥοΐ	ῥόος	stream	0
roas	ῥοάς	ῥοή	a flux	0
roaon	ῥοάων	ῥοή	a flux	0
roe	ῥοή	ῥοή	a flux	0
roia	ῥοία	ῥοία	flow, flux	1
roai	ῥοαί	ῥοή	a flux	0
rodane	ῥοδάνη	ῥοδάνη	woof or weft	0
rodea	ῥοδέα	ῥοδέα	rose-bush	0
rodizo	ῥοδίζω	ῥοδίζω	to have a colour or scent like a rose	0
rodanos	ῥοδανός	ῥοδανός	wavering, flickering	0
rodismos	ῥοδισμός	ῥοδισμός	a ceremony at which graves were decked with roses	0
rodoeis	ῥοδόεις	ῥοδόεις	rosy	0
roias	ῥοιάς	ῥοιάς	corn poppy (Papaver rhoeas)	0
roikos	ῥοικός	ῥοικός	crooked, bent	0
romphaia	ῥομφαία	ῥομφαία	large, broad sword used by the Thracians	0
rope	ῥοπή	ῥοπή	inclination downwards	0
ropheo	ῥοφέω	ῥοφέω	to slurp, gulp down	0
roos	ῥόος	ῥόος	stream	0
roibdos	ῥοῖβδος	ῥοῖβδος	any rushing noise or motion	0
roizos	ῥοῖζος	ῥοῖζος	whistling or whizzing of an arrow or of a scourge	0
rous	ῥοῦς	ῥόος	stream	0
ruthmos	ῥυθμός	ῥυθμός	a repeating, regular motion, vibration	1
rukane	ῥυκάνη	ῥυκάνη	plane, a tool for smoothing wood	0
rumos	ῥυμός	ῥυμός	pole of a chariot or car	0
runtakes	ῥυντάκης	ῥυντάκης	An Indian bird of the size of a pigeon	0
rupaino	ῥυπαίνω	ῥυπαίνω	to defile, disfigure	0
ruparos	ῥυπαρός	ῥυπαρός	filthy, dirty, greasy, unpurged	0
rusos	ῥυσός	ῥυσός	shrivelled, wrinkled	0
rute	ῥυτή	ῥυτή	rue (Ruta graveolens)	1
ruter	ῥυτήρ	ῥυτήρ	one who draws or stretches	0
rutis	ῥυτίς	ῥυτίς	a fold or pucker in the face, wrinkle	1
roge	ῥωγή	ῥωγή	crack, fissure, cleft	0
romaizo	ῥωμαΐζω	ῥωμαΐζω	to speak or write Latin	0
romaisti	ῥωμαϊστί	ῥωμαϊστί	in Latin (language)	0
ropeia	ῥωπήϊα	ῥωπήϊα	brushes, brushwood	0
rokhmos	ῥωχμός	ῥωχμός	cleft, fissure, crack	0
roa	ῥόα	ῥόα	pomegranate tree (Punica granatum)	0
roas	ῥόας	ῥόος	stream	0
rogkhos	ῥόγχος	ῥέγκος	Snoring, stertorous breathing	0
roda	ῥόδα	ῥόδον	rose (usually Rosa gallica)	0
rodeos	ῥόδεος	ῥόδεος	belonging to a rose	0
rodinos	ῥόδινος	ῥόδινος	made of or from roses	0
rodoin	ῥόδοιν	ῥόδον	rose (usually Rosa gallica)	0
rodois	ῥόδοις	ῥόδον	rose (usually Rosa gallica)	0
rodon	ῥόδον	ῥόδον	rose (usually Rosa gallica)	0
rodou	ῥόδου	ῥόδον	rose (usually Rosa gallica)	0
rodo	ῥόδω	ῥόδον	rose (usually Rosa gallica)	0
roe	ῥόε	ῥόος	stream	0
roes	ῥόες	ῥόος	stream	0
rothos	ῥόθος	ῥόθος	rushing noise, roar of waves, dash of oars	0
rombe	ῥόμβε	ῥόμβος	bullroarer, an instrument whirled on the end of a string	0
romboi	ῥόμβοι	ῥόμβος	bullroarer, an instrument whirled on the end of a string	0
romboin	ῥόμβοιν	ῥόμβος	bullroarer, an instrument whirled on the end of a string	0
rombois	ῥόμβοις	ῥόμβος	bullroarer, an instrument whirled on the end of a string	0
rombon	ῥόμβον	ῥόμβος	bullroarer, an instrument whirled on the end of a string	0
rombos	ῥόμβος	ῥόμβος	bullroarer, an instrument whirled on the end of a string	0
rombou	ῥόμβου	ῥόμβος	bullroarer, an instrument whirled on the end of a string	0
rombo	ῥόμβω	ῥόμβος	bullroarer, an instrument whirled on the end of a string	0
romox	ῥόμοξ	ῥόμοξ	attested form of ῥόμος (rhómos)	0
romos	ῥόμος	ῥόμος	woodworm	0
rooi	ῥόοι	ῥόος	stream	0
rooin	ῥόοιν	ῥόος	stream	0
rooio	ῥόοιο	ῥόος	stream	0
roois	ῥόοις	ῥόος	stream	0
rooisi	ῥόοισι	ῥόος	stream	0
rooisin	ῥόοισιν	ῥόος	stream	0
rooiin	ῥόοιϊν	ῥόος	stream	0
roon	ῥόον	ῥόος	stream	0
roou	ῥόου	ῥόος	stream	0
roous	ῥόους	ῥόος	stream	0
ropalon	ῥόπαλον	ῥόπαλον	club, cudgel, mace shod with metal	0
roptra	ῥόπτρα	ῥόπτρον	club, stick, cudgel, mace	0
roptron	ῥόπτρον	ῥόπτρον	club, stick, cudgel, mace	0
rosi	ῥόσι	ῥόος	stream	0
rosin	ῥόσιν	ῥόος	stream	0
rophema	ῥόφημα	ῥόφημα	That which is supped up	0
rokhthos	ῥόχθος	ῥόχθος	roaring of the sea	0
roo	ῥόω	ῥόος	stream	0
roinos	ῥόϊνος	ῥόϊνος	of pomegranate	0
ruax	ῥύαξ	ῥύαξ	rushing stream	0
rugkhos	ῥύγχος	ῥύγχος	snout, the nose of an animal, muzzle	0
rume	ῥύμη	ῥύμη	force, swing, rush of a body in motion	0
rumma	ῥύμμα	ῥύμμα	anything used for washing	0
ruomai	ῥύομαι	ῥύομαι	to protect, guard, preserve	0
rupansis	ῥύπανσις	ῥύπανσις	dirtying, defiling, filth	0
rupos	ῥύπος	ῥύπος	dirt	1
rusion	ῥύσιον	ῥύσιον	surety, pledge	0
rusis	ῥύσις	ῥύσις	flow	0
rothon	ῥώθων	ῥώθων	nostril	0
rome	ῥώμη	ῥώμη	might, power, force, strength	0
ronnumi	ῥώννυμι	ῥώννυμι	to strengthen	0
rox	ῥώξ	ῥώξ	breach	0
roomai	ῥώομαι	ῥώομαι	to dart, rush	0
rops	ῥώψ	ῥώψ	brushwood, underwood	0
radios	ῥᾳδίως	ῥᾳδίως	easily	0
rathumia	ῥᾳθυμία	ῥᾳθυμία	lightheartedness, cheerfulness	1
rastonas	ῥᾳστώνας	ῥᾳστώνη	easiness of doing anything	0
rastone	ῥᾳστώνη	ῥᾳστώνη	easiness of doing anything	0
rastonen	ῥᾳστώνην	ῥᾳστώνη	easiness of doing anything	0
rastones	ῥᾳστώνης	ῥᾳστώνη	easiness of doing anything	0
rastonai	ῥᾳστῶναι	ῥᾳστώνη	easiness of doing anything	0
radion	ῥᾴδιον	ῥᾴδιον	a kind of comfortable slipper or sandal	0
radios	ῥᾴδιος	ῥᾴδιος	easy	0
rathumos	ῥᾴθυμος	ῥᾴθυμος	lighthearted, easy-tempered, frivolous, careless	0
rha	ῥᾶ	ῥᾶ	rhubarb	0
regma	ῥῆγμα	ῥῆγμα	breakage	0
regos	ῥῆγος	ῥῆγος	blanket, coverlet	1
rema	ῥῆμα	ῥῆμα	word	1
renix	ῥῆνιξ	ῥῆνιξ	sheepskin coat	0
rexe	ῥῆξε	ῥήγνυμι	to break asunder, tear, rend, shatter	0
rexen	ῥῆξεν	ῥήγνυμι	to break asunder, tear, rend, shatter	0
rexis	ῥῆξις	ῥῆξις	breaking, bursting	1
reon	ῥῆον	ῥῆον	rhubarb (probably Rheum rhabarbarum)	0
resis	ῥῆσις	ῥῆσις	speech	0
rigos	ῥῖγος	ῥῖγος	frost	0
rimma	ῥῖμμα	ῥῖμμα	throw	0
ripsis	ῥῖψις	ῥῖψις	a throwing	0
rho	ῥῶ	ῥῶ	rho, the name for the seventeenth letter Ρ (R), ρ (r) of the	1
rostax	ῥῶσταξ	ῥῶσταξ	stand for putting anything on	0
geenna	γέεννα	γέεννα	Gehenna	1
odeion	ᾨδεῖον	ᾨδεῖον	the Odeon (the Odeon of Pericles, an ancient odeon in	1
silenos	σιληνός	σιληνός	a silen	1
rex	ῥήξ	ῥήξ	rex (king)	0
ade	ᾍδη	ᾍδης	Hades (Greek god)	0
aden	ᾍδην	ᾍδης	Hades (Greek god)	0
anon	ΑΝΟΝ	ΑΝΟΝ	nomen sacrum form of ἄνθρωπον (ánthrōpon)	0
anos	ΑΝΟΣ	ΑΝΟΣ	nomen sacrum form of ἄνθρωπος (ánthrōpos)	0
ano	ΑΝΩ	ΑΝΩ	nomen sacrum form of ἀνθρώπῳ (anthrṓpōi)	0
anon	ΑΝΩΝ	ΑΝΩΝ	nomen sacrum form of ἀνθρώπων (anthrṓpōn)	0
aieten	Αἰήτην	Αἰήτης	Aeëtes (a king of Colchis, son of Helios and Perseis)	1
aietes	Αἰήτης	Αἰήτης	Aeëtes (a king of Colchis, son of Helios and Perseis)	1
aietou	Αἰήτου	Αἰήτης	Aeëtes (a king of Colchis, son of Helios and Perseis)	1
aiete	Αἰήτῃ	Αἰήτης	Aeëtes (a king of Colchis, son of Helios and Perseis)	1
aiaia	Αἰαία	Αἰαία	the mythical island said to be the home of Circe	1
aiakidao	Αἰακίδαο	Αἰᾰκίδης	a child of Aeacus	1
aiakides	Αἰακίδης	Αἰακίδης	a child of Aeacus	1
aiakos	Αἰακός	Αἰακός	Aeacus	1
aineia	Αἰνεία	Αἰνείᾱς	Aeneas	1
aineian	Αἰνείαν	Αἰνείᾱς	Aeneas	1
aineiao	Αἰνείαο	Αἰνείᾱς	Aeneas	1
aineias	Αἰνείας	Αἰνείας	Aeneas	1
aineiou	Αἰνείου	Αἰνείᾱς	Aeneas	1
aisiodos	Αἰσίοδος	Ἡσῐ́οδος	a male given name, Hesiod	1
aitolia	Αἰτωλία	Αἰτωλία	Aetolia (a mountainous region of Greece on the north coast o	1
aia	Αἶα	Αἶα	Aea, Colchis	1
baal	Βάαλ	Βάαλ	Baal, a Canaanite deity (referred to biblically as a symbol 	0
bakis	Βάκις	Βάκις	Bakis	1
bakkhe	Βάκχε	Βάκχος	Bacchus	1
bakkhon	Βάκχον	Βάκχος	Bacchus	1
bakkhos	Βάκχος	Βάκχος	Bacchus	1
bakkhou	Βάκχου	Βάκχος	Bacchus	1
bakkho	Βάκχῳ	Βάκχος	Bacchus	1
baragge	Βάραγγε	Βάραγγος	Varangian	1
baraggon	Βάραγγον	Βάραγγος	Varangian	1
baraggos	Βάραγγος	Βάραγγος	Varangian	1
barke	Βάρκη	Βάρκη	Marj (a city in Libya)	1
barron	Βάρρων	Βάρρων	Varro	0
beroia	Βέροια	Βέροια	Beroea (ancient name of Aleppo	1
bias	Βίας	Βίας	Bias	0
bagoas	Βαγώας	Βαγώας	a male given name, Bagoas, from Old Persian, a Persian court	1
baltasar	Βαλτάσαρ	Βαλτάσαρ	a male given name from Akkadian, equivalent to English Balth	1
baraggou	Βαράγγου	Βάραγγος	Varangian	1
baraggo	Βαράγγῳ	Βάραγγος	Varangian	1
barak	Βαράκ	Βαράκ	Barak	0
barlaam	Βαρλαάμ	Βαρλαάμ	a male given name from Middle Georgian, equivalent to Englis	1
barnabas	Βαρναβᾶς	Βαρναβᾶς	Barnabas	1
bebrukia	Βεβρυκία	Βεβρυκία	Bebrycia (the land of the Bebryces in Anatolia, later known 	1
beniamin	Βενιαμίν	Βενιαμίν	a male given name from Biblical Hebrew, equivalent to Englis	1
berenike	Βερενίκη	Βερενίκη	a female given name from Ancient Macedonian, equivalent to E	1
bethania	Βηθανία	Βηθανία	Bethany	1
berutos	Βηρυτός	Βηρυτός	Berytus, Beirut (the capital and largest city of Lebanon)	1
bistonia	Βιστονία	Βιστονία	Bistonia, Thrace	1
boiotia	Βοιωτία	Βοιωτία	Boeotia (a historical region in central Greece)	1
boiotian	Βοιωτίαν	Βοιωτίᾱ	Boeotia (a historical region in central Greece)	1
boreas	Βορέας	Βορέας	the north wind, personified as Boreas	0
bolbe	Βόλβη	Βόλβη	Bolbe, a mythological lake goddess	1
bolben	Βόλβην	Βόλβη	Bolbe, a mythological lake goddess	1
bublos	Βύβλος	Βύβλος	Byblos (a port city in Keserwan-Jbeil Governorate, Lebanon)	1
buzas	Βύζας	Βύζας	a male given name, Byzas, from Thracian, legendary founder o	1
gagges	Γάγγης	Γάγγης	river Ganges, India	1
gad	Γάδ	Γάδ	Gad	0
gadara	Γάδαρα	Γάδαρα	Gadara (a town in Palestine, the site of modern Umm Qais)	1
gadeira	Γάδειρα	Γάδειρα	Cadiz (a port city in Andalusia, Spain)	1
gaza	Γάζα	Γάζα	Gaza (a city in the Gaza Strip, Palestine in the Levant	1
genesis	Γένεσις	Γένεσις	Genesis	0
gerasa	Γέρασα	Γέρασα	Gerasa (an ancient city of the Decapolis, now Jerash in Jord	1
gaias	Γαίας	Γαῖα	Gaia or Gaea, the Earth personified as a goddess	1
gaies	Γαίης	Γαῖᾰ	Gaia or Gaea, the Earth personified as a goddess	1
gaia	Γαίᾳ	Γαῖα	Gaia or Gaea, the Earth personified as a goddess	1
gaie	Γαίῃ	Γαῖα	Gaia or Gaea, the Earth personified as a goddess	1
gabriel	Γαβριήλ	Γαβριήλ	a male given name from Hebrew, equivalent to English Gabriel	0
galateia	Γαλάτεια	Γαλάτεια	name of several different mythological characters	1
galilaia	Γαλιλαία	Γαλιλαία	Galilee (a mountainous geographic region in northern Israel)	1
gamaliel	Γαμαλιήλ	Γαμαλιήλ	Gamaliel	1
garuonas	Γαρυόνας	Γηρῠόνης	Geryon	1
gaian	Γαῖαν	Γαῖα	Gaia or Gaea, the Earth personified as a goddess	1
genesios	Γενέσιος	Γενέσιος	a male given name	1
geruonas	Γηρυόνας	Γηρῠόνης	Geryon	1
geruones	Γηρυόνης	Γηρυόνης	Geryon	1
geruon	Γηρυών	Γηρῠόνης	Geryon	1
glaukou	Γλαύκου	Γλαῦκος	Glaucus	1
glauko	Γλαύκῳ	Γλαῦκος	Glaucus	1
glaukon	Γλαῦκον	Γλαῦκος	Glaucus	1
glaukos	Γλαῦκος	Γλαῦκος	Glaucus	1
gobruas	Γοβρύας	Γοβρύας	a male given name from Old Persian, equivalent to English Go	1
goliath	Γολιάθ	Γολιάθ	Goliath	0
gomorras	Γομόρρας	Γόμορρᾰ	Gomorrah (a city in the Middle East, which, according to the	1
gomorra	Γόμορρα	Γόμορρα	Gomorrah (a city in the Middle East, which, according to the	1
gorillai	Γόριλλαι	Γόριλλαι	Gorillai (a tribe of hairy women described by Hanno the Navi	1
gen	Γῆν	Γῆ	the Earth, personified as a goddess	0
dad	ΔΑΔ	ΔΑΔ	nomen sacrum form of Δαυῑ̈́δ (Dauī̈́d)	0
dan	Δάν	Δάν	Dan	0
daphne	Δάφνη	Δάφνη	Daphne	1
daphni	Δάφνι	Δᾰ́φνῐς	Daphnis, a Sicilian herdsman and the inventor of bucolic poe	1
daphnidi	Δάφνιδι	Δᾰ́φνῐς	Daphnis, a Sicilian herdsman and the inventor of bucolic poe	1
daphnin	Δάφνιν	Δᾰ́φνῐς	Daphnis, a Sicilian herdsman and the inventor of bucolic poe	1
daphnis	Δάφνις	Δάφνις	Daphnis, a Sicilian herdsman and the inventor of bucolic poe	1
delou	Δήλου	Δῆλος	Delos	1
delo	Δήλῳ	Δῆλος	Delos	1
dia	Δία	Ζεύς	Zeus	1
dikaios	Δίκαιος	Δίκαιος	a male given name	1
dike	Δίκη	Δίκη	Dike	1
diken	Δίκην	Δῐ́κη	Dike	1
dikes	Δίκης	Δῐ́κη	Dike	1
dike	Δίκῃ	Δῐ́κη	Dike	1
dindumon	Δίνδυμον	Δίνδυμον	Dindymon or Dindymum, a mountain in Kyzikos and one in Phryg	1
dipulon	Δίπυλον	Δίπυλον	The Dipylon gate	1
dis	Δίς	Ζεύς	Zeus	1
dion	Δίων	Δίων	a male given name, equivalent to English Dion	0
diwa	Δίϝα	Ζεύς	Zeus	1
daidalos	Δαίδαλος	Δαίδαλος	Daedalus	1
dakia	Δακία	Δακία	Dacia	1
damaskos	Δαμασκός	Δαμασκός	a city in modern Syria	1
danaos	Δαναός	Δαναός	Danaus	1
daniel	Δανιήλ	Δανιήλ	a male given name from Biblical Hebrew, equivalent to Englis	0
datames	Δατάμης	Δατάμης	a male given name, Datames, satrap of Cappadocia	1
dei	Δεΐ	Ζεύς	Zeus	1
deimou	Δείμου	Δεῖμος	Deimos, Terror (son of Ares)	1
deimo	Δείμῳ	Δεῖμος	Deimos, Terror (son of Ares)	1
deido	Δειδώ	Δῑδώ	Dido (legendary foundress and queen of Carthage)	1
deus	Δεύς	Ζεύς	Zeus	1
deime	Δεῖμε	Δεῖμος	Deimos, Terror (son of Ares)	1
deimon	Δεῖμον	Δεῖμος	Deimos, Terror (son of Ares)	1
deimos	Δεῖμος	Δεῖμος	Deimos, Terror (son of Ares)	1
demetrio	Δημητρίῳ	Δημήτριος	a male given name, equivalent to English Demetrius	1
dii	Διΐ	Ζεύς	Zeus	1
didoi	Διδοῖ	Δῑδώ	Dido (legendary foundress and queen of Carthage)	1
didoun	Διδοῦν	Δῑδώ	Dido (legendary foundress and queen of Carthage)	1
didous	Διδοῦς	Δῑδώ	Dido (legendary foundress and queen of Carthage)	1
dido	Διδώ	Διδώ	Dido (legendary foundress and queen of Carthage)	1
diomedea	Διομήδεα	Δῐομήδης	a male given name, equivalent to English Diomedes	1
diomedei	Διομήδεϊ	Δῐομήδης	a male given name, equivalent to English Diomedes	1
diomedes	Διομήδης	Διομήδης	a male given name, equivalent to English Diomedes	1
dionusou	Διονύσου	Δῐόνῡσος	Dionysus (the god of wine, ivy and grapes, specifically its 	1
dionuso	Διονύσῳ	Δῐόνῡσος	Dionysus (the god of wine, ivy and grapes, specifically its 	1
diomedes	Διόμηδες	Δῐομήδης	a male given name, equivalent to English Diomedes	1
dionuse	Διόνυσε	Δῐόνῡσος	Dionysus (the god of wine, ivy and grapes, specifically its 	1
dionuson	Διόνυσον	Δῐόνῡσος	Dionysus (the god of wine, ivy and grapes, specifically its 	1
dionusos	Διόνυσος	Διόνυσος	Dionysus (the god of wine, ivy and grapes, specifically its 	1
dios	Διός	Ζεύς	Zeus	1
diwi	Διϝί	Ζεύς	Zeus	1
diwei	Διϝεί	Ζεύς	Zeus	1
diwos	Διϝός	Ζεύς	Zeus	1
dorkas	Δορκάς	Δορκάς	Dorcas	1
drakon	Δράκων	Δράκων	Draco	1
doris	Δωρίς	Δωρίς	Doris, an Oceanid nymph in Greek mythology	0
dorothea	Δωροθέα	Δωροθέα	a female given name, masculine equivalent Δωρόθεος (Dōrótheo	1
dume	Δύμη	Δύμη	Dyme (a city in Achaea, Greece)	1
deaneira	Δῃάνειρα	Δῃάνειρα	Deianira (third wife of Heracles)	1
delon	Δῆλον	Δῆλος	Delos	1
delos	Δῆλος	Δῆλος	Delos	1
die	Δῖε	Δῖος	Dius (the name of a Macedonian month corresponding to Octobe	0
dion	Δῖον	Δῖον	Dion	1
dora	Δῶρα	Δῶρα	Dora	0
eirene	Εἰρήνη	Εἰρήνη	a female given name, equivalent to English Irene	1
eirenen	Εἰρήνην	Εἰρήνη	a female given name, equivalent to English Irene	1
eirenes	Εἰρήνης	Εἰρήνη	a female given name, equivalent to English Irene	1
eisiodos	Εἱσίοδος	Ἡσῐ́οδος	a male given name, Hesiod	1
euemeros	Εὐήμερος	Εὐήμερος	Euhemerus (philosopher)	1
euboias	Εὐβοίας	Εὔβοιᾰ	Euboea	1
euboia	Εὐβοίᾳ	Εὔβοιᾰ	Euboea	1
eugenia	Εὐγενία	Εὐγενία	Eugenia	1
eukleide	Εὐκλείδη	Εὐκλείδης	a male given name, equivalent to English Euclid	1
eulalia	Εὐλαλία	Εὐλαλία	a female given name	1
eunike	Εὐνίκη	Εὐνίκη	a female given name, equivalent to English Eunice	1
eurudike	Εὐρυδίκη	Εὐρυδίκη	a female given name, equivalent to English Eurydice	1
eurualos	Εὐρύαλος	Εὐρύαλος	a male given name, Euryalus	1
europa	Εὐρώπα	Εὐρώπα	Doric form of Εὐρώπη (Eurṓpē)	0
europe	Εὐρώπη	Εὐρώπη	Europa (several characters, most notably a Phoenician prince	0
europa	Εὐρώπᾳ	Εὐρώπᾱ	Doric form of Εὐρώπη (Eurṓpē)	0
eusebios	Εὐσέβιος	Εὐσέβιος	a male given name, equivalent to English Eusebius	1
euterpe	Εὐτέρπη	Εὐτέρπη	Euterpe, muse of music	1
euterpen	Εὐτέρπην	Εὐτέρπη	Euterpe, muse of music	1
euterpes	Εὐτέρπης	Εὐτέρπη	Euterpe, muse of music	1
eua	Εὔα	Εὔα	Eve (wife of Adam)	1
euan	Εὔαν	Εὔα	Eve (wife of Adam)	1
euandros	Εὔανδρος	Εὔανδρος	Evander	1
euboia	Εὔβοια	Εὔβοια	Euboea	1
euboian	Εὔβοιαν	Εὔβοιᾰ	Euboea	1
euxeinos	Εὔξεινος	Εὔξεινος	Euxine Sea	1
euros	Εὖρος	Εὖρος	the east wind (later east-southeast), personified as a god	1
zakunthe	Ζάκυνθε	Ζᾰ́κῠνθος	Zakynthos, Zacynthus, Zante (an island of the Ionian Sea, Gr	1
zalmoxis	Ζάλμοξις	Ζάλμοξις	Zalmoxis, a divinity among the Getae	1
zan	Ζάν	Ζεύς	Zeus	1
zas	Ζάς	Ζεύς	Zeus	1
zea	Ζέα	Ζεύς	Zeus	1
zephure	Ζέφυρε	Ζέφῠρος	Zephyrus (the west wind)	1
zephuron	Ζέφυρον	Ζέφῠρος	Zephyrus (the west wind)	1
zephuros	Ζέφυρος	Ζέφυρος	Zephyrus (the west wind)	1
zelou	Ζήλου	Ζῆλος	Zelus	1
zelo	Ζήλῳ	Ζῆλος	Zelus	1
zen	Ζήν	Ζεύς	Zeus	1
zenon	Ζήνων	Ζήνων	a male given name, equivalent to English Zeno	1
zes	Ζής	Ζεύς	Zeus	1
zaboulon	Ζαβουλών	Ζαβουλών	Zebulun	1
zagreus	Ζαγρεύς	Ζαγρεύς	Zagreus	1
zei	Ζεΐ	Ζεύς	Zeus	1
zephurou	Ζεφύρου	Ζέφῠρος	Zephyrus (the west wind)	1
zephuro	Ζεφύρῳ	Ζέφῠρος	Zephyrus (the west wind)	1
zeos	Ζεός	Ζεύς	Zeus	1
zeuxei	Ζεύξει	Ζεῦξῐς	a male given name, equivalent to English Zeuxis	1
zeuxeos	Ζεύξεως	Ζεῦξῐς	a male given name, equivalent to English Zeuxis	1
zeus	Ζεύς	Ζεύς	Zeus	1
zeu	Ζεῦ	Ζεύς	Zeus	1
zeugma	Ζεῦγμα	Ζεῦγμα	Zeugma, Commagene, Turkey	0
zeun	Ζεῦν	Ζεύς	Zeus	1
zeuxi	Ζεῦξι	Ζεῦξῐς	a male given name, equivalent to English Zeuxis	1
zeuxin	Ζεῦξιν	Ζεῦξῐς	a male given name, equivalent to English Zeuxis	1
zeuxis	Ζεῦξις	Ζεῦξις	a male given name, equivalent to English Zeuxis	1
zeni	Ζηνί	Ζεύς	Zeus	1
zenobios	Ζηνόβιος	Ζηνόβιος	a male given name, equivalent to English Zenobius	1
zenos	Ζηνός	Ζεύς	Zeus	1
zoilos	Ζωΐλος	Ζωΐλος	Zoilus	1
zoe	Ζωή	Ζωή	a female given name, Zoe, Zoë, Zoé, Zoja, Zoya, or Zoey, mea	1
zonaras	Ζωναρᾶς	Ζωναρᾶς	a male surname, famously held by	1
zone	Ζώνη	Ζώνη	Zone, Thrace, Greece	0
zelos	Ζῆλος	Ζῆλος	Zelus	1
zena	Ζῆνα	Ζεύς	Zeus	1
the	ΘΕ	ΘΕ	nomen sacrum form of Θεέ (Theé)	0
thu	ΘΥ	ΘΥ	nomen sacrum form of Θεοῦ (Theoû)	0
tho	ΘΩ	ΘΩ	nomen sacrum form of Θεῷ (Theōî)	0
thaleia	Θάλεια	Θάλεια	Thalia, muse of comedy and idyllic poetry	1
thaleian	Θάλειαν	Θᾰ́λειᾰ	Thalia, muse of comedy and idyllic poetry	1
thanatos	Θάνατος	Θάνατος	Thanatos	1
thekla	Θέκλα	Θέκλα	a female given name, Thecla	1
thermos	Θέρμος	Θέρμος	Thermos (the ancient capital and sanctuary in Aetolia, Greec	0
thebe	Θήβη	Θῆβαι	Thebes, the name of a city in Boeotia	1
thera	Θήρα	Θήρα	Thira, Santorini (an island in the Cyclades, Greece)	1
theron	Θήρων	Θήρων	Theron	0
thais	Θαΐς	Θαΐς	a female given name, equivalent to English Thais	1
thaleias	Θαλείας	Θᾰ́λειᾰ	Thalia, muse of comedy and idyllic poetry	1
thaleia	Θαλείᾳ	Θᾰ́λειᾰ	Thalia, muse of comedy and idyllic poetry	1
thalou	Θαλοῦ	Θᾰλῆς	a male given name, equivalent to English Thales	1
thale	Θαλῆ	Θᾰλῆς	a male given name, equivalent to English Thales	1
thalen	Θαλῆν	Θᾰλῆς	a male given name, equivalent to English Thales	1
thales	Θαλῆς	Θαλῆς	a male given name, equivalent to English Thales	1
theotoke	Θεοτόκε	Θεοτόκος	God-bearer	1
theotoko	Θεοτόκῳ	Θεοτόκος	God-bearer	1
theo	Θεῷ	Θεός	God	0
thebon	Θηβῶν	Θῆβαι	Thebes, the name of a city in Boeotia	1
thurea	Θυρέα	Θυρέα	Thyrea (the ancient capital of Cynuria district, Peloponnesu	1
thomas	Θωμᾶς	Θωμᾶς	Thomas	0
thoth	Θώθ	Θωΰθ	Thoth, the first month of the Coptic calendar	1
thebai	Θῆβαι	Θῆβαι	Thebes, the name of a city in Boeotia	1
kar	Κάρ	Κάρ	Car or Kar, the legendary founder of Caria	0
kasos	Κάσος	Κάσος	Kasos (an island of the Dodecanese, Greece)	1
kaustros	Κάϋστρος	Κάϋστρος	Cayster river	1
kerberos	Κέρβερος	Κέρβερος	Cerberus, the three-headed dog which guards the entrance to 	1
kimole	Κίμωλε	Κῐ́μωλος	Kimolos, Cyclades, Greece	1
kimolon	Κίμωλον	Κῐ́μωλος	Kimolos, Cyclades, Greece	1
kimolos	Κίμωλος	Κίμωλος	Kimolos, Cyclades, Greece	1
kimonos	Κίμωνος	Κῑ́μων	a male given name Cimon	0
kinaros	Κίναρος	Κίναρος	Cinarus	1
kirke	Κίρκη	Κίρκη	a female given name, equivalent to English Circe	1
kirken	Κίρκην	Κῐ́ρκη	a female given name, equivalent to English Circe	1
kirkes	Κίρκης	Κῐ́ρκη	a female given name, equivalent to English Circe	1
kirke	Κίρκῃ	Κῐ́ρκη	a female given name, equivalent to English Circe	1
kaiete	Καιήτη	Καιήτη	The nurse of Aeneas	1
kalabria	Καλαβρία	Καλαβρία	Calabria	1
kalupsoi	Καλυψοῖ	Κᾰλῠψώ	Calypso	1
kalupso	Καλυψώ	Καλυψώ	Calypso	1
kandake	Κανδάκη	Κανδάκη	Candace, a name derived from the Nubian candaces	1
kardia	Καρδία	Καρδία	Cardia (an ancient city in Thrace)	1
kasmenai	Κασμέναι	Κασμέναι	Casmenae (an ancient city in Sicily, founded as a colony by 	1
kasmene	Κασμένη	Κασμέναι	Casmenae (an ancient city in Sicily, founded as a colony by 	1
kastalia	Κασταλία	Κασταλία	Castalia	1
kerasous	Κερασοῦς	Κερασοῦς	Cerasus	1
keruneia	Κερύνεια	Κερύνεια	Ceryneia, a polis of ancient Achaea	1
kimolou	Κιμώλου	Κῐ́μωλος	Kimolos, Cyclades, Greece	1
kleitos	Κλεῖτος	Κλεῖτος	a male given name, Cleitus or Clitus	1
koine	Κοινή	Κοινή	Koine Greek	1
kolkhis	Κολχίς	Κολχίς	Colchis (a historical region and ancient Georgian kingdom on	1
korintho	Κορίνθῳ	Κόρῐνθος	Corinth	1
kosmas	Κοσμᾶς	Κοσμᾶς	a male given name, equivalent to English Cosmas	1
krataii	Κράταιϊ	Κρᾰ́ταιῐ̈ς	Crataeis	1
krataiin	Κράταιϊν	Κρᾰ́ταιῐ̈ς	Crataeis	1
krataiis	Κράταιϊς	Κρᾰταιῐ̈́ς	Crataeis	1
krete	Κρήτη	Κρήτη	Crete	1
kreten	Κρήτην	Κρήτη	Crete	1
kretes	Κρήτης	Κρήτη	Crete	1
krataii	Κραταιΐ	Κρᾰταιῐ̈́ς	Crataeis	1
krataiis	Κραταιΐς	Κραταιΐς	Crataeis	1
kronide	Κρονίδη	Κρονίδης	Son of Cronus	1
kroniden	Κρονίδην	Κρονίδης	Son of Cronus	1
kronides	Κρονίδης	Κρονίδης	Son of Cronus	1
kronidou	Κρονίδου	Κρονίδης	Son of Cronus	1
kroison	Κροῖσον	Κροῖσος	Croesus	1
kroisos	Κροῖσος	Κροῖσος	Croesus	1
kronoio	Κρόνοιο	Κρόνος	Cronus, Kronos	1
kronos	Κρόνος	Κρόνος	Cronus, Kronos	1
kubele	Κυβέλη	Κυβέλη	Cybele	1
kudonia	Κυδωνία	Κυδωνία	Cydonia, Crete, Greece	1
kurene	Κυρήνη	Κυρήνη	Cyrene (a former city near Shahhat, Libya)	1
kurenen	Κυρήνην	Κῡρήνη	Cyrene (a former city near Shahhat, Libya)	1
kurenes	Κυρήνης	Κῡρήνη	Cyrene (a former city near Shahhat, Libya)	1
kurene	Κυρήνῃ	Κῡρήνη	Cyrene (a former city near Shahhat, Libya)	1
kukhreus	Κυχρεύς	Κυχρεύς	Cychreus (the son of Poseidon and the nymph Salamis)	1
korinthe	Κόρινθε	Κόρῐνθος	Corinth	1
korkura	Κόρκυρα	Κόρκυρα	Old Attic and Corcyraean form of Κέρκῡρᾰ (Kérkūră, “Corfu”)	1
kuthera	Κύθηρα	Κύθηρα	Kythira (also spelt Cythera, Kythera or Kithira), one of the	1
kunthos	Κύνθος	Κύνθος	Cynthus, a mountain in Delos, Cyclades, Greece	1
kupre	Κύπρε	Κῠ́προς	Cyprus (an island in the Mediterranean Sea)	1
kupron	Κύπρον	Κῠ́προς	Cyprus (an island in the Mediterranean Sea)	1
kupros	Κύπρος	Κύπρος	Cyprus (an island in the Mediterranean Sea)	1
kuprou	Κύπρου	Κῠ́προς	Cyprus (an island in the Mediterranean Sea)	1
kurillos	Κύριλλος	Κύριλλος	a male given name, equivalent to English Cyril	1
kurnos	Κύρνος	Κύρνος	Corsica	1
kurou	Κύρου	Κῦρος	Cyrus	1
kuro	Κύρῳ	Κῦρος	Cyrus	1
kokalos	Κώκαλος	Κώκαλος	Legendary Sican king, ruler of Camicus, whose myth tells tha	1
korukos	Κώρυκος	Κώρυκος	Corycus	1
kure	Κῦρε	Κῦρος	Cyrus	1
kuron	Κῦρον	Κῦρος	Cyrus	1
kuros	Κῦρος	Κῦρος	Cyrus	1
kos	Κῶς	Κῶς	Kos, an island in the Dodecanese	0
lade	Λάδη	Λάδη	Lade (former island off the coast of Miletus, now part of th	0
ladon	Λάδων	Λάδων	Ladon (river), Arcadia, Greece	1
lazaros	Λάζαρος	Λάζαρος	a male given name, Lazarus, from Hebrew	1
larissa	Λάρισσα	Λᾱ́ρῑσᾰ	Larissa, Thessaly, Greece	0
lakhesis	Λάχεσις	Λάχεσις	Lachesis, one of the three Fates	1
leon	Λέον	Λέων	a male given name, equivalent to English Leon or Leo	1
lesbe	Λέσβε	Λέσβος	Lesbos	1
lesbon	Λέσβον	Λέσβος	Lesbos	1
lesbos	Λέσβος	Λέσβος	Lesbos	1
lesbou	Λέσβου	Λέσβος	Lesbos	1
lesbo	Λέσβῳ	Λέσβος	Lesbos	1
lenaia	Λήναια	Λήναια	Lenaia (an ancient Athenian annual festival in honour of Dio	1
lindos	Λίνδος	Λίνδος	Lindos, Rhodes, Dodecanese, Greece	1
lamia	Λαμία	Λαμία	Lamia	0
lapithes	Λαπίθης	Λαπίθης	one of the Lapithae	1
latinos	Λατῖνος	Λατῖνος	Latinus, a figure in Greek and Roman mythology	0
leuites	Λευΐτης	Λευΐτης	Levite	1
leuktra	Λεῦκτρα	Λεῦκτρα	Leuctra	1
lenaios	Ληναῖος	Ληναῖος	Lenaeus, Dionysus	1
letous	Λητοῦς	Λητώ	Leto	1
leto	Λητώ	Λητώ	Leto	1
libue	Λιβύη	Λιβύη	North Africa	1
loukan	Λουκᾶν	Λουκᾶς	Luke, Lucas	1
loukas	Λουκᾶς	Λουκᾶς	Luke, Lucas	1
louka	Λουκᾷ	Λουκᾶς	Luke, Lucas	1
lois	Λωΐς	Λωΐς	Lois	0
lukos	Λύκος	Λύκος	a male given name, Lycus, Lycos, or Lykos	1
lusippos	Λύσιππος	Λύσιππος	a male given name, Lysippos or Lysippus	1
lagos	Λᾶγος	Λᾶγος	Lagus, ancestor of the Ptolemaic dynasty	1
lemnon	Λῆμνον	Λῆμνος	Lemnos	1
lemnos	Λῆμνος	Λῆμνος	Lemnos	1
linos	Λῖνος	Λῖνος	a male given name, equivalent to English Linus	0
loos	Λῷος	Λῷος	Loios, the name of a Macedonian month corresponding to July	0
mer	ΜΕΡ	ΜΕΡ	nomen sacrum form of μῆτερ (mêter)	0
mer	ΜΗΡ	ΜΗΡ	nomen sacrum form of μήτηρ (mḗtēr)	0
mes	ΜΗΣ	ΜΗΣ	nomen sacrum form of μητρός (mētrós)	0
mri	ΜΡΙ	ΜΡΙ	nomen sacrum form of μητρί (mētrí)	0
mrs	ΜΡΣ	ΜΡΣ	nomen sacrum form of μητρός (mētrós)	0
malkhos	Μάλχος	Μάλχος	a male given name, Malchus, from Hebrew	1
martha	Μάρθα	Μάρθα	a female given name from Aramaic, typically translated as Ma	0
marion	Μάριον	Μάριον	Marium, Cyprus	0
maris	Μάρις	Μάρις	River Maris	0
megaira	Μέγαιρα	Μέγαιρα	One of the Erinyes/Dirae, (Furies, the goddesses of envy and	1
methana	Μέθανα	Μέθανα	Methana (a city in Attica, Greece)	1
melissa	Μέλισσα	Μέλισσα	a female given name, equivalent to English Melissa	0
memphis	Μέμφις	Μέμφις	Memphis, mythological founder of the city of Memphis	1
mentor	Μέντορ	Μέντωρ	Mentor, a mythological figure	1
mentori	Μέντορι	Μέντωρ	Mentor, a mythological figure	1
menon	Μένων	Μένων	Meno	0
messes	Μέσσης	Μέσση	Messa, Laconia, Greece	0
men	Μήν	Μήν	a lunar deity from Anatolia	0
menes	Μήνης	Μήνης	a male given name from Egyptian, of historical usage, notabl	1
midas	Μίδας	Μίδας	Midas	1
mithras	Μίθρας	Μίθρας	Greek name of the figures of various syncretic Helleno-Zoroa	1
mithres	Μίθρης	Μίθρας	Greek name of the figures of various syncretic Helleno-Zoroa	1
mimas	Μίμας	Μίμας	a promontory and mountain range in Ionia, opposite Chios	1
mino	Μίνω	Μῑ́νως	Minos	0
minos	Μίνως	Μίνως	Minos	0
maias	Μαιάς	Μαῖᾰ	Maia, daughter of Atlas	1
makarios	Μακάριος	Μακάριος	a male given name	1
male	Μαλέ	Μαλέ	Malabar, Kerala	0
mania	Μανία	Μανία	a female given name, Mania	0
mania	Μανίᾳ	Μᾱνῐ́ᾱ	a female given name, Mania	0
manethon	Μανεθών	Μανεθών	a male given name, Manetho, from Egyptian, an Egyptian pries	1
maria	Μαρία	Μαρία	Mary, Maria	0
marian	Μαρίαν	Μᾰρῐ́ᾱ	Mary, Maria	0
maria	Μαρίᾳ	Μᾰρῐ́ᾱ	Mary, Maria	0
marathon	Μαραθών	Μαραθών	Marathon, Attica, Greece	1
mariam	Μαριάμ	Μᾰρῐ́ᾱ	Mary, Maria	0
markion	Μαρκίων	Μαρκίων	Marcion, a diminutive of the male given name Μᾶρκος (Mârkos)	1
marrinos	Μαρρῖνος	Μαρῖνος	Generally	1
marinos	Μαρῖνος	Μαρῖνος	Generally	1
massalia	Μασσαλία	Μασσαλία	Massalia (ancient Greek city and colony in modern southern F	1
matthias	Ματθίας	Ματθίας	a male given name from Hebrew, equivalent to English Matthia	0
matthaio	Ματθαίῳ	Ματθαῖος	a male given name from Aramaic, equivalent to English Matthe	1
matthaie	Ματθαῖε	Ματθαῖος	a male given name from Aramaic, equivalent to English Matthe	1
mausolos	Μαύσωλος	Μαύσωλος	a male given name from Carian	1
maia	Μαῖα	Μαῖα	Maia, daughter of Atlas	1
megaris	Μεγαρίς	Μεγαρίς	Megaris or Megarid, the land around Megara	1
methone	Μεθώνη	Μεθώνη	Methoni (a village in Peloponnese, Greece)	1
meletios	Μελέτιος	Μελέτιος	a male given name	1
melite	Μελίτη	Μελίτη	Malta (an island in the Mediterranean Sea, Malta)	1
melites	Μελίτης	Μελῐ́τη	Malta (an island in the Mediterranean Sea, Malta)	1
melitene	Μελιτηνή	Μελιτηνή	Melitene (ancient city of Cappadocia	1
mesore	Μεσορή	Μεσορί	Mesore, the twelfth month of the Ancient Egyptian calendar, 	1
mesori	Μεσορί	Μεσορί	Mesore, the twelfth month of the Ancient Egyptian calendar, 	1
mekheir	Μεχείρ	Μεχείρ	Mecheir, the sixth month of the Ancient Egyptian calendar, c	1
media	Μηδία	Μηδία	Media (a geographic region and ancient satrapy of the Persia	0
melinoe	Μηλινόη	Μηλινόη	Melinoe	1
mormo	Μορμώ	Μορμώ	Mormo, a monstrous spectre in Greek mythology, used as a bog	1
mousaon	Μουσάων	Μοῦσᾰ	Muse	1
mousaios	Μουσαῖος	Μουσαῖος	a male given name, equivalent to English Musaeus	1
mouson	Μουσῶν	Μοῦσᾰ	Muse	1
mousais	Μούσαις	Μοῦσᾰ	Muse	1
mouses	Μούσης	Μοῦσᾰ	Muse	1
mouse	Μούσῃ	Μοῦσᾰ	Muse	1
moiris	Μοῖρις	Μοῖρις	Lake Moeris, Egypt	1
mousa	Μοῦσα	Μοῦσα	Muse	1
mousai	Μοῦσαι	Μοῦσᾰ	Muse	1
mukenas	Μυκήνας	Μῠκῆναι	Mycenae	1
mukonou	Μυκόνου	Μῠ́κονος	Mykonos, Cyclades, Greece	1
mukenai	Μυκῆναι	Μυκῆναι	Mycenae	1
moses	Μωσῆς	Μωυσῆς	a male given name from Hebrew, equivalent to English Moses	0
mouse	Μωυσῇ	Μωυσῆς	a male given name from Hebrew, equivalent to English Moses	0
mouse	Μωϋσῆ	Μωϋσῆς	a male given name from Hebrew, equivalent to English Moses	0
mukone	Μύκονε	Μῠ́κονος	Mykonos, Cyclades, Greece	1
mukonon	Μύκονον	Μῠ́κονος	Mykonos, Cyclades, Greece	1
mukonos	Μύκονος	Μύκονος	Mykonos, Cyclades, Greece	1
murra	Μύρρα	Μύρρα	Myrrha, the mother of Adonis	0
melos	Μῆλος	Μῆλος	Malos or Melos or Milos, an island in the Cyclades, Greece	1
narkisse	Νάρκισσε	Νάρκισσος	Narcissus	1
neaira	Νέαιρα	Νέαιρα	Neæra, a daughter of Oceanus	1
nemesis	Νέμεσις	Νέμεσις	Nemesis, goddess of retribution	0
nestor	Νέστορ	Νέστωρ	Nestor	0
nephthus	Νέφθυς	Νέφθυς	Nephthys (an Egyptian goddess)	1
nikaia	Νίκαια	Νίκαια	any one of a number of cities named Nicaea	1
nike	Νίκη	Νίκη	Nike	1
nazareth	Ναζαρέθ	Νᾱζᾰρέτ	Nazareth, the hometown of Jesus	0
naupakto	Ναυπάκτῳ	Ναύπᾰκτος	Naupactus	1
naiados	Ναϊάδος	Νᾱῐ̈ᾰ́ς	a naiad	1
naias	Ναϊάς	Ναϊάς	a naiad	1
naupakte	Ναύπακτε	Ναύπᾰκτος	Naupactus	1
neapolis	Νεάπολις	Νεάπολις	Any one of various Greek and Hellenistic cities named Neapol	1
neilos	Νεῖλος	Νεῖλος	Nile (a large river in Africa, usually considered to be the 	1
nereis	Νηρηΐς	Νηρηΐς	a daughter of Nereus	1
nikaia	Νικαίᾳ	Νῑ́καιᾰ	any one of a number of cities named Nicaea	1
nikolaos	Νικόλαος	Νικόλαος	a male given name, equivalent to English Nicholas	1
notion	Νότιον	Νότιον	Notium, Aeolis, Turkey	0
notos	Νότος	Νότος	Notus, the god of the south wind	1
noe	Νῶε	Νῶε	Noah	0
nola	Νῶλα	Νῶλα	Nola (a city in Campania, in southern Italy)	0
xerxeo	Ξέρξεω	Ξέρξης	a male given name, Xerxes, from Old Persian, the name of two	1
xerxe	Ξέρξη	Ξέρξης	a male given name, Xerxes, from Old Persian, the name of two	1
xerxes	Ξέρξης	Ξέρξης	a male given name, Xerxes, from Old Persian, the name of two	1
xerxou	Ξέρξου	Ξέρξης	a male given name, Xerxes, from Old Persian, the name of two	1
oineus	Οἰνεύς	Οἰνεύς	a male given name, Oeneus	1
oiagros	Οἴαγρος	Οἴαγρος	Oeagrus (a king of Thrace, father of Orpheus)	1
ourane	Οὐρανέ	Οὐρᾰνός	Uranus, a primordial god in Greek mythology	1
ouranou	Οὐρανοῦ	Οὐρᾰνός	Uranus, a primordial god in Greek mythology	1
ouranon	Οὐρανόν	Οὐρᾰνός	Uranus, a primordial god in Greek mythology	1
ouranos	Οὐρανός	Οὐρανός	Uranus, a primordial god in Greek mythology	1
ourano	Οὐρανῷ	Οὐρᾰνός	Uranus, a primordial god in Greek mythology	1
oulumpos	Οὔλυμπος	Ὄλῠμπος	Olympus (a mountain in Greece)	1
ourios	Οὔριος	Οὔριος	rare epithet of Zeus	1
per	ΠΕΡ	ΠΕΡ	nomen sacrum form of πάτερ (páter)	0
per	ΠΗΡ	ΠΗΡ	nomen sacrum form of πατήρ (patḗr)	0
pna	ΠΝΑ	ΠΝΑ	nomen sacrum form of πνεῦμα (pneûma)	0
pri	ΠΡΙ	ΠΡΙ	nomen sacrum form of πατρί (patrí)	0
pallas	Πάλλας	Πάλλας	Pallas, the name of a number of male figures in Greek mythol	0
pan	Πάν	Πάν	Pan, the Greek god of shepherds and nature	0
panormos	Πάνορμος	Πάνορμος	Panormus (an ancient city in Sicily, situated on the norther	1
pari	Πάρι	Πᾰ́ρῐς	Paris	0
paris	Πάρις	Πάρις	Paris	0
pater	Πάτερ	Πᾰτήρ	God the Father	0
patrai	Πάτραι	Πάτραι	Patras, Achaea, Greece	1
patras	Πάτρας	Πάτραι	Patras, Achaea, Greece	1
paphos	Πάφος	Πάφος	Paphos, Cyprus	1
pergamon	Πέργαμον	Πέργαμον	Pergamon	1
pergamos	Πέργαμος	Πέργᾰμον	Pergamon	1
persao	Πέρσαο	Πέρσης	a male given name, equivalent to English Perses	1
perseo	Πέρσεω	Πέρσης	a male given name, equivalent to English Perses	1
perse	Πέρση	Πέρση	Perse (an Oceanid, (one of the three thousand daughters of t	1
persen	Πέρσην	Πέρσης	a male given name, equivalent to English Perses	1
perses	Πέρσης	Πέρσης	a male given name, equivalent to English Perses	1
persou	Πέρσου	Πέρσης	a male given name, equivalent to English Perses	1
perso	Πέρσω	Πέρσης	a male given name, equivalent to English Perses	1
perse	Πέρσῃ	Πέρσης	a male given name, equivalent to English Perses	1
pelion	Πήλιον	Πήλιον	Pelion, Thessaly, Greece	1
pindaros	Πίνδαρος	Πίνδαρος	Pindar	1
paionia	Παιονία	Παιονία	Paeonia (the land of the Paeonians, a people inhabiting betw	1
pallas	Παλλάς	Παλλάς	Pallas (Athena)	0
pales	Παλῆς	Παλείς	Paleis (an area of Cephalonia, Greece)	0
pandion	Πανδίων	Πανδίων	Pandion	0
pandora	Πανδώρα	Πανδώρα	Pandora	0
pasiphae	Πασιφάη	Πασιφάη	Pasiphae	1
pater	Πατήρ	Πατήρ	God the Father	0
pakhon	Παχών	Παχών	Pachon, the ninth month of the Ancient Egyptian calendar, co	1
pauni	Παϋνί	Παϋνί	Pauni (tenth month of the Coptic calendar)	1
pelagios	Πελάγιος	Πελάγιος	a male given name, equivalent to English Pelagius	1
persea	Περσέα	Περσεύς	Perseus, a mythological figure	1
perseos	Περσέως	Περσεύς	Perseus, a mythological figure	1
perseus	Περσεύς	Περσεύς	Perseus, a mythological figure	1
persei	Περσεῖ	Περσεύς	Perseus, a mythological figure	1
perseu	Περσεῦ	Περσεύς	Perseus, a mythological figure	1
pelea	Πηλέα	Πηλεύς	Peleus (a king of Phthia, son of Aeacus and Endeïs, brother 	1
peleos	Πηλέος	Πηλεύς	Peleus (a king of Phthia, son of Aeacus and Endeïs, brother 	1
pelei	Πηλέϊ	Πηλεύς	Peleus (a king of Phthia, son of Aeacus and Endeïs, brother 	1
peleus	Πηλεύς	Πηλεύς	Peleus (a king of Phthia, son of Aeacus and Endeïs, brother 	1
penelope	Πηνελόπη	Πηνελόπη	a female given name, Penelope	0
pleiada	Πλειάδα	Πλειάς	one of the Pleiades	1
pleias	Πλειάς	Πλειάς	one of the Pleiades	1
pnuki	Πνυκί	Πνῠ́ξ	The Pnyx, Athens, Attica, Greece	1
pnukos	Πνυκός	Πνῠ́ξ	The Pnyx, Athens, Attica, Greece	1
pnuka	Πνύκα	Πνῠ́ξ	The Pnyx, Athens, Attica, Greece	1
pnux	Πνύξ	Πνύξ	The Pnyx, Athens, Attica, Greece	1
polemon	Πολέμων	Πολέμων	a male given name, equivalent to English Polemon	1
polumnia	Πολυμνία	Πολῡ́μνῐᾰ	Polyhymnia (muse of sacred hymns and poetry)	1
polumnia	Πολύμνια	Πολύμνια	Polyhymnia (muse of sacred hymns and poetry)	1
poseidon	Ποσειδῶν	Ποσειδῶν	Poseidon	1
priamon	Πρίαμον	Πρῐ́ᾰμος	Priam	1
priamos	Πρίαμος	Πρίαμος	Priam	1
priamoio	Πριάμοιο	Πρῐ́ᾰμος	Priam	1
priamou	Πριάμου	Πρίᾰμος	Priam	1
priamo	Πριάμῳ	Πρίᾰμος	Priam	1
prokopio	Προκοπίῳ	Προκόπῐος	Procopius or Prokopios	1
prokopie	Προκόπιε	Προκόπῐος	Procopius or Prokopios	1
prousa	Προῦσα	Προῦσα	Prusa	1
pteria	Πτερία	Πτερία	Pteria (an ancient city in Cappadocia, modern Turkey)	1
putho	Πυθώ	Πυθώ	Pytho	1
pukni	Πυκνί	Πνῠ́ξ	The Pnyx, Athens, Attica, Greece	1
puknos	Πυκνός	Πνῠ́ξ	The Pnyx, Athens, Attica, Greece	1
pulades	Πυλάδης	Πυλάδης	Pylades (a Phocian prince known for his relationship with hi	1
purene	Πυρήνη	Πυρήνη	Pyrene (a daughter of King Bebryx who was loved or violated 	1
ponte	Πόντε	Πόντος	Pontus (a sea god)	1
pontoio	Πόντοιο	Πόντος	Pontus (a sea god)	1
ponton	Πόντον	Πόντος	Pontus (a sea god)	1
pontos	Πόντος	Πόντος	Pontus (a sea god)	1
pontou	Πόντου	Πόντος	Pontus (a sea god)	1
ponto	Πόντῳ	Πόντος	Pontus (a sea god)	1
puthon	Πύθων	Πύθων	Python (earth-dragon of Delphi)	1
pukna	Πύκνα	Πνῠ́ξ	The Pnyx, Athens, Attica, Greece	1
pulon	Πύλον	Πῠ́λος	Pylos, Messenia, Greece	1
pulos	Πύλος	Πύλος	Pylos, Messenia, Greece	1
pulou	Πύλου	Πῠ́λος	Pylos, Messenia, Greece	1
pulo	Πύλῳ	Πῠ́λος	Pylos, Messenia, Greece	1
pisa	Πῖσα	Πῖσα	Pisa (ancient place situated in ancient Elis, Greece)	0
ser	ΣΕΡ	ΣΕΡ	nomen sacrum form of σῶτερ (sôter)	0
ser	ΣΗΡ	ΣΗΡ	nomen sacrum form of σωτήρ (sōtḗr)	0
sri	ΣΡΙ	ΣΡΙ	nomen sacrum form of σωτῆρι (sōtêri)	0
ste	ΣΤΕ	ΣΤΕ	nomen sacrum form of σταυρέ (stauré)	0
stu	ΣΤΥ	ΣΤΥ	nomen sacrum form of σταυροῦ (stauroû)	0
sale	Σάλη	Σάλη	Sale, Thrace, Greece	0
same	Σάμε	Σᾰ́μος	the name of several Greek islands	0
same	Σάμη	Σάμη	Same, an island in the Ionian Sea, near Ithaca and Cephaloni	0
samos	Σάμος	Σάμος	the name of several Greek islands	0
samo	Σάμω	Σᾰ́μος	the name of several Greek islands	0
same	Σάμῃ	Σᾰ́μη	Same, an island in the Ionian Sea, near Ithaca and Cephaloni	0
sane	Σάνη	Σάνη	Sane	0
sara	Σάρα	Σάρα	Sarah	0
sardeis	Σάρδεις	Σάρδεις	Sardis, Lydia	1
sardies	Σάρδιες	Σᾰ́ρδεις	Sardis, Lydia	1
sason	Σάσων	Σάσων	Sazan (an island in modern-day Albania)	1
sai	Σάϊ	Σᾰ́ῐ̈ς	Sais (a city in Egypt	0
sais	Σάϊς	Σάϊς	Sais (a city in Egypt	0
serapis	Σέραπις	Σάρᾱπις	Serapis	1
seth	Σήθ	Σήθ	Set (an Egyptian god)	0
sibulla	Σίβυλλα	Σίβυλλα	Sibyl	1
side	Σίδη	Σίδη	Side (an ancient city, archaeological site, and modern town 	1
silas	Σίλας	Σῑλᾶς	a male given name from Aramaic, equivalent to English Silas	0
simon	Σίμων	Σίμων	Simon or Simo, a common Ancient Greek name held by one of th	0
sinais	Σίναις	Σῖναι	a people of East Asia usually identified as the southern Chi	1
sinas	Σίνας	Σῖναι	a people of East Asia usually identified as the southern Chi	1
salomon	Σαλομών	Σολομών	a male given name from Hebrew, equivalent to English Solomon	1
salonike	Σαλονίκη	Θεσσαλονίκη	Thessaloniki (a city in the region of Macedonia, Greece)	1
sampson	Σαμψών	Σαμψών	Samson, a judge of Israel	0
sappho	Σαπφώ	Σαπφώ	a female given name	1
satan	Σατάν	Σατάν	Satan	0
satan	Σατᾶν	Σᾰτᾰ́ν	Satan	0
sao	Σαώ	Σαώ	Sao (Nereid)	0
sebastos	Σεβαστός	Σεβαστός	Augustus	1
seilenos	Σειληνός	Σῑληνός	Silenus (a companion and tutor to the wine god Dionysus)	1
seion	Σειών	Σῑών	Zion (a hill in West Jerusalem, in Israel, on which ancient 	1
semele	Σεμέλη	Σεμέλη	Semele, mother of Dionysus	1
sidon	Σιδών	Σιδών	Sidon or Zidon, a Phoenician city	1
sikelia	Σικελία	Σικελία	Sicily (an island and former kingdom in Europe)	1
sikelian	Σικελίαν	Σῐκελῐ́ᾱ	Sicily (an island and former kingdom in Europe)	1
sikelias	Σικελίας	Σικελίᾱ	Sicily (an island and former kingdom in Europe)	1
sikelia	Σικελίᾳ	Σῐκελῐ́ᾱ	Sicily (an island and former kingdom in Europe)	1
silenos	Σιληνός	Σιληνός	Silenus (a companion and tutor to the wine god Dionysus)	1
silas	Σιλᾶς	Σιλᾶς	a male given name from Aramaic, equivalent to English Silas	0
sinon	Σινῶν	Σῖναι	a people of East Asia usually identified as the southern Chi	1
sion	Σιών	Σιών	Zion (a hill in West Jerusalem, in Israel, on which ancient 	1
skiathos	Σκίαθος	Σκίαθος	Sciathus	1
skiron	Σκίρων	Σκίρων	Sciron (a Corinthian outlaw killed by the hero Theseus on th	1
skuthia	Σκυθία	Σκυθία	Scythia (a geographic region encompassing the Pontic-Caspian	1
skulla	Σκύλλα	Σκύλλα	Scylla	1
skulle	Σκύλλη	Σκύλλα	Scylla	1
skuros	Σκῦρος	Σκῦρος	Scyrus	1
smurna	Σμύρνα	Σμύρνα	Smyrna	1
smurne	Σμύρνη	Σμύρνᾱ	Smyrna	1
solomon	Σολομών	Σολομών	a male given name from Hebrew, equivalent to English Solomon	1
sousanna	Σουσάννα	Σουσάννα	Susanna	1
sophia	Σοφία	Σοφία	personification of wisdom	1
sousa	Σοῦσα	Σοῦσα	Susa (an ancient city in Iran)	0
soukhos	Σοῦχος	Σοῦχος	Sobek (an ancient Egyptian deity associated with the crocodi	1
sparta	Σπάρτα	Σπάρτη	Sparta, Sparti (a city in Laconia, Greece)	1
sparte	Σπάρτη	Σπάρτη	Sparta, Sparti (a city in Laconia, Greece)	1
sparten	Σπάρτην	Σπάρτη	Sparta, Sparti (a city in Laconia, Greece)	1
spartes	Σπάρτης	Σπάρτη	Sparta, Sparti (a city in Laconia, Greece)	1
sparte	Σπάρτῃ	Σπᾰ́ρτη	Sparta, Sparti (a city in Laconia, Greece)	1
stentor	Στέντωρ	Στέντωρ	Stentor	1
stugos	Στυγός	Στύξ	the river Styx	1
stux	Στύξ	Στύξ	the river Styx	1
sumeon	Συμεών	Συμεών	Simeon	1
suria	Συρία	Συρία	Syria (a historical region of West Asia, extending from mode	1
surian	Συρίαν	Σῠρῐ́ᾱ	Syria (a historical region of West Asia, extending from mode	1
surias	Συρίας	Σῠρῐ́ᾱ	Syria (a historical region of West Asia, extending from mode	1
suria	Συρίᾳ	Σῠρῐ́ᾱ	Syria (a historical region of West Asia, extending from mode	1
sphigx	Σφίγξ	Σφίγξ	Sphinx, sphinx	1
sokratei	Σωκράτει	Σωκρᾰ́της	a male given name, equivalent to English Socrates	1
sokrate	Σωκράτη	Σωκρᾰ́της	a male given name, equivalent to English Socrates	1
sokraten	Σωκράτην	Σωκρᾰ́της	a male given name, equivalent to English Socrates	1
sokrates	Σωκράτης	Σωκράτης	a male given name, equivalent to English Socrates	1
sodoma	Σόδομα	Σόδομα	Sodom (a historical city in the Middle East)	1
solon	Σόλων	Σόλων	Solon	0
sura	Σύρα	Σύρα	A common female slave name	0
sokrates	Σώκρατες	Σωκρᾰ́της	a male given name, equivalent to English Socrates	1
sinai	Σῖναι	Σῖναι	a people of East Asia usually identified as the southern Chi	1
surigx	Σῦριγξ	Σῦριγξ	Syrinx (an Arcadian nymph, changed into a reed)	1
sothis	Σῶθις	Σῶθις	Sothis (an Egyptian god)	1
tan	Τάν	Ζεύς	Zeus	1
taras	Τάρας	Τάρας	Taras, a colony in Magna Graecia founded by Sparta	1
tartaros	Τάρταρος	Τάρταρος	Tartarus	1
taphios	Τάφιος	Τάφιος	Taphius, the colonizer in Greek mythology of the islands of 	1
tempe	Τέμπη	Τέμπη	the Vale of Tempe, Thessaly, Greece	0
tigris	Τίγρις	Τῐ́γρης	the river Tigris	0
tiruntha	Τίρυνθα	Τῑ́ρῠνς	Tiryns	1
tirunthi	Τίρυνθι	Τῑ́ρῠνς	Tiryns	1
tiruns	Τίρυνς	Τίρυνς	Tiryns	1
teispes	Τεΐσπης	Τεΐσπης	a male given name, Teispes, from Old Persian, an ancestor of	1
tzetzes	Τζέτζης	Τζέτζης	a male surname, famously held by	1
tethus	Τηθύς	Τηθύς	Tethys (personification of fertile waters, she was a Titan d	1
tereus	Τηρεύς	Τηρεύς	Tereus (a king of Thrace	1
tiberias	Τιβεριάς	Τιβεριάς	Tiberias, Israel	1
titan	Τιτάν	Τιτάν	one of the Titans in Greek mythology	0
tituos	Τιτυός	Τιτυός	Tityus	1
tripolis	Τρίπολις	Τρίπολις	A city in Phoenicia (now Tripoli, Lebanon), founded and admi	1
triton	Τρίτων	Τρίτων	Triton (god of the sea, son of Poseidon)	1
tritaia	Τριταία	Τριταία	Tritaea	1
troia	Τροία	Τροία	Troy	1
troian	Τροίαν	Τροίᾱ	Troy	1
troias	Τροίας	Τροίᾱ	Troy	1
troie	Τροίη	Τροίᾱ	Troy	1
troas	Τρωάς	Τρωάς	the Troas	1
troades	Τρῳάδες	Τρῳᾰ́ς	the Troas	1
troas	Τρῳάς	Τρῳάς	Troas, Troad	1
tubi	Τυβί	Τυβί	Tybi, the fifth month of the Ancient Egyptian calendar, corr	1
tursenia	Τυρσηνία	Τυρρηνῐ́ᾱ	Tyrrhenia	1
tobias	Τωβίας	Τωβίας	a male given name from Biblical Hebrew, equivalent to Englis	0
turos	Τύρος	Τύρος	Tyre, a Phoenician city	1
tukhon	Τύχων	Τύχων	epithet of Hermes and of Priapus	1
tion	Τῖον	Τῖον	Tium, Bithynia, Turkey	0
phaleron	Φάληρον	Φάληρον	Phalerum	1
pharos	Φάρος	Φάρος	Pharos (a former island off Alexandria, Egypt)	1
philippe	Φίλιππε	Φῐ́λῐππος	a male given name, equivalent to English Philip	0
phix	Φίξ	Σφίγξ	Sphinx, sphinx	1
phaidra	Φαίδρα	Φαίδρα	Phaedra (the wife of Theseus, who falls in love with but is 	1
phaidon	Φαίδων	Φαίδων	Phaedo (an ancient Greek philosopher)	1
phainon	Φαίνων	Φαίνων	the planet Saturn (literally “the shiner”)	1
phaistos	Φαιστός	Φαιστός	Phaestum (a town in Crete, Greece)	1
phaophi	Φαωφί	Φαωφί	Phaophi, the second month of the Ancient Egyptian calendar, 	1
phaidros	Φαῖδρος	Φαῖδρος	Phaedrus	1
phegeus	Φηγεύς	Φηγεύς	Phegeus, priest of Hephaestus in Troy, slain by Diomedes	1
phineus	Φινεύς	Φινεύς	Phineus	1
phoibou	Φοίβου	Φοῖβος	Phoebus	1
phoibo	Φοίβῳ	Φοῖβος	Phoebus	1
phoinike	Φοινίκη	Φοινίκη	Phoenicia	1
phoinike	Φοινίκῃ	Φοινῑ́κη	Phoenicia	1
phoibe	Φοῖβε	Φοῖβος	Phoebus	1
phoibon	Φοῖβον	Φοῖβος	Phoebus	1
phoibos	Φοῖβος	Φοῖβος	Phoebus	1
phokis	Φωκίς	Φωκίς	Phocis, a region in Greece	1
phokaia	Φώκαια	Φώκαια	Phocaea (an ancient Ionian Greek city on the western coast o	1
kho	ΧΩ	ΧΩ	nomen sacrum form of Χριστῷ (Khristōî)	0
khares	Χάρης	Χάρης	a male given name, equivalent to English Chares	1
kharon	Χάρον	Χᾰ́ρων	Charon	1
kharonta	Χάροντα	Χᾰ́ρων	Charon	1
kharonti	Χάροντι	Χᾰ́ρων	Charon	1
kharon	Χάρων	Χάρων	Charon	1
kharona	Χάρωνα	Χᾰ́ρων	Charon	1
kharoni	Χάρωνι	Χᾰ́ρων	Charon	1
kharonos	Χάρωνος	Χᾰ́ρων	Charon	1
khie	Χίε	Χῐ́ος	Chios (an island in the eastern Aegaean Sea)	1
khimaira	Χίμαιρα	Χίμαιρα	Chimera, a mythological animal	1
khion	Χίον	Χῐ́ος	Chios (an island in the eastern Aegaean Sea)	1
khios	Χίος	Χίος	Chios (an island in the eastern Aegaean Sea)	1
khiou	Χίου	Χῐ́ος	Chios (an island in the eastern Aegaean Sea)	1
khio	Χίῳ	Χῐ́ος	Chios (an island in the eastern Aegaean Sea)	1
khaldaia	Χαλδαία	Χαλδαία	Chaldea (an ancient geographic region of West Asia, in the s	1
khalkis	Χαλκίς	Χαλκίς	Chalcis	1
khaonia	Χαονία	Χαονία	Chaonia	1
khariton	Χαρίτων	Χαρίτων	a male given name, Chariton	1
kheilon	Χείλων	Χείλων	Chilon	1
khephren	Χεφρῆν	Χεφρῆν	a male given name, Chephren, from Egyptian, an Egyptian phar	1
khoaspes	Χοάσπης	Χοάσπης	river Choaspes	1
khoiak	Χοίακ	Χοίακ	Choiak, the fourth month of the Ancient Egyptian calendar, c	1
khrusis	Χρυσίς	Χρυσίς	Chrysis	1
khruseis	Χρυσηΐς	Χρυσηΐς	Chryseis	1
khruse	Χρύση	Χρύση	Chryse, the name of several people and places in Greek mytho	1
khrusen	Χρύσην	Χρῡ́ση	Chryse, the name of several people and places in Greek mytho	1
theotoke	θεοτόκε	θεοτόκος	God-bearer	1
theotoko	θεοτόκῳ	θεοτόκος	God-bearer	1
soukhos	σοῦχος	σοῦχος	Egyptian name for a sacred crocodile seen as a living image 	1
aides	Ἀΐδης	ᾍδης	Hades (Greek god)	0
aethlios	Ἀέθλιος	Ἀέθλιος	a male given name, equivalent to English Aethlius	1
aaron	Ἀαρών	Ἀαρών	Aaron, the brother of Moses	0
abaddon	Ἀβαδδών	Ἀβαδδών	Abaddon, the destroying spirit mentioned in Revelation 9	1
abilene	Ἀβιληνή	Ἀβιληνή	Abilene (a region of Syria)	0
agaue	Ἀγαυή	Ᾰ̓γαύη	a female given name, Agave, borne by several figures in Gree	1
agaue	Ἀγαύη	Ἀγαύη	a female given name, Agave, borne by several figures in Gree	1
aglaia	Ἀγλαΐα	Ἀγλαΐα	Aglaea, Aglaia	1
agkhisao	Ἀγχίσαο	Ἀγχῑ́σης	a male given name, equivalent to English Anchises	1
agkhises	Ἀγχίσης	Ἀγχίσης	a male given name, equivalent to English Anchises	1
adam	Ἀδάμ	Ἀδάμ	Adam (husband of Eve)	0
athenain	Ἀθήναιν	Ἀθήναις	a female given name, equivalent to English Athenais	1
athenais	Ἀθήναις	Ἀθήναιος	a male given name	1
athenas	Ἀθήνας	Ἀθῆναι	Athens, the main city in Attica	1
athene	Ἀθήνη	Ἀθήνη	Athena	1
athenen	Ἀθήνην	Ᾰ̓θήνη	Athena	1
athenes	Ἀθήνης	Ᾰ̓θήνη	Athena	1
athene	Ἀθήνῃ	Ᾰ̓θήνη	Athena	1
athenai	Ἀθηναΐ	Ᾰ̓θηνᾰῐ̈́ς	a female given name, equivalent to English Athenais	1
athenais	Ἀθηναΐς	Ἀθηναΐς	a female given name, equivalent to English Athenais	1
athenaie	Ἀθηναίη	Ἀθηνᾶ	Athena	1
athena	Ἀθηνᾶ	Ἀθηνᾶ	Athena	1
athenan	Ἀθηνᾶν	Ᾰ̓θηνᾶ	Athena	1
athenas	Ἀθηνᾶς	Ᾰ̓θηνᾶ	Athena	1
athena	Ἀθηνᾷ	Ᾰ̓θηνᾶ	Athena	1
athenon	Ἀθηνῶν	Ἀθῆναι	Athens, the main city in Attica	1
athenai	Ἀθῆναι	Ἀθῆναι	Athens, the main city in Attica	1
akademos	Ἀκάδημος	Ἀκάδημος	Academus	1
akademia	Ἀκαδημία	Ἀκαδημία	The Academy, an Athenian gymnasium where Plato taught	1
alias	Ἀλίας	Ἀλίας	Allia	0
albania	Ἀλβανία	Ἀλβανία	Caucasian Albania (an ancient region and former kingdom in W	0
althaia	Ἀλθαία	Ἀλθαία	Althaea	1
alkinoe	Ἀλκίνοε	Ἀλκίνοος	a male given name, equivalent to English Alcinous	1
alkinoon	Ἀλκίνοον	Ἀλκίνοος	a male given name, equivalent to English Alcinous	1
alkinoos	Ἀλκίνοος	Ἀλκίνοος	a male given name, equivalent to English Alcinous	1
alkaios	Ἀλκαῖος	Ἀλκαῖος	a male given name, equivalent to English Alcaeus	1
alkeides	Ἀλκείδης	Ἀλκείδης	Alcides (synonym of Hercules)	1
alkinoou	Ἀλκινόου	Ἀλκίνοος	a male given name, equivalent to English Alcinous	1
amalek	Ἀμαλήκ	Ἀμαλήκ	Amalec, Amalek	1
andreas	Ἀνδρέας	Ἀνδρέας	a male given name, equivalent to English Andrew	1
antonia	Ἀντωνία	Ἀντωνία	Antonia	0
apollo	Ἀπόλλω	Ἀπόλλων	Apollo	0
araxes	Ἀράξης	Ἀράξης	Araxes	0
aretas	Ἀρέτας	Ἀρέτας	Aretas, the name of various kings of the Nabataeans	1
arabia	Ἀραβία	Ἀραβία	a peninsula of West Asia between the Red Sea and the Persian	0
arbakes	Ἀρβάκης	Ἀρβάκης	a male given name, Arbaces, from Old Median	1
argoi	Ἀργοῖ	Ᾰ̓ργώ	Argo (ship)	1
argous	Ἀργοῦς	Ᾰ̓ργώ	Argo (ship)	1
argo	Ἀργώ	Ἀργώ	Argo (ship)	1
ariadne	Ἀριάδνη	Ἀριάδνη	a female given name, Ariadne	1
armenia	Ἀρμενία	Ἀρμενία	Armenia (an ancient Armenian kingdom in eastern Anatolia, in	0
arsakes	Ἀρσάκης	Ἀρσάκης	Arsaces	1
arses	Ἀρσής	Ἀρσής	a male given name from Old Persian, equivalent to English Ar	0
arsinoe	Ἀρσινόη	Ἀρσινόη	a female given name, Arsinoe	1
arsinoen	Ἀρσινόην	Ᾰ̓ρσῐνόη	a female given name, Arsinoe	1
arsinoes	Ἀρσινόης	Ᾰ̓ρσῐνόη	a female given name, Arsinoe	1
arsinoe	Ἀρσινόῃ	Ᾰ̓ρσῐνόη	a female given name, Arsinoe	1
asa	Ἀσά	Ἀσά	Asa	1
asia	Ἀσία	Ἀσία	Anatolia, Asia Minor (an ancient region of West Asia, approx	0
askanios	Ἀσκάνιος	Ἀσκάνιος	Ascanius	1
asklepio	Ἀσκληπιῷ	Ἀσκληπῐός	Asclepius	1
astarte	Ἀστάρτη	Ἀστάρτη	Astarte	1
astarten	Ἀστάρτην	Ἀστάρτη	Astarte	1
astartes	Ἀστάρτης	Ἀστάρτη	Astarte	1
asterion	Ἀστέριον	Ἀστέριον	Asterium, Thessaly, Greece	0
astuigas	Ἀστυΐγας	Ἀστυΐγας	a male given name, Astyages, from Old Median	1
astuages	Ἀστυάγης	Ἀστυάγης	a male given name, Astyages, from Old Median	1
atlantis	Ἀτλαντίς	Ἀτλαντίς	Atlantic Ocean	1
atreida	Ἀτρεΐδα	Ἀτρεΐδης	a child of Atreus, an Atreid	1
atreidai	Ἀτρεΐδαι	Ἀτρεΐδης	a child of Atreus, an Atreid	1
atreidao	Ἀτρεΐδαο	Ἀτρεΐδης	a child of Atreus, an Atreid	1
atreideo	Ἀτρεΐδεω	Ἀτρεΐδης	a child of Atreus, an Atreid	1
atreide	Ἀτρεΐδη	Ἀτρεΐδης	a child of Atreus, an Atreid	1
atreiden	Ἀτρεΐδην	Ἀτρεΐδης	a child of Atreus, an Atreid	1
atreides	Ἀτρεΐδης	Ἀτρείδης	a child of Atreus, an Atreid	1
atreides	Ἀτρεΐδῃς	Ἀτρεΐδης	a child of Atreus, an Atreid	1
attaleia	Ἀττάλεια	Ἀττάλεια	Antalya, Attalia (a city in modern Turkey)	1
akheron	Ἀχέρων	Ἀχέρων	Acheron, a river in Epirus	1
akhileus	Ἀχιλεύς	Ᾰ̓χῐλλεύς	a male given name, Achilles	1
akhillea	Ἀχιλλέα	Ᾰ̓χῐλλεύς	a male given name, Achilles	1
akhillei	Ἀχιλλέϊ	Ᾰ̓χῐλλεύς	a male given name, Achilles	1
akhilleu	Ἀχιλλεῦ	Ᾰ̓χῐλλεύς	a male given name, Achilles	1
agne	Ἁγνή	Ἁγνή	a female given name, Hagne, equivalent to English Agnes or I	1
athur	Ἁθύρ	Ἁθύρ	Hathyr, the third month of the Ancient Egyptian calendar, co	1
armonia	Ἁρμονία	Ἁρμονία	Harmonia	1
aba	Ἄβα	Ἄβα	a female given name, Aba	0
abas	Ἄβας	Ἄβας	a male given name, Abas	0
abdera	Ἄβδηρα	Ἄβδηρα	Abdera (a city in Thrace, Greece)	1
agkura	Ἄγκυρα	Ἄγκυρα	Ancyra	1
agra	Ἄγρα	Ἄγρα	A deme of Attica famous for its temple of Artemis	0
agron	Ἄγρων	Ἄγρων	a male given name from Illyrian	1
adana	Ἄδανα	Ἄδανα	Adana (a city, the capital of Adana Province, Turkey)	0
akis	Ἄκις	Ἄκις	a river on the east coast of Sicily, that flowed from Etna n	1
akrai	Ἄκραι	Ἄκραι	a colony of Sicily, founded by Syracusans in 663 BC, located	1
alas	Ἄλας	Ἄλας	Ahala	0
alexis	Ἄλεξις	Ἄλεξις	a male given name meaning “helper	0
andre	Ἄνδρε	Ᾰ̓́νδρος	Andros, an island in the Cyclades	0
anna	Ἄννα	Ἄννα	Hannah (biblical character)	0
annas	Ἄννας	Ἄννα	Hannah (biblical character)	0
antiphos	Ἄντιφος	Ἄντιφος	a male given name, equivalent to English Antiphus	1
anokhos	Ἄνωχος	Ἑνώχ	Enoch (first son of Cain)	1
arar	Ἄραρ	Ἄραρ	Arar	0
argon	Ἄργον	Ᾰ̓́ργος	Argos	0
argos	Ἄργος	Ἄργος	Argos	0
argo	Ἄργῳ	Ᾰ̓́ργος	Argos	1
ares	Ἄρες	Ἄρης	the deity Ares	0
are	Ἄρη	Ἄρης	the deity Ares	0
area	Ἄρηα	Ἄρης	the deity Ares	0
arne	Ἄρνη	Ἄρνη	Arne	0
artemis	Ἄρτεμις	Ἄρτεμις	Artemis, one of the Greek goddesses	0
ate	Ἄτη	Ἄτη	Atë, the goddess of mischief, delusion, ruin, and folly	0
atlas	Ἄτλας	Ἄτλας	Atlas	0
abel	Ἅβελ	Ἅβελ	Abel, the son of Adam	0
athor	Ἅθωρ	Ἅθωρ	Hathor (the goddess of joy, love, and motherhood	1
akis	Ἆκις	Ᾰ̓́κῐς	a river on the east coast of Sicily, that flowed from Etna n	1
edom	Ἐδώμ	Ἐδώμ	Edom, Esau	1
elateia	Ἐλάτεια	Ἐλάτεια	Elateia, Thessaly, Greece	1
eleusis	Ἐλευσίς	Ἐλευσίς	Eleusis	1
eliezer	Ἐλιέζερ	Ἐλιέζερ	Eliezer, mentioned in Luke's genealogy of Jesus	0
elisabet	Ἐλισάβετ	Ἐλισάβετ	Elizabeth (mother of John the Baptist)	1
elumais	Ἐλυμαΐς	Ἐλυμαΐς	Elymais (an ancient state on the Persian Gulf, in present-da	1
epeios	Ἐπειός	Ἐπειός	Epeius	1
epinomis	Ἐπινομίς	Ἐπινομίς	Epinomis (the dialogue ascribed (perhaps spuriously) to Plat	1
epiphi	Ἐπιφί	Ἐπιφί	Epeiph, the eleventh month of the Ancient Egyptian calendar,	1
erebei	Ἐρέβει	Ἔρεβος	Erebus	1
erebeos	Ἐρέβεος	Ἔρεβος	Erebus	1
erebeus	Ἐρέβευς	Ἔρεβος	Erebus	1
erebous	Ἐρέβους	Ἔρεβος	Erebus	1
erinues	Ἐρινύες	Ἐρῑνῡ́ς	an Erinys (one of the Erinyes)	1
erinus	Ἐρινύς	Ἐρινύς	an Erinys (one of the Erinyes)	1
esther	Ἐσθήρ	Ἐσθήρ	Esther	0
ephraim	Ἐφραΐμ	Ἐφραίμ	Ephraim, son of Joseph	0
ekate	Ἑκάτη	Ἑκάτη	Hecate	1
elike	Ἑλίκη	Ἑλίκη	Helike (a nymph)	1
ellada	Ἑλλάδα	Ἑλλᾰ́ς	various areas in Greece, such as the region surrounding Dodo	1
elladi	Ἑλλάδι	Ἑλλᾰ́ς	various areas in Greece, such as the region surrounding Dodo	1
ellados	Ἑλλάδος	Ἑλλᾰ́ς	various areas in Greece, such as the region surrounding Dodo	1
ellas	Ἑλλάς	Ἑλλάς	various areas in Greece, such as the region surrounding Dodo	1
enokh	Ἑνώχ	Ἑνώχ	Enoch (first son of Cain)	1
ermeias	Ἑρμείας	Ἑρμῆς	Hermes	1
ermou	Ἑρμοῦ	Ἑρμῆς	Hermes	1
ermes	Ἑρμῆς	Ἑρμῆς	Hermes	1
esperis	Ἑσπερίς	Ἑσπερίς	one of the Hesperides	1
edessa	Ἔδεσσα	Ἔδεσσα	Edessa (a city in Greece)	1
empousa	Ἔμπουσα	Ἔμπουσα	Empusa, a kind of shape-shifting spectre said to be sent by 	1
erebos	Ἔρεβος	Ἔρεβος	Erebus	1
erin	Ἔριν	Ἔρῐς	Eris	0
eros	Ἔρως	Ἔρως	Eros	0
esdras	Ἔσδρας	Ἔσδρας	Ezra	1
ephesos	Ἔφεσος	Ἔφεσος	Ephesus (an ancient Ionian city in western Anatolia, near Se	1
ektor	Ἕκτορ	Ἕκτωρ	Hector	1
ektora	Ἕκτορα	Ἕκτωρ	Hector	1
ektori	Ἕκτορι	Ἕκτωρ	Hector	1
ektoros	Ἕκτορος	Ἕκτωρ	Hector	1
elle	Ἕλλη	Ἕλλη	Helle	0
ellen	Ἕλλην	Ἕλλην	Hellen, the mythical patriarch of the Greeks	0
eos	Ἕως	Ἠώς	the goddess Eos	0
eelios	Ἠέλιος	Ἥλῐος	Helios	1
elektra	Ἠλέκτρα	Ἠλέκτρα	a female given name, equivalent to English Electra	0
eli	Ἠλί	Ἠλί	Eli, a given name, most famously held by the high priest of 	0
elias	Ἠλίας	Ἠλίας	a male given name from Hebrew, equivalent to English Elias o	0
elusion	Ἠλύσιον	Ἠλύσιον	Elysium	1
erigone	Ἠριγόνη	Ἠριγόνη	Erigone (daughter of Aegisthus)	1
eli	Ἡλί	Ἠλῑ́	Eli, a given name, most famously held by the high priest of 	0
elias	Ἡλίας	Ἠλίᾱς	a male given name from Hebrew, equivalent to English Elias o	0
eliou	Ἡλίου	Ἥλῐος	Helios	1
elio	Ἡλίῳ	Ἥλῐος	Helios	1
erous	Ἡροῦς	Ἡρώ	a female given name	1
ero	Ἡρώ	Ἡρώ	a female given name	1
erodes	Ἡρώδης	Ἡρῴδης	Herod, the name of a number of members of the Herodian dynas	1
erode	Ἡρῴδη	Ἡρῴδης	Herod, the name of a number of members of the Herodian dynas	1
eroden	Ἡρῴδην	Ἡρῴδης	Herod, the name of a number of members of the Herodian dynas	1
erodou	Ἡρῴδου	Ἡρῴδης	Herod, the name of a number of members of the Herodian dynas	1
esiode	Ἡσίοδε	Ἡσῐ́οδος	a male given name, Hesiod	1
esiodon	Ἡσίοδον	Ἡσῐ́οδος	a male given name, Hesiod	1
esiodos	Ἡσίοδος	Ἡσίοδος	a male given name, Hesiod	1
esau	Ἡσαῦ	Ἡσαῦ	Esau	1
esiodou	Ἡσιόδου	Ἡσῐ́οδος	a male given name, Hesiod	1
esiodo	Ἡσιόδῳ	Ἡσῐ́οδος	a male given name, Hesiod	1
ephaisto	Ἡφαίστῳ	Ἥφαιστος	Hephaestus	1
eli	Ἤλι	Ἦλῐς	Elis, Greece	0
elios	Ἤλιος	Ἦλῐς	Elis, Greece	1
epeiros	Ἤπειρος	Ἤπειρος	Epirus (a historical region and ancient kingdom in Southeast	1
elie	Ἥλιε	Ἥλῐος	Helios	1
elion	Ἥλιον	Ἥλῐος	Helios	1
elios	Ἥλιος	Ἥλιος	Helios	1
era	Ἥρα	Ἥρα	Hera	0
eras	Ἥρας	Ἥρα	Hera	0
ere	Ἥρη	Ἥρᾱ	Hera	0
iason	Ἰάσων	Ἰάσων	a male given name, equivalent to English Jason	1
iao	Ἰάω	Ἰαώ	Yahweh	1
iapetos	Ἰαπετός	Ἰαπετός	Iapetus	1
iberia	Ἰβηρία	Ἰβηρία	Iberia, Iberian Peninsula, Hispania (a peninsula and region 	1
idaios	Ἰδαῖος	Ἰδαῖος	Idaeus (son of Dares Phrygius and charioteer of Priam during	1
idomeneu	Ἰδομενεῦ	Ῑ̓δομενεύς	a male given name	1
idomenea	Ἰδομενῆα	Ῑ̓δομενεύς	a male given name	1
idoumaia	Ἰδουμαία	Ἰδουμαία	Edom (or Idumea), a region south of the Dead Sea	1
iezekiel	Ἰεζεκιήλ	Ἰεζεκιήλ	Ezekiel (a book of the Old Testament of the Bible)	1
ierikho	Ἰεριχώ	Ἰεριχώ	Jericho	1
iessai	Ἰεσσαί	Ἰεσσαί	Jesse	1
iesoi	Ἰησοῖ	Ῐ̓ησοῦς	Jesus, Jeshua, Yeshua	1
iesou	Ἰησοῦ	Ῐ̓ησοῦς	Jesus, Jeshua, Yeshua	1
iesoun	Ἰησοῦν	Ῐ̓ησοῦς	Jesus, Jeshua, Yeshua	1
iesous	Ἰησοῦς	Ἰησοῦς	Jesus, Jeshua, Yeshua	1
ithake	Ἰθάκη	Ἰθάκη	Ithaca	1
ithaken	Ἰθάκην	Ἰθάκη	Ithaca	1
ithakes	Ἰθάκης	Ἰθάκη	Ithaca	1
ikonion	Ἰκόνιον	Ἰκόνιον	Konya (a city in Turkey), the ancient Iconium	1
ilias	Ἰλιάς	Ἰλιάς	the Iliad (an Ancient Greek epic poem, ascribed to Homer, wh	1
india	Ἰνδία	Ἰνδία	India (a region of South Asia, traditionally delimited by th	0
iordanes	Ἰορδάνης	Ἰορδάνης	Jordan (a river in West Asia in the Middle East, that emptie	1
iouda	Ἰουδά	Ἰούδᾱς	Judah, one of the Hebrew patriarchs	1
ioudas	Ἰούδας	Ἰούδας	Judah, one of the Hebrew patriarchs	1
isidoros	Ἰσίδωρος	Ἰσίδωρος	a male given name, equivalent to English Isidore	1
ismael	Ἰσμαήλ	Ἰσμαήλ	Ishmael	1
israel	Ἰσραήλ	Ἰσραήλ	Israel (a name given to the Jewish patriarch Jacob)	0
italia	Ἰταλία	Ἰταλία	southernmost Italy, roughly corresponding to modern Calabria	1
italian	Ἰταλίαν	Ἰταλία	southernmost Italy, roughly corresponding to modern Calabria	1
italias	Ἰταλίας	Ἰταλία	southernmost Italy, roughly corresponding to modern Calabria	1
ioanna	Ἰωάννα	Ἰωάννα	a female given name from Hebrew, equivalent to English Joann	1
ioannan	Ἰωάνναν	Ῐ̓ωᾰ́ννᾱ	a female given name from Hebrew, equivalent to English Joann	1
ioannas	Ἰωάννας	Ῐ̓ωᾰ́ννᾱ	a female given name from Hebrew, equivalent to English Joann	1
ioanna	Ἰωάννᾳ	Ῐ̓ωᾰ́ννᾱ	a female given name from Hebrew, equivalent to English Joann	1
ionia	Ἰωνία	Ἰωνία	Ionia	1
ionian	Ἰωνίαν	Ἰωνίᾱ	Ionia	1
ionias	Ἰωνίας	Ἰωνίᾱ	Ionia	1
ierikho	Ἱεριχώ	Ἰερῑχώ	Jericho	1
ippolute	Ἱππολύτη	Ἱππολύτη	Hippolyte or Hippolyta	1
ire	Ἱρή	Ἱρή	Hire (a city in Messenia, Greece)	0
istiaios	Ἱστιαῖος	Ἱστιαῖος	Histiaeus	1
iamos	Ἴαμος	Ἴαμος	Iamus	1
ide	Ἴδη	Ἴδη	Mount Ida	1
iden	Ἴδην	Ῑ̓́δη	Mount Ida	1
ides	Ἴδης	Ῑ̓́δη	Mount Ida	1
ide	Ἴδῃ	Ῑ̓́δη	Mount Ida	1
ios	Ἴος	Ἴος	Ios, Cyclades, Greece	0
ipsos	Ἴψος	Ἴψος	Ipsus, Phrygia, Turkey	0
ion	Ἴων	Ἴων	Ion, the mythological ancestor of the Ionian people	0
iris	Ἶρις	Ἶρις	Iris	0
isis	Ἶσις	Ἶσις	Isis	1
odusseia	Ὀδυσσεία	Ὀδῠ́σσειᾰ	theOdyssey (an Ancient Greek epic poem, ascribed to Homer, w	1
odusseia	Ὀδύσσεια	Ὀδύσσεια	theOdyssey (an Ancient Greek epic poem, ascribed to Homer, w	1
olumpia	Ὀλυμπία	Ὀλυμπία	Olympia	1
olumpias	Ὀλυμπιάς	Ὀλυμπιάς	the Olympiad	1
olumpia	Ὀλύμπια	Ὀλύμπια	the ancient Olympic Games	1
olumpoio	Ὀλύμποιο	Ὄλῠμπος	Olympus (a mountain in Greece)	1
olumpou	Ὀλύμπου	Ὄλῠμπος	Olympus (a mountain in Greece)	1
olumpo	Ὀλύμπῳ	Ὄλῠμπος	Olympus (a mountain in Greece)	1
olunthou	Ὀλύνθου	Ὄλυνθος	Olynthus	1
oluntho	Ὀλύνθῳ	Ὄλυνθος	Olynthus	1
oresteia	Ὀρέστεια	Ὀρέστεια	Oresteia (a trilogy of Greek tragedies written by Aeschylus 	1
orestes	Ὀρέστης	Ὀρέστης	Orestes	1
orestis	Ὀρεστίς	Ὀρεστίς	Orestis (an ancient district of Macedonia, in modern Greece)	1
oresteia	Ὀρεστεία	Ὀρεστεία	Orestes, an ancient Greek tragedy play	1
orpheus	Ὀρφεύς	Ὀρφεύς	Orpheus	0
oasis	Ὄασις	Ὄασις	any one of the cities in the Libyan Desert	0
othon	Ὄθων	Ὄθων	Otho	1
olumpe	Ὄλυμπε	Ὄλῠμπος	Olympus (a mountain in Greece)	1
olumpon	Ὄλυμπον	Ὄλῠμπος	Olympus (a mountain in Greece)	1
olumpos	Ὄλυμπος	Ὄλυμπος	Olympus (a mountain in Greece)	1
olunthon	Ὄλυνθον	Ὄλυνθος	Olynthus	1
olunthos	Ὄλυνθος	Ὄλυνθος	Olynthus	1
uakinthe	Ὑάκινθε	Ὑάκινθος	Hyacinthus	1
uakinthe	Ὑακίνθη	Ὑακίνθη	Hyacinth as a woman's name	1
uakintho	Ὑακίνθῳ	Ὑάκινθος	Hyacinthus	1
udaspes	Ὑδάσπης	Ὑδάσπης	Hydaspes, Jhelum (a river in Pakistan and India)	1
udrous	Ὑδροῦς	Ὑδροῦς	Hydruntum, Otranto (a city in southeastern Italy)	1
umettos	Ὑμηττός	Ὑμηττός	Hymettus, an important mountain of Attica famous for its hon	1
urkania	Ὑρκανία	Ὑρκανία	Hyrcania	1
upsipule	Ὑψιπύλη	Ὑψιπύλη	Hypsipyle (Lemnian queen)	1
ubla	Ὕβλα	Ὕβλα	A mother goddess of the Earth and fertility, venerated in Si	1
uble	Ὕβλη	Ὕβλᾱ	A mother goddess of the Earth and fertility, venerated in Si	1
ublon	Ὕβλων	Ὕβλων	A Siculian chief of south-eastern Sicily, who founded the Hy	1
ula	Ὕλα	Ὕλας	Hylas	0
upne	Ὕπνε	Ὕπνος	Hypnos, the Greek mythological god of sleep	1
upnon	Ὕπνον	Ὕπνος	Hypnos, the Greek mythological god of sleep	1
upnos	Ὕπνος	Ὕπνος	Hypnos, the Greek mythological god of sleep	1
upnou	Ὕπνου	Ὕπνος	Hypnos, the Greek mythological god of sleep	1
upno	Ὕπνῳ	Ὕπνος	Hypnos, the Greek mythological god of sleep	1
okeanis	Ὠκεανίς	Ὠκεανίς	a daughter of Oceanus	1
okeanoio	Ὠκεανοῖο	Ὠκεᾰνός	Oceanus, a Greek water god usually said to be a Titan, one o	1
okeanou	Ὠκεανοῦ	Ὠκεᾰνός	Oceanus, a Greek water god usually said to be a Titan, one o	1
okeanos	Ὠκεανός	Ὠκεανός	Oceanus, a Greek water god usually said to be a Titan, one o	1
orion	Ὠρίων	Ὠρίων	Orion	1
oriona	Ὠρίωνα	Ὠρῑ́ων	Orion	1
oron	Ὡρῶν	Ὥρᾱ	one of the Horae or Hours in Greek mythology	1
oxou	Ὤξου	Ὦξος	Oxus (a major river in Central Asia	1
oxo	Ὤξῳ	Ὦξος	Oxus (a major river in Central Asia	1
ora	Ὥρα	Ὥρα	one of the Horae or Hours in Greek mythology	1
orain	Ὥραιν	Ὥρᾱ	one of the Horae or Hours in Greek mythology	1
orais	Ὥραις	Ὥρᾱ	one of the Horae or Hours in Greek mythology	1
oran	Ὥραν	Ὥρᾱ	one of the Horae or Hours in Greek mythology	1
oras	Ὥρας	Ὥρᾱ	one of the Horae or Hours in Greek mythology	1
ora	Ὥρᾳ	Ὥρᾱ	one of the Horae or Hours in Greek mythology	1
oro	Ὥρῳ	Ὧρος	Horus (an Egyptian god)	0
oxe	Ὦξε	Ὦξος	Oxus (a major river in Central Asia	1
oxon	Ὦξον	Ὦξος	Oxus (a major river in Central Asia	1
oxos	Ὦξος	Ὦξος	Oxus (a major river in Central Asia	1
orai	Ὧραι	Ὥρᾱ	one of the Horae or Hours in Greek mythology	1
rea	Ῥέα	Ῥέα	Rhea	1
rean	Ῥέαν	Ῥέᾱ	Rhea	1
reas	Ῥέας	Ῥέᾱ	Rhea	1
rea	Ῥέᾳ	Ῥέᾱ	Rhea	1
region	Ῥήγιον	Ῥήγιον	Rhegium, Magna Graecia	0
rene	Ῥήνη	Ῥήνη	either of two nymphs	1
renes	Ῥήνης	Ῥήνη	either of two nymphs	1
rion	Ῥίον	Ῥίον	Rhium	0
ripe	Ῥίπη	Ῥίπη	Rhipe, Arcadia, Greece	0
ramesses	Ῥαμέσσης	Ῥαμέσσης	Name of several pharaohs of 19th and 20th dynasty of Ancient	1
rebekka	Ῥεβέκκα	Ῥεβέκκα	Rebekah	1
romania	Ῥωμανία	Ῥωμανία	Roman Empire (an ancient empire based out of the city of Rom	0
roxane	Ῥωξάνη	Ῥωξάνη	Roxana (wife of Cambyses II)	1
rode	Ῥόδη	Ῥόδη	Rhoda	0
rodos	Ῥόδος	Ῥόδος	Rhodes, Dodecanese, Greece	1
rome	Ῥώμη	Ῥώμη	Rome (a major city in Italy)	0
